{"prev_hash": "0000000000000000000000000000000000000000000000000000000000000000", "data": {"tx_id": "TXN-F5094717", "student_id": "STU97907", "amount": 329000.0, "channel": "Wallet", "timestamp": "2026-05-08T11:44:13.060738"}}
{"prev_hash": "51c4ed1ac15d59de5d7117cf65e34277af794ddc6cb520b1c5b8da0578c8d989", "data": {"tx_id": "TXN-D22B06B9", "student_id": "STU86171", "amount": 258000.0, "channel": "Bank", "timestamp": "2026-05-10T13:05:13.060738"}}
{"prev_hash": "2776e642efff77ecd45773105574d55620358256bff7eabb2d8627bdb2e48576", "data": {"tx_id": "TXN-1E4D08AE", "student_id": "STU72961", "amount": 128000.0, "channel": "Bank", "timestamp": "2026-05-08T19:22:13.060738"}}
{"prev_hash": "8cd7ebecf11da79cd96fd02462462f00c1728efc53e663242707bac2b37c79ab", "data": {"tx_id": "TXN-CAF8ECCB", "student_id": "STU21154", "amount": 402000.0, "channel": "Bank", "timestamp": "2026-05-09T19:40:13.060738"}}
{"prev_hash": "74611fb3d2b32b931ae1e58164c35d3d9e0d1d740283a96e03a58c5aa7990841", "data": {"tx_id": "TXN-E53891CD", "student_id": "STU69215", "amount": 95000.0, "channel": "Wallet", "timestamp": "2026-05-10T12:26:13.060738"}}
{"prev_hash": "8ea16ad3ec88dc0a657027fdffb8e01a90347dd52f99bd853416ef4939631e88", "data": {"tx_id": "TXN-6158A7CC", "student_id": "STU26059", "amount": 77000.0, "channel": "Bank", "timestamp": "2026-05-11T09:43:13.060738"}}
{"prev_hash": "f529c51672d3c3c369f7e6d0356e4dd80406c96e0e175c61698952814d7a06bd", "data": {"tx_id": "TXN-AAA09F8A", "student_id": "STU43477", "amount": 226000.0, "channel": "Wallet", "timestamp": "2026-05-10T06:13:13.060738"}}
{"prev_hash": "6bc7ff2883393a614d7ed177aee57555d8fe45daefc27f19152fa1b3d6fe8dc4", "data": {"tx_id": "TXN-B320CF36", "student_id": "STU97889", "amount": 469000.0, "channel": "Bank", "timestamp": "2026-05-08T21:04:13.060738"}}
{"prev_hash": "9e276efd8060a06a22766661d79d0eafc93b75e461a7aa6f4cad0f7c012e6c5d", "data": {"tx_id": "TXN-C71C2A96", "student_id": "STU48904", "amount": 446000.0, "channel": "Wallet", "timestamp": "2026-05-06T17:06:13.060738"}}
{"prev_hash": "642dd1d40023b901830e0ff822c3b4057d58990c81c4a1cfa21ae76a372e6e3b", "data": {"tx_id": "TXN-13F32EF6", "student_id": "STU97259", "amount": 79000.0, "channel": "Bank", "timestamp": "2026-05-07T15:09:13.060738"}}
{"prev_hash": "cd22df25305138ccd1a2244e925a4b9379d3b6c13a5ccf8d9caa9c351ec53a28", "data": {"tx_id": "TXN-25DB6446", "student_id": "STU34331", "amount": 403000.0, "channel": "Wallet", "timestamp": "2026-05-07T02:42:13.060738"}}
{"prev_hash": "81d02901fcadfce546baa09cbf650baed2a10e3e670e88fbec0398a855a00fa8", "data": {"tx_id": "TXN-39880975", "student_id": "STU77589", "amount": 238000.0, "channel": "Bank", "timestamp": "2026-05-07T15:29:13.060738"}}
{"prev_hash": "d244cde465ea83b5598c8a6cc7f3297778c3794662a2423f9cc25276d303ffe3", "data": {"tx_id": "TXN-A996B258", "student_id": "STU83265", "amount": 336000.0, "channel": "Wallet", "timestamp": "2026-05-06T09:11:13.060738"}}
{"prev_hash": "e5afe81f8d07f19847e4a87542a27844056f093be780cd87ab04255b7a1ae994", "data": {"tx_id": "TXN-9CDD340A", "student_id": "STU59463", "amount": 209000.0, "channel": "Bank", "timestamp": "2026-05-07T06:59:13.060738"}}
{"prev_hash": "096bab14445d2967283218e1dc3db813e0a1e44217bd83cb7ebd4a64d9c1f7bf", "data": {"tx_id": "TXN-47F607E4", "student_id": "STU92816", "amount": 185000.0, "channel": "Wallet", "timestamp": "2026-05-08T08:31:13.060738"}}
{"prev_hash": "ff5498ffb0198daf4d612a965e12cbe052579c42722fda57e14d9e51329f0a33", "data": {"tx_id": "TXN-B2CC660A", "student_id": "STU91949", "amount": 310000.0, "channel": "Bank", "timestamp": "2026-05-11T03:16:13.060738"}}
{"prev_hash": "6f3b011b4b49ce9a0f65058a74c90425195e618c6c60168beea96b778d574e78", "data": {"tx_id": "TXN-F83E9858", "student_id": "STU85320", "amount": 369000.0, "channel": "Bank", "timestamp": "2026-05-11T08:56:13.060738"}}
{"prev_hash": "e9f4402861637d7a4feeea5caff7172a1b23d35812b343588fab91102b2fac66", "data": {"tx_id": "TXN-27DEF30C", "student_id": "STU94158", "amount": 133000.0, "channel": "Wallet", "timestamp": "2026-05-06T17:58:13.060738"}}
{"prev_hash": "5a21df7581bf25d1bb1140e33e89589ec216a9bd7caa02124f10d811dfd7c4ae", "data": {"tx_id": "TXN-4E2B3F09", "student_id": "STU85488", "amount": 321000.0, "channel": "Wallet", "timestamp": "2026-05-05T22:56:13.060738"}}
{"prev_hash": "1cfd9104a7ece8426a4f697ad0c050d6de00d5989a6021d4774f5ff62566a450", "data": {"tx_id": "TXN-A8725CA9", "student_id": "STU60063", "amount": 94000.0, "channel": "Wallet", "timestamp": "2026-05-05T05:31:13.060738"}}
{"prev_hash": "94412c2a77fe85dd28dd234b32bfb6d734c6b2d72967e7096be1f128724d6ef9", "data": {"tx_id": "TXN-5198F530", "student_id": "STU40896", "amount": 249000.0, "channel": "Wallet", "timestamp": "2026-05-06T00:20:13.060738"}}
{"prev_hash": "95976d15fb3fadf5a705c44e1f5ac82ce32ccccfe30e65cf0a681d7db6b853b4", "data": {"tx_id": "TXN-4C303C24", "student_id": "STU22821", "amount": 392000.0, "channel": "Bank", "timestamp": "2026-05-07T11:05:13.060738"}}
{"prev_hash": "1bc8a951e52ddbe51a5ba9dcec760cddab311c49f10310cab8cc2790ea59097a", "data": {"tx_id": "TXN-208C66A3", "student_id": "STU99226", "amount": 363000.0, "channel": "Bank", "timestamp": "2026-05-08T01:08:13.060738"}}
{"prev_hash": "b6d2f452c87fad8511c3b0deab16e09747ca90b303d1b4920f201234663378c1", "data": {"tx_id": "TXN-1BA3608B", "student_id": "STU28199", "amount": 434000.0, "channel": "Bank", "timestamp": "2026-05-08T22:57:13.060738"}}
{"prev_hash": "da636c0de4f9276f8f540c8626ffcfd3ab953beac1bbb223dde4295dabd9f3c8", "data": {"tx_id": "TXN-E08A0BD5", "student_id": "STU67608", "amount": 186000.0, "channel": "Wallet", "timestamp": "2026-05-11T02:19:13.060738"}}
{"prev_hash": "cc4717ba1c31e4fe94c77026008ce856d8d39331c1ad94fe850e4c248fc7c3d5", "data": {"tx_id": "TXN-B919049B", "student_id": "STU86418", "amount": 146000.0, "channel": "Bank", "timestamp": "2026-05-05T18:07:13.060738"}}
{"prev_hash": "2604357dd8a78ae7ff7e611580fcc3a4780a65ac2618c4f80ee15a9d929c7c98", "data": {"tx_id": "TXN-40B81B78", "student_id": "STU35348", "amount": 397000.0, "channel": "Bank", "timestamp": "2026-05-07T03:21:13.060738"}}
{"prev_hash": "0a2f4bf694a17e10398bc2e764d504329c359d406b93730282d770269fc05244", "data": {"tx_id": "TXN-A97F75A2", "student_id": "STU47390", "amount": 228000.0, "channel": "Wallet", "timestamp": "2026-05-05T19:27:13.060738"}}
{"prev_hash": "db72b479905ea0679fade289b88ba6aca28324a3d861076a15f6952dd5260583", "data": {"tx_id": "TXN-7A99C1DD", "student_id": "STU30132", "amount": 335000.0, "channel": "Wallet", "timestamp": "2026-05-09T18:48:13.060738"}}
{"prev_hash": "48bf97ed70ffbcc6f0e9d3c3ad76677d5820329be41d1cdecebb237b5baf0ea7", "data": {"tx_id": "TXN-AF959D95", "student_id": "STU61628", "amount": 190000.0, "channel": "Bank", "timestamp": "2026-05-07T09:39:13.060738"}}
{"prev_hash": "47c72450bfe6cf2a81136153db7dc2aed1377c3f78387ba2951729810d45e46b", "data": {"tx_id": "TXN-D43FA59E", "student_id": "STU87063", "amount": 226000.0, "channel": "Bank", "timestamp": "2026-05-10T19:52:13.060738"}}
{"prev_hash": "732d761e0b5405a57848c8c180b2b77c4458c1b24ed452d1b37c92bc868fcd02", "data": {"tx_id": "TXN-B89ECF48", "student_id": "STU45305", "amount": 72000.0, "channel": "Wallet", "timestamp": "2026-05-08T13:28:13.060738"}}
{"prev_hash": "340b2c462885b712aae9c9956aa8cd1e5ca6fc86e8ab3ec13a24da8b6da5dbcb", "data": {"tx_id": "TXN-60203052", "student_id": "STU39793", "amount": 73000.0, "channel": "Wallet", "timestamp": "2026-05-08T12:40:13.060738"}}
{"prev_hash": "c79278c5e4bdb557b51ef8ca293a997996ce9b65644fc8097f77de7224983921", "data": {"tx_id": "TXN-99F74482", "student_id": "STU84946", "amount": 215000.0, "channel": "Bank", "timestamp": "2026-05-05T10:44:13.060738"}}
{"prev_hash": "cdc6741f1881405d27f064d943a84380e84d26aaa3158d30f5dbd6e7c35e38ff", "data": {"tx_id": "TXN-8A1956FE", "student_id": "STU90438", "amount": 412000.0, "channel": "Wallet", "timestamp": "2026-05-10T09:34:13.060738"}}
{"prev_hash": "ed6da90a70669cff24a8eba75a297607f1c0981e21d957e66133c888612da8e5", "data": {"tx_id": "TXN-6AA43AF6", "student_id": "STU38109", "amount": 435000.0, "channel": "Bank", "timestamp": "2026-05-11T07:16:13.060738"}}
{"prev_hash": "41ecb5dde9db37e6ba1d198972a48bdb5a223157b39fc183b499e2775ba91e13", "data": {"tx_id": "TXN-A79FABA4", "student_id": "STU69374", "amount": 402000.0, "channel": "Bank", "timestamp": "2026-05-06T22:41:13.060738"}}
{"prev_hash": "577bca1c7ba773f5eda619dd5d1c25eafa3da914145deab331ed13c796c42b79", "data": {"tx_id": "TXN-0688C3FC", "student_id": "STU23495", "amount": 456000.0, "channel": "Bank", "timestamp": "2026-05-07T06:14:13.060738"}}
{"prev_hash": "623060ffd7a845df52482b939d6234631d413561843b99c174f74e19424b4f83", "data": {"tx_id": "TXN-005C824D", "student_id": "STU70360", "amount": 105000.0, "channel": "Wallet", "timestamp": "2026-05-07T11:55:13.060738"}}
{"prev_hash": "77111a18bbfd6d0d083fbd560fbfda12a25cd2062cdd17ccce3db1d81f37fc59", "data": {"tx_id": "TXN-F75ECC3A", "student_id": "STU69809", "amount": 134000.0, "channel": "Bank", "timestamp": "2026-05-07T20:18:13.060738"}}
{"prev_hash": "182a6e222ee32e6f44174dc38122923a8d5d1d8f2366b0a36f3106e2f0d48f61", "data": {"tx_id": "TXN-11896A80", "student_id": "STU81252", "amount": 227000.0, "channel": "Bank", "timestamp": "2026-05-05T06:15:13.060738"}}
{"prev_hash": "2791109be27f7fe5122b2179538011664a19fe33928bf3bf3f51c874961e0e9b", "data": {"tx_id": "TXN-4498577F", "student_id": "STU66010", "amount": 61000.0, "channel": "Bank", "timestamp": "2026-05-06T16:38:13.060738"}}
{"prev_hash": "6a5724d9792f10981a1bc68c5d15fa583ca88dd7b06feaf0753ec9cf6e82be1f", "data": {"tx_id": "TXN-A3D6D49C", "student_id": "STU98711", "amount": 473000.0, "channel": "Bank", "timestamp": "2026-05-05T11:01:13.060738"}}
{"prev_hash": "c87c2dbd8aad8f24c0a061f2a5f29f3fdc709dc7de79c83ae42b3dde7ae78372", "data": {"tx_id": "TXN-FF29A7A1", "student_id": "STU54235", "amount": 103000.0, "channel": "Bank", "timestamp": "2026-05-08T05:39:13.060738"}}
{"prev_hash": "432d28c9384b58e16e6b6ec81db98bf07bff47882d603934bbb250dc3451e02a", "data": {"tx_id": "TXN-CBD0F4EF", "student_id": "STU29013", "amount": 272000.0, "channel": "Bank", "timestamp": "2026-05-09T17:45:13.060738"}}
{"prev_hash": "823ce280ee70bd8c55efe3de6a9484659b8e1d3321e180efe20f356f9fcf5db2", "data": {"tx_id": "TXN-4270CA11", "student_id": "STU88256", "amount": 428000.0, "channel": "Bank", "timestamp": "2026-05-10T13:58:13.060738"}}
{"prev_hash": "deffdfb44e27e1a436c4d45e15136b141c01671c48b24f6bbd645b874c138035", "data": {"tx_id": "TXN-D86D3932", "student_id": "STU16795", "amount": 58000.0, "channel": "Wallet", "timestamp": "2026-05-09T16:57:13.060738"}}
{"prev_hash": "4d14d86ddb829bc661d96a442e0c539c1055add7c461f9594c15bc38f0797dcb", "data": {"tx_id": "TXN-68C80DD3", "student_id": "STU37843", "amount": 90000.0, "channel": "Bank", "timestamp": "2026-05-08T13:05:13.060738"}}
{"prev_hash": "a0dfc27329fe03c23b856991c3ea2a6a70d3e18b10329b56039f5c62614e758d", "data": {"tx_id": "TXN-9AC49F4C", "student_id": "STU26338", "amount": 298000.0, "channel": "Wallet", "timestamp": "2026-05-10T19:10:13.060738"}}
{"prev_hash": "1f884dfab014179d1fed0911b7152d7fd7ee022f71f30c7ebd1db3cfe06066d0", "data": {"tx_id": "TXN-D72D7247", "student_id": "STU60700", "amount": 63000.0, "channel": "Bank", "timestamp": "2026-05-07T14:59:13.060738"}}
{"prev_hash": "287924262718432ce78783f9107f01473fc0a3e24613041f4ca3dd71ac274cc9", "data": {"tx_id": "TXN-F28E1822", "student_id": "STU28765", "amount": 273000.0, "channel": "Bank", "timestamp": "2026-05-06T07:58:13.060738"}}
{"prev_hash": "f2be2a8cfdf31220f39a4913e45cf6f285253bc9b5b1167cbdc4e405b0dcf539", "data": {"tx_id": "TXN-2BFE9537", "student_id": "STU64193", "amount": 176000.0, "channel": "Bank", "timestamp": "2026-05-11T08:53:13.060738"}}
{"prev_hash": "a2f58cf4ad134b87f50b5bad2c8b399aaeb78b1bc274bb487f72429b83756648", "data": {"tx_id": "TXN-738140F5", "student_id": "STU81067", "amount": 187000.0, "channel": "Wallet", "timestamp": "2026-05-07T04:45:13.060738"}}
{"prev_hash": "838494056788287903b520ec654208d6fcc279475f21e460f1eed0518677b2c3", "data": {"tx_id": "TXN-38D15E2E", "student_id": "STU81077", "amount": 422000.0, "channel": "Wallet", "timestamp": "2026-05-09T20:23:13.060738"}}
{"prev_hash": "172dcda54dbf025b485d072e1d8ee048fb0495df9f958df3e880ec7080e8056e", "data": {"tx_id": "TXN-292C4442", "student_id": "STU83684", "amount": 413000.0, "channel": "Wallet", "timestamp": "2026-05-09T02:09:13.060738"}}
{"prev_hash": "83aa4a85bf568511fb4b0c2ffd8418096ee1adea4af9ea21ebf662f7aa5d3928", "data": {"tx_id": "TXN-AECE9882", "student_id": "STU99580", "amount": 351000.0, "channel": "Bank", "timestamp": "2026-05-07T19:56:13.060738"}}
{"prev_hash": "a06b9b0db97d9b0071e4f8852da9896d4b59d4631e2b3f2b91740c030521cf8e", "data": {"tx_id": "TXN-9A19EB8E", "student_id": "STU60881", "amount": 476000.0, "channel": "Bank", "timestamp": "2026-05-08T14:04:13.060738"}}
{"prev_hash": "ff22e13c0a26114ad9a1e860096daf7d62a340c9cdd8f51d2d2c0f62d3dff55d", "data": {"tx_id": "TXN-DE044C9F", "student_id": "STU18541", "amount": 453000.0, "channel": "Bank", "timestamp": "2026-05-07T06:14:13.060738"}}
{"prev_hash": "46d42d2854f208f35e700361de15008b924ac98e8a07e42759a85785aa50658c", "data": {"tx_id": "TXN-3699CC24", "student_id": "STU58987", "amount": 272000.0, "channel": "Wallet", "timestamp": "2026-05-11T04:11:13.060738"}}
{"prev_hash": "a0ec29f61c5a9ed298499bd21d2e1aa0112eb3a5c7a561d70d44b972a4b22515", "data": {"tx_id": "TXN-B22AC40E", "student_id": "STU15968", "amount": 484000.0, "channel": "Bank", "timestamp": "2026-05-10T09:04:13.060738"}}
{"prev_hash": "9000cfb2a891b17e136e96bd5ce16183d6186cc7fc1f18e6b836747acb7769db", "data": {"tx_id": "TXN-EB4A0FF2", "student_id": "STU43736", "amount": 150000.0, "channel": "Wallet", "timestamp": "2026-05-11T06:38:13.060738"}}
{"prev_hash": "fbfa72990ed3d8d14b0e6b680b629906bb2ba4a09d0b7207d3fdd06429fceed4", "data": {"tx_id": "TXN-47DD9DCE", "student_id": "STU50185", "amount": 430000.0, "channel": "Wallet", "timestamp": "2026-05-10T21:59:13.060738"}}
{"prev_hash": "dbb417030df43198622268afc895d60fdbeb0e5a1b405a20901ea1636f9e0891", "data": {"tx_id": "TXN-931A590A", "student_id": "STU81211", "amount": 430000.0, "channel": "Wallet", "timestamp": "2026-05-07T01:47:13.060738"}}
{"prev_hash": "6b9146ab69b7920045a2fbdc0e5634bddaf68875c5263532f45d2367ca8fcc3d", "data": {"tx_id": "TXN-219D3E18", "student_id": "STU68156", "amount": 491000.0, "channel": "Bank", "timestamp": "2026-05-10T21:56:13.060738"}}
{"prev_hash": "5b0f96d311ea294f242d2a62444d4500280a63dafe11341d1dfb0a844a292e8e", "data": {"tx_id": "TXN-04959917", "student_id": "STU60131", "amount": 425000.0, "channel": "Wallet", "timestamp": "2026-05-06T20:21:13.060738"}}
{"prev_hash": "fd8d541ac7699bf9fbe63297b379e088f87932701213eafc041fdcb4842da055", "data": {"tx_id": "TXN-EAEDC56F", "student_id": "STU17645", "amount": 182000.0, "channel": "Bank", "timestamp": "2026-05-07T03:24:13.060738"}}
{"prev_hash": "bfae316d3a31b36158f88e2536169c8830713230a0498ff585f4d51fc3fa3da9", "data": {"tx_id": "TXN-DC11507C", "student_id": "STU23664", "amount": 255000.0, "channel": "Wallet", "timestamp": "2026-05-09T20:02:13.060738"}}
{"prev_hash": "2aff463b28122773c40000cb32274723341ce804b00e3d70e7b370a5c60e55fe", "data": {"tx_id": "TXN-37623AE7", "student_id": "STU12323", "amount": 416000.0, "channel": "Bank", "timestamp": "2026-05-09T21:11:13.060738"}}
{"prev_hash": "76d00be76e07f19a7bfbc196a962eb9c51640d70c6d6c62f91632e4540e97cbd", "data": {"tx_id": "TXN-2DBA35EB", "student_id": "STU92220", "amount": 179000.0, "channel": "Wallet", "timestamp": "2026-05-09T11:06:13.060738"}}
{"prev_hash": "c9f4e4cb9e88d04079c81befa99b6a9ec668039cb9e0adce8549b95719531be3", "data": {"tx_id": "TXN-8A5508E5", "student_id": "STU20693", "amount": 456000.0, "channel": "Bank", "timestamp": "2026-05-08T19:54:13.060738"}}
{"prev_hash": "50d7389d0b237eafb11235c0cea61b70748021d9cb1d10f7a19deeeddc732983", "data": {"tx_id": "TXN-A1F9A6FA", "student_id": "STU44955", "amount": 274000.0, "channel": "Bank", "timestamp": "2026-05-08T02:16:13.060738"}}
{"prev_hash": "06e254b1a488231c9a6a8827bdd6451a8dcb7061ad2ac85055919cc374305145", "data": {"tx_id": "TXN-34953893", "student_id": "STU19125", "amount": 165000.0, "channel": "Wallet", "timestamp": "2026-05-06T20:31:13.060738"}}
{"prev_hash": "1d72b6e6205189f439a1765b45ab7e835f1dd68ebe68fd66055e1a12a81bbe09", "data": {"tx_id": "TXN-CC85BC64", "student_id": "STU92310", "amount": 336000.0, "channel": "Bank", "timestamp": "2026-05-09T13:27:13.060738"}}
{"prev_hash": "05773aaaeafe98767b2c92b33674ca4085e2c1af94e6d4872730aea2f564dce7", "data": {"tx_id": "TXN-88E5D573", "student_id": "STU51496", "amount": 455000.0, "channel": "Bank", "timestamp": "2026-05-07T17:33:13.060738"}}
{"prev_hash": "058dba1dc18a5874fb5eca56d031ef7ccbead4357b7f710d6484fa31de1f4dd1", "data": {"tx_id": "TXN-B2374B5B", "student_id": "STU13959", "amount": 248000.0, "channel": "Wallet", "timestamp": "2026-05-11T07:39:13.060738"}}
{"prev_hash": "f409bf40bc758bf696c3333964c7420b43c2830038deb32afaff951a25539ba7", "data": {"tx_id": "TXN-6BB6FE50", "student_id": "STU56374", "amount": 174000.0, "channel": "Bank", "timestamp": "2026-05-08T12:12:13.060738"}}
{"prev_hash": "8643a088333b6df16b38dd11ce1b60f6501342c419acb6fe9541388e403bbffb", "data": {"tx_id": "TXN-FF66BDE8", "student_id": "STU30677", "amount": 403000.0, "channel": "Wallet", "timestamp": "2026-05-08T17:10:13.060738"}}
{"prev_hash": "d9bba5b43ac6102a8cfe9539f1ef5b219807b301a9fe1ff823df63e58e6627bf", "data": {"tx_id": "TXN-B8E68E07", "student_id": "STU14745", "amount": 282000.0, "channel": "Wallet", "timestamp": "2026-05-05T08:50:13.060738"}}
{"prev_hash": "612aedfdbeba8a1a875c4c4581ac7c76a0f14ab3ce8d48fdfe840ac1142bff0a", "data": {"tx_id": "TXN-5D95F11A", "student_id": "STU60487", "amount": 422000.0, "channel": "Bank", "timestamp": "2026-05-05T21:31:13.060738"}}
{"prev_hash": "eb9095696d20ff5c8001ad4fbdb65ee2ccd6ebf802b50dfdbf1a4ea74e820448", "data": {"tx_id": "TXN-D2D85A4E", "student_id": "STU88041", "amount": 156000.0, "channel": "Wallet", "timestamp": "2026-05-09T16:25:13.060738"}}
{"prev_hash": "5b1b97233fb07100131aaf377988bd45a57922c5a5a5997cfc9e0655c9bf03e9", "data": {"tx_id": "TXN-D3DA8613", "student_id": "STU70993", "amount": 295000.0, "channel": "Bank", "timestamp": "2026-05-11T02:54:13.060738"}}
{"prev_hash": "1c31fd6de0c2eb2ddd44d27401d907755514bded73397022ac047d37dba05a34", "data": {"tx_id": "TXN-F8C7E06D", "student_id": "STU48571", "amount": 351000.0, "channel": "Wallet", "timestamp": "2026-05-05T11:47:13.060738"}}
{"prev_hash": "4bd0a8b84f1cda1e69c896c5de5c7d8e2111c3452104fd90369301e3113f383e", "data": {"tx_id": "TXN-9EC38637", "student_id": "STU42983", "amount": 172000.0, "channel": "Wallet", "timestamp": "2026-05-09T11:32:13.060738"}}
{"prev_hash": "16b80008c5b83630cddbf3a8ad8ec9972b930aa02b416c3ad4e34d844fa23df3", "data": {"tx_id": "TXN-C5093327", "student_id": "STU93964", "amount": 203000.0, "channel": "Wallet", "timestamp": "2026-05-11T09:19:13.060738"}}
{"prev_hash": "1f770fb6c7d286556e92145cec14a435d660dda09c3a84e4f42e378719e7545e", "data": {"tx_id": "TXN-054B0D4C", "student_id": "STU31494", "amount": 184000.0, "channel": "Bank", "timestamp": "2026-05-09T09:40:13.060738"}}
{"prev_hash": "5b87f120cb97655bd655737b59dbec5dd9c08f8a5e071f42730b80ec18b26d2b", "data": {"tx_id": "TXN-EAF15940", "student_id": "STU16046", "amount": 399000.0, "channel": "Bank", "timestamp": "2026-05-11T13:27:13.060738"}}
{"prev_hash": "1b531f5562a1c4c4aec528c78d9bdbc32915b775a5b8217d98d8def741a6f87b", "data": {"tx_id": "TXN-0B92F759", "student_id": "STU65333", "amount": 251000.0, "channel": "Bank", "timestamp": "2026-05-06T19:49:13.060738"}}
{"prev_hash": "4e827eb3a228fb166182968f3201ef31f83d3783de5b6614dc21bb0e24514fb4", "data": {"tx_id": "TXN-609B54A6", "student_id": "STU88132", "amount": 323000.0, "channel": "Wallet", "timestamp": "2026-05-08T07:32:13.060738"}}
{"prev_hash": "efa830c6efc9063beec10e7575d3cef7ebe92e4369f2b91f4288b2bd1a52ee4e", "data": {"tx_id": "TXN-0ACE55E7", "student_id": "STU60506", "amount": 194000.0, "channel": "Bank", "timestamp": "2026-05-05T00:16:13.060738"}}
{"prev_hash": "086f9f8fa35ae0f149a516346937239e916bfc46d998816c6e79a3ecb71266c3", "data": {"tx_id": "TXN-8DC33164", "student_id": "STU98022", "amount": 229000.0, "channel": "Bank", "timestamp": "2026-05-05T23:10:13.060738"}}
{"prev_hash": "58fc4afc3c5a08c81fba22169577ddfdfcfffeb633b83fd4ed0704a8df74749b", "data": {"tx_id": "TXN-8AECDE9F", "student_id": "STU56621", "amount": 258000.0, "channel": "Bank", "timestamp": "2026-05-06T09:26:13.060738"}}
{"prev_hash": "8b327409a47de302ec11cdc77ec50f075b138123067d3bd5ad21ad3f70205dc7", "data": {"tx_id": "TXN-01A3000B", "student_id": "STU90377", "amount": 67000.0, "channel": "Wallet", "timestamp": "2026-05-04T22:05:13.060738"}}
{"prev_hash": "265ef5c3277da524fc3bbe0ed0a4c3c1fc268467d3ba23e5211cafc1e0d8e7db", "data": {"tx_id": "TXN-4BB4116F", "student_id": "STU89561", "amount": 71000.0, "channel": "Wallet", "timestamp": "2026-05-09T19:21:13.060738"}}
{"prev_hash": "6b2387722e213002aff59e0f91be1fce3efa9b4dfcf4fcd57db7a5e30fa03ce2", "data": {"tx_id": "TXN-2291A18C", "student_id": "STU30923", "amount": 355000.0, "channel": "Bank", "timestamp": "2026-05-06T19:17:13.060738"}}
{"prev_hash": "e6ff0f4436897283299f1da7bc66c04651855a7e7fffac5b5bb8a2f0674c0c3c", "data": {"tx_id": "TXN-4C1E8EC6", "student_id": "STU45219", "amount": 194000.0, "channel": "Bank", "timestamp": "2026-05-09T02:19:13.060738"}}
{"prev_hash": "a8581b79851d29631082ebb8198a16fd28582a12651b5772451b07785d8dea52", "data": {"tx_id": "TXN-8D0A34CA", "student_id": "STU85062", "amount": 473000.0, "channel": "Bank", "timestamp": "2026-05-07T11:34:13.060738"}}
{"prev_hash": "4d048df5b2c2da09568ed7651c91144e7c44e4ae8bddc0003d3866b2b6f02d5e", "data": {"tx_id": "TXN-D796642B", "student_id": "STU58656", "amount": 477000.0, "channel": "Bank", "timestamp": "2026-05-09T04:35:13.060738"}}
{"prev_hash": "135da6c9457bd1b3b08ce0ba50fbede95623d99ea6989cda8117608c19be9beb", "data": {"tx_id": "TXN-98344347", "student_id": "STU50374", "amount": 352000.0, "channel": "Wallet", "timestamp": "2026-05-05T22:21:13.060738"}}
{"prev_hash": "2c3ae08dd8b526581235fc8c5d6d0a353e685959ab63c039d3e97ce154aea547", "data": {"tx_id": "TXN-02D273DE", "student_id": "STU67366", "amount": 229000.0, "channel": "Bank", "timestamp": "2026-05-08T04:02:13.060738"}}
{"prev_hash": "ff21ae5783477ce2343da7f996a156f809d3c13c07827ffbe01733dda46101f4", "data": {"tx_id": "TXN-ECCC22A2", "student_id": "STU71777", "amount": 99000.0, "channel": "Wallet", "timestamp": "2026-05-09T07:04:13.060738"}}
{"prev_hash": "59db9167db6b3be02b2cb759f660079f2ee766664359d612a0584f29d1c1fd79", "data": {"tx_id": "TXN-584C2489", "student_id": "STU59950", "amount": 404000.0, "channel": "Bank", "timestamp": "2026-05-08T16:38:13.060738"}}
{"prev_hash": "44acfa639ebb5d503c1b5edabcc6d9f74f8b423d02577faaaa5825297077f66a", "data": {"tx_id": "TXN-53F00058", "student_id": "STU19052", "amount": 318000.0, "channel": "Wallet", "timestamp": "2026-05-07T08:21:13.060738"}}
{"prev_hash": "4df11d3ecd57f625b7874b1eddf6a26dcfa88e148d8600846bf020878ed88087", "data": {"tx_id": "TXN-2A9622ED", "student_id": "STU82949", "amount": 500000.0, "channel": "Wallet", "timestamp": "2026-05-10T09:48:13.060738"}}
{"prev_hash": "c9583781cdb4048a2059d6b29392d77f8f2cc9f8cb907c2cb912604f2344b6c4", "data": {"tx_id": "TXN-CB88E59E", "student_id": "STU73007", "amount": 226000.0, "channel": "Bank", "timestamp": "2026-05-08T02:24:13.060738"}}
{"prev_hash": "93d39c84c08bbb39a835362330a0ff7dd0275d56231d45a65c695a982ad8620b", "data": {"tx_id": "TXN-C6784853", "student_id": "STU64397", "amount": 88000.0, "channel": "Bank", "timestamp": "2026-05-06T03:29:13.060738"}}
{"prev_hash": "4591d848da0f7dec2791368368c7c5de1430509b38ae7bb219a36d93e199165c", "data": {"tx_id": "TXN-812CEDD6", "student_id": "STU50809", "amount": 382000.0, "channel": "Wallet", "timestamp": "2026-05-10T10:00:13.060738"}}
{"prev_hash": "a9e5b10975eaabaab950ca8708b22560722606c4ebdf71cba328e3c9a9755e5d", "data": {"tx_id": "TXN-4C1ACC10", "student_id": "STU52149", "amount": 379000.0, "channel": "Bank", "timestamp": "2026-05-08T18:29:13.060738"}}
{"prev_hash": "798d43e0b2529339fed5253ffa0a077d5fe1c6e618946bbd904c0d8e751f41fe", "data": {"tx_id": "TXN-C7252822", "student_id": "STU31228", "amount": 121000.0, "channel": "Wallet", "timestamp": "2026-05-10T18:51:13.060738"}}
{"prev_hash": "3fc66f305fb09e7a75abd30f0d270c6ef5105d1b70fc01f8022cfd017fb18dfd", "data": {"tx_id": "TXN-1053F9FE", "student_id": "STU72731", "amount": 482000.0, "channel": "Bank", "timestamp": "2026-05-05T08:56:13.060738"}}
{"prev_hash": "e9f64d71e18001e0c194b432f53444049a56d49ea99395248a903cdf597521ab", "data": {"tx_id": "TXN-3807D079", "student_id": "STU15265", "amount": 463000.0, "channel": "Wallet", "timestamp": "2026-05-08T12:27:13.060738"}}
{"prev_hash": "7318582c8f4bd90a324400f6532dfbe370d5157abd5773eb22254e6a7ba2b3eb", "data": {"tx_id": "TXN-F378CAE4", "student_id": "STU29463", "amount": 50000.0, "channel": "Wallet", "timestamp": "2026-05-08T02:31:13.060738"}}
{"prev_hash": "081f41d71e05460ffba02010a459556a05b6ccabc8488fedbf677320ae595c0f", "data": {"tx_id": "TXN-B1CA2607", "student_id": "STU33037", "amount": 271000.0, "channel": "Bank", "timestamp": "2026-05-08T01:25:13.060738"}}
{"prev_hash": "784d052a1a493a466d6189df95eede8295609de8c09c7cb8fbc1a1288cae48d0", "data": {"tx_id": "TXN-08CA6EDC", "student_id": "STU45754", "amount": 65000.0, "channel": "Wallet", "timestamp": "2026-05-08T01:13:13.060738"}}
{"prev_hash": "7e1a4679b2f61b5bc9a0b9b5eb9b944573520f01ec294246ca24f20929f541c4", "data": {"tx_id": "TXN-EEF282D7", "student_id": "STU13164", "amount": 184000.0, "channel": "Wallet", "timestamp": "2026-05-09T06:21:13.060738"}}
{"prev_hash": "e6d33d22f18e7d61e56104c5547b6c1e3e2f8ead78e1c4f39978283b5c47aa33", "data": {"tx_id": "TXN-85418D2E", "student_id": "STU38000", "amount": 182000.0, "channel": "Wallet", "timestamp": "2026-05-09T01:47:13.060738"}}
{"prev_hash": "027d1e930c51bebbc5c874d98374c1e9c8a5fffbdbfba83d32522b35d3a71868", "data": {"tx_id": "TXN-C68057CD", "student_id": "STU19206", "amount": 80000.0, "channel": "Wallet", "timestamp": "2026-05-09T13:28:13.060738"}}
{"prev_hash": "3327515f6744d35b30b13ff4951ae555d1bd0e7d99620304fdf5fe8b218f9275", "data": {"tx_id": "TXN-705952BB", "student_id": "STU16143", "amount": 83000.0, "channel": "Bank", "timestamp": "2026-05-08T11:16:13.060738"}}
{"prev_hash": "fa12c0e754ffbcff86c529eccaad392bc2ac9e1b89e470802a535831832d6b3a", "data": {"tx_id": "TXN-6CAF3769", "student_id": "STU18729", "amount": 487000.0, "channel": "Wallet", "timestamp": "2026-05-08T00:40:13.060738"}}
{"prev_hash": "5eca57caab220dc2e625aaad84e70a9175e9eec466e6388ea908d5fe7d712b0f", "data": {"tx_id": "TXN-3D64EDEB", "student_id": "STU89275", "amount": 222000.0, "channel": "Wallet", "timestamp": "2026-05-08T20:00:13.060738"}}
{"prev_hash": "9202013a58dc8054c9efb58c34c7ad1167d093802f76dcc4d1a7d3367bb2ff84", "data": {"tx_id": "TXN-225E7FDA", "student_id": "STU96218", "amount": 53000.0, "channel": "Bank", "timestamp": "2026-05-08T05:19:13.060738"}}
{"prev_hash": "5323f5dd45cf775444d05482781a5078bf2bad997a7838c49e21baf6b820da6f", "data": {"tx_id": "TXN-0AD8DBD3", "student_id": "STU33186", "amount": 201000.0, "channel": "Wallet", "timestamp": "2026-05-05T05:26:13.060738"}}
{"prev_hash": "83c9313d8b52b0053bce4cb232ce672230e831030a9ef4d2b971fd273a119f1b", "data": {"tx_id": "TXN-71FCC213", "student_id": "STU78287", "amount": 58000.0, "channel": "Bank", "timestamp": "2026-05-11T04:38:13.060738"}}
{"prev_hash": "d2dd58f758af75963f0b17dac6cc08887276fda134cc8c2a784755a321638ee8", "data": {"tx_id": "TXN-C5487C23", "student_id": "STU85554", "amount": 122000.0, "channel": "Wallet", "timestamp": "2026-05-08T09:25:13.060738"}}
{"prev_hash": "639306c0df1f008fec336e7cdee993e0f073ed68cd180015f334078087d8c352", "data": {"tx_id": "TXN-C6774F07", "student_id": "STU44350", "amount": 409000.0, "channel": "Bank", "timestamp": "2026-05-06T08:30:13.060738"}}
{"prev_hash": "4173641693291c153456b59b13e52604564b4013b669aeef4381af4b213f96b8", "data": {"tx_id": "TXN-70FA5A7F", "student_id": "STU92337", "amount": 172000.0, "channel": "Wallet", "timestamp": "2026-05-10T01:40:13.060738"}}
{"prev_hash": "fdcad39ead170b536357543cb1c1ed8f96b1e491b21f96cf6249c885ab663ac8", "data": {"tx_id": "TXN-89703A92", "student_id": "STU21615", "amount": 345000.0, "channel": "Wallet", "timestamp": "2026-05-08T10:40:13.060738"}}
{"prev_hash": "3644df8a70fbaeb881d17818642d84d8a4bd2a3284df8a67ff260cd7ea951fc1", "data": {"tx_id": "TXN-21BB03ED", "student_id": "STU65575", "amount": 167000.0, "channel": "Wallet", "timestamp": "2026-05-08T15:53:13.060738"}}
{"prev_hash": "4697bad1a15e2b5a208e9a863aefb29da5d38a49f077c7ee71a6631d94b72614", "data": {"tx_id": "TXN-8FCC44A0", "student_id": "STU89061", "amount": 466000.0, "channel": "Wallet", "timestamp": "2026-05-11T16:47:13.060738"}}
{"prev_hash": "551ecf0f8363ee92ea68cb0ebf491dedd51430b836941f6957bc80113e7bb894", "data": {"tx_id": "TXN-80C43B84", "student_id": "STU10711", "amount": 424000.0, "channel": "Bank", "timestamp": "2026-05-09T20:29:13.060738"}}
{"prev_hash": "7417c11048b901ca75076913ed710deca4f9e0392f0da2f899a0f7fc4136a5df", "data": {"tx_id": "TXN-BF8F71C6", "student_id": "STU22651", "amount": 51000.0, "channel": "Wallet", "timestamp": "2026-05-06T08:02:13.060738"}}
{"prev_hash": "91944f3ef1460f0f21dce7cd25a8ed1e04aff5e5e5a5f39f1191f46fa39c324e", "data": {"tx_id": "TXN-442B40D6", "student_id": "STU70996", "amount": 270000.0, "channel": "Wallet", "timestamp": "2026-05-05T23:15:13.060738"}}
{"prev_hash": "a870d41e3716b0b07d77461485c10e6514f9d32f729d360f299fcb4f2452ea7d", "data": {"tx_id": "TXN-5E896A16", "student_id": "STU89304", "amount": 432000.0, "channel": "Wallet", "timestamp": "2026-05-10T11:20:13.060738"}}
{"prev_hash": "6b5a4a66ab77af37a1d2e71fbf5c6dabdf1bd158234fb75777ac778b8acb1dd2", "data": {"tx_id": "TXN-F9E18284", "student_id": "STU27161", "amount": 302000.0, "channel": "Bank", "timestamp": "2026-05-06T11:25:13.060738"}}
{"prev_hash": "aac6236de8781a49dd807539b086a0b133ba2114b3750dd61866c14f96ad2712", "data": {"tx_id": "TXN-9E620DB8", "student_id": "STU48216", "amount": 427000.0, "channel": "Wallet", "timestamp": "2026-05-07T20:56:13.060738"}}
{"prev_hash": "49894a92b6f4e6864e984920f3041d1acec2d21cb48c7004bca966618d8d6963", "data": {"tx_id": "TXN-98A5ACB4", "student_id": "STU77133", "amount": 70000.0, "channel": "Wallet", "timestamp": "2026-05-10T11:24:13.060738"}}
{"prev_hash": "14b6688e1702961c4293397a711bc744c621b3d0f845201b6e9afe8ccf9db662", "data": {"tx_id": "TXN-D59A799E", "student_id": "STU21501", "amount": 244000.0, "channel": "Wallet", "timestamp": "2026-05-06T01:31:13.060738"}}
{"prev_hash": "1565843e2dee7d2d606b86fead6d668a3c4cf792aa728e6c0856897fec221884", "data": {"tx_id": "TXN-E8E9F680", "student_id": "STU72220", "amount": 196000.0, "channel": "Bank", "timestamp": "2026-05-05T10:14:13.060738"}}
{"prev_hash": "7792dade3ca2b9e79b0bd87ed2f08d0f8f19bd88a8fc5f4f64c464f0caf58f8c", "data": {"tx_id": "TXN-632A01F9", "student_id": "STU50625", "amount": 298000.0, "channel": "Wallet", "timestamp": "2026-05-06T23:19:13.060738"}}
{"prev_hash": "a14793d793b55e376558b97db84012de2f6efc55e79f3520b2ec59b408c70bc9", "data": {"tx_id": "TXN-E5A9394A", "student_id": "STU21198", "amount": 200000.0, "channel": "Wallet", "timestamp": "2026-05-10T18:27:13.060738"}}
{"prev_hash": "87a863acc6858d76b0bed300701162314e862041943439ddf978722afcfffef4", "data": {"tx_id": "TXN-F21E1913", "student_id": "STU75482", "amount": 478000.0, "channel": "Bank", "timestamp": "2026-05-10T16:47:13.060738"}}
{"prev_hash": "e420d48f3a16ccf15342ff2f991b18a19ea9b520bf6b6af9e251a2df1a7a28e6", "data": {"tx_id": "TXN-75A1ACD0", "student_id": "STU64969", "amount": 386000.0, "channel": "Wallet", "timestamp": "2026-05-08T20:56:13.060738"}}
{"prev_hash": "bb8f5771c58c1277739ca0e75c503faac5cba204abf767d96066050c00fb1a99", "data": {"tx_id": "TXN-7BDC0AA0", "student_id": "STU34829", "amount": 321000.0, "channel": "Wallet", "timestamp": "2026-05-05T19:08:13.060738"}}
{"prev_hash": "b8b86df00be9a31330eaa11f63c1dbfbda1f431d8841e84ecade30671c02d7a6", "data": {"tx_id": "TXN-51FD5A1C", "student_id": "STU11159", "amount": 431000.0, "channel": "Bank", "timestamp": "2026-05-06T11:50:13.060738"}}
{"prev_hash": "1c4170c5e9e2c7fb947f5e63b803c078f867efe2a7797a2eea6705b96b222ee5", "data": {"tx_id": "TXN-F60F04D2", "student_id": "STU90581", "amount": 166000.0, "channel": "Wallet", "timestamp": "2026-05-05T02:05:13.060738"}}
{"prev_hash": "101502e569549cf0ebb870834fec95bd0805124bb55b33f4f63d1a89d4aeef4a", "data": {"tx_id": "TXN-5FFAA78A", "student_id": "STU38669", "amount": 300000.0, "channel": "Bank", "timestamp": "2026-05-05T23:16:13.060738"}}
{"prev_hash": "255671962a044b2b95ef575bc737982f1a5633676f0f7dd2aa27ebce8bc4ec4b", "data": {"tx_id": "TXN-F2B64BF8", "student_id": "STU61067", "amount": 451000.0, "channel": "Wallet", "timestamp": "2026-05-10T06:35:13.060738"}}
{"prev_hash": "aab20aac7ed78badced00b7c80f8f580b57b942d07ff0efba75533b3db0a69c9", "data": {"tx_id": "TXN-D79E53FA", "student_id": "STU42215", "amount": 92000.0, "channel": "Bank", "timestamp": "2026-05-10T17:08:13.060738"}}
{"prev_hash": "507dcf203d38097c7dc3a76880b6bec07a8d70c47a9433cfcb79ef251090150d", "data": {"tx_id": "TXN-60173D81", "student_id": "STU82149", "amount": 214000.0, "channel": "Bank", "timestamp": "2026-05-07T20:51:13.060738"}}
{"prev_hash": "262695a3a42e3d3be5ed8e2c3a3ca0e544c78534f5545777a7a43bfc50883460", "data": {"tx_id": "TXN-1EAA93B0", "student_id": "STU64361", "amount": 58000.0, "channel": "Wallet", "timestamp": "2026-05-06T14:34:13.060738"}}
{"prev_hash": "1f6c2492e7a7ce7085ff59143a7ed16185f21fe01d4f5abc9a88af47bc225c66", "data": {"tx_id": "TXN-CDB8B5D3", "student_id": "STU88777", "amount": 166000.0, "channel": "Bank", "timestamp": "2026-05-05T21:42:13.060738"}}
{"prev_hash": "cabbfa81752db4282785dcf0416bdd7f616ee8f6590e2aa6085042408c795f38", "data": {"tx_id": "TXN-E83B2178", "student_id": "STU42224", "amount": 484000.0, "channel": "Bank", "timestamp": "2026-05-05T01:24:13.060738"}}
{"prev_hash": "5ab3ce353f5c01ebe5e7d62acc5d17a36c321b5442cc698a250ff65b5d4877a6", "data": {"tx_id": "TXN-4073B1FF", "student_id": "STU68217", "amount": 78000.0, "channel": "Bank", "timestamp": "2026-05-10T05:57:13.060738"}}
{"prev_hash": "95b3731518b0ec3cd81721daeed1638d9bb9d2680d074a58eac219b1b461e00d", "data": {"tx_id": "TXN-81CF77A5", "student_id": "STU95247", "amount": 378000.0, "channel": "Wallet", "timestamp": "2026-05-08T03:06:13.060738"}}
{"prev_hash": "49797793df07f5ae1fd2757d3029e49793449015aa70a7a76e059fda5f7680fe", "data": {"tx_id": "TXN-02D58A65", "student_id": "STU39611", "amount": 476000.0, "channel": "Bank", "timestamp": "2026-05-05T16:29:13.060738"}}
{"prev_hash": "0cdd4f2ee248e387521f19ce493dc0d4fa296d6d6e80f7e5c27ea4e101a7406f", "data": {"tx_id": "TXN-62090C52", "student_id": "STU26307", "amount": 129000.0, "channel": "Bank", "timestamp": "2026-05-08T14:39:13.060738"}}
{"prev_hash": "40aae5c948b2e69528d312202ecebfa8e7ba731cb7590fde18bc5163c203bfd9", "data": {"tx_id": "TXN-8B77530C", "student_id": "STU49905", "amount": 279000.0, "channel": "Bank", "timestamp": "2026-05-06T09:19:13.060738"}}
{"prev_hash": "f215d03f6865e93f059ec1dbe412e3e41ce357faa1e5d4b70a9db81fc8c3657d", "data": {"tx_id": "TXN-0CD4D1B9", "student_id": "STU42662", "amount": 91000.0, "channel": "Bank", "timestamp": "2026-05-06T17:01:13.060738"}}
{"prev_hash": "28955d27a0d4d71e3287f73b48d973bc432f65582672ac20e02468d2d1cb0ced", "data": {"tx_id": "TXN-347D7B9E", "student_id": "STU63964", "amount": 88000.0, "channel": "Wallet", "timestamp": "2026-05-09T14:53:13.060738"}}
{"prev_hash": "3ed8935b39eca12b2619ad44b0155ff597a063aca969e18b4d0fa1a03e3f3792", "data": {"tx_id": "TXN-70A91A24", "student_id": "STU88267", "amount": 311000.0, "channel": "Bank", "timestamp": "2026-05-06T18:14:13.060738"}}
{"prev_hash": "96fe019defd897a926bc7e4b7738d07015bca38fef9f70a10d341c1c8954dd54", "data": {"tx_id": "TXN-DF90FEA1", "student_id": "STU67314", "amount": 422000.0, "channel": "Bank", "timestamp": "2026-05-11T09:01:13.060738"}}
{"prev_hash": "ebe18ae73939f4c4ac0a53cdd17e25f5c9020a67ba71e91d2d3790b8949a4f63", "data": {"tx_id": "TXN-9BF27B46", "student_id": "STU83257", "amount": 278000.0, "channel": "Wallet", "timestamp": "2026-05-06T22:24:13.060738"}}
{"prev_hash": "ae36bd89bf06fa41796f1981a351e4789b30797d62dab4ce7c02b99d47de5cc9", "data": {"tx_id": "TXN-B1A21215", "student_id": "STU58128", "amount": 165000.0, "channel": "Wallet", "timestamp": "2026-05-07T10:57:13.060738"}}
{"prev_hash": "13214102b831d0105c1b3895eb4386406a2edb85ffe496ddf02b40c1132c6c8c", "data": {"tx_id": "TXN-2DCFA67A", "student_id": "STU70899", "amount": 453000.0, "channel": "Bank", "timestamp": "2026-05-10T15:22:13.060738"}}
{"prev_hash": "7e895c971e2789d8da0fd25329f9df271b86f58b1c563ab49d12c5e2038c10f0", "data": {"tx_id": "TXN-62515A2F", "student_id": "STU87353", "amount": 209000.0, "channel": "Wallet", "timestamp": "2026-05-05T08:21:13.060738"}}
{"prev_hash": "3a338b8d8876de5dee85e293b790ae41e82980fec530f6c07da55ca246536912", "data": {"tx_id": "TXN-82F83920", "student_id": "STU20524", "amount": 176000.0, "channel": "Wallet", "timestamp": "2026-05-11T01:33:13.060738"}}
{"prev_hash": "4f35bd4e5b488ac88ee2a248df5fcfdf76e448c3fbb39d52252637c3d0860716", "data": {"tx_id": "TXN-E0EA272A", "student_id": "STU75034", "amount": 70000.0, "channel": "Bank", "timestamp": "2026-05-09T02:34:13.060738"}}
{"prev_hash": "0955689278e227233f1aead017bfa35369a7fffcacd52619844bf00eda7ca73f", "data": {"tx_id": "TXN-40D40C23", "student_id": "STU54780", "amount": 272000.0, "channel": "Wallet", "timestamp": "2026-05-08T06:46:13.060738"}}
{"prev_hash": "4e9ecffe8cf3b7d40a113cd656fa105b64251c0c2caefc324846fa4e677aaff4", "data": {"tx_id": "TXN-97B3CF13", "student_id": "STU53012", "amount": 389000.0, "channel": "Wallet", "timestamp": "2026-05-08T10:39:13.060738"}}
{"prev_hash": "b91a913f6c9c24bca598d0dd4f8ea9c8067f21dadcfbfe16d3b1a1a39876967e", "data": {"tx_id": "TXN-31246E63", "student_id": "STU39726", "amount": 284000.0, "channel": "Bank", "timestamp": "2026-05-10T03:58:13.060738"}}
{"prev_hash": "b0d642009d5209631b1f756f94a78867b884dd1eab00a8156ae63a9fd3045f39", "data": {"tx_id": "TXN-6C421C85", "student_id": "STU65672", "amount": 170000.0, "channel": "Wallet", "timestamp": "2026-05-08T07:59:13.060738"}}
{"prev_hash": "dd8b7f530b7ada758b8f2a994b89499d9748d357fc3649cc1a05ff9caad997a7", "data": {"tx_id": "TXN-FC5BE7BE", "student_id": "STU66268", "amount": 378000.0, "channel": "Bank", "timestamp": "2026-05-07T13:36:13.060738"}}
{"prev_hash": "52d2707246bec7a962120a8b2023e98d37165faf9d149b6d7d683b50c2fa7205", "data": {"tx_id": "TXN-C7942AE6", "student_id": "STU43587", "amount": 88000.0, "channel": "Bank", "timestamp": "2026-05-07T21:26:13.060738"}}
{"prev_hash": "10af6d354c14eb05c15a6c0212454e1e7c5585008ec12500c4221346612ee302", "data": {"tx_id": "TXN-536651FC", "student_id": "STU97324", "amount": 234000.0, "channel": "Bank", "timestamp": "2026-05-07T17:39:13.060738"}}
{"prev_hash": "31c5cd3bb84323f41c23ca35b605f503b62f782ab41b9eaafd8dc221ad4edadb", "data": {"tx_id": "TXN-FCD64575", "student_id": "STU26750", "amount": 313000.0, "channel": "Wallet", "timestamp": "2026-05-11T19:23:13.060738"}}
{"prev_hash": "acdf964c178a27d4d69265fe4cf2df384609604c9844aab9445ac5061898be03", "data": {"tx_id": "TXN-2221905F", "student_id": "STU63200", "amount": 218000.0, "channel": "Wallet", "timestamp": "2026-05-10T01:02:13.060738"}}
{"prev_hash": "386a2ef9eda84082f19c4105bd936016db205fe956fec757fb7ea204bdf1f6c5", "data": {"tx_id": "TXN-CF8E6A7C", "student_id": "STU63360", "amount": 227000.0, "channel": "Bank", "timestamp": "2026-05-07T19:50:13.060738"}}
{"prev_hash": "c0c0db8e75ce9184f6c517d40f55ed6f9f1b4e8d2cb75f58a09c9ee96d02ebbb", "data": {"tx_id": "TXN-519E6D5B", "student_id": "STU78064", "amount": 246000.0, "channel": "Wallet", "timestamp": "2026-05-05T04:48:13.060738"}}
{"prev_hash": "512ce82451dfb838f83ebf2cf0721d60d7bd69b37294f5a8b8dc8347897dc875", "data": {"tx_id": "TXN-415BF96A", "student_id": "STU79526", "amount": 299000.0, "channel": "Wallet", "timestamp": "2026-05-06T20:22:13.060738"}}
{"prev_hash": "9075e6ed37680904c4098160538e59841ea289203285522c7ec31246369ca6fc", "data": {"tx_id": "TXN-6F5B7149", "student_id": "STU83900", "amount": 154000.0, "channel": "Bank", "timestamp": "2026-05-10T19:33:13.060738"}}
{"prev_hash": "04e5cc793a4e3259267cb14b9d7cde0a4c03ad282c87e4f919d83c34a692e57d", "data": {"tx_id": "TXN-C5909C4D", "student_id": "STU86831", "amount": 81000.0, "channel": "Bank", "timestamp": "2026-05-06T16:24:13.060738"}}
{"prev_hash": "348e58e1b9ae0613cde1ff402d8b0aacaf97e7008bda7f54cedf9053b04e23e0", "data": {"tx_id": "TXN-FF284CB2", "student_id": "STU43077", "amount": 174000.0, "channel": "Bank", "timestamp": "2026-05-06T14:39:13.060738"}}
{"prev_hash": "33fb87dc2f8cedf7b8a68c02add782aab364dd4a2b541060ddda716ad1ea8a14", "data": {"tx_id": "TXN-BF35C932", "student_id": "STU90043", "amount": 214000.0, "channel": "Wallet", "timestamp": "2026-05-08T13:02:13.060738"}}
{"prev_hash": "df8f1f3eb6caaaa4ad1e0074fadb5a3aab20bdd704b481c34f9e3ad4fac3dc00", "data": {"tx_id": "TXN-1374DBFE", "student_id": "STU79194", "amount": 255000.0, "channel": "Bank", "timestamp": "2026-05-07T22:43:13.060738"}}
{"prev_hash": "1da16147221915498d3944719c49418160fe8b363d9388c59ed3cc3bf2f93ecf", "data": {"tx_id": "TXN-4D8CE634", "student_id": "STU52072", "amount": 247000.0, "channel": "Wallet", "timestamp": "2026-05-07T14:05:13.060738"}}
{"prev_hash": "ab7a607dac2656212cadfa5306108011d6c63f256dc8a15c41163e0377d03398", "data": {"tx_id": "TXN-91E70D97", "student_id": "STU86027", "amount": 260000.0, "channel": "Bank", "timestamp": "2026-05-10T17:20:13.060738"}}
{"prev_hash": "46367fac3cf53bfd8801698cae94f49f467a935723bec11655e81893b5817f0c", "data": {"tx_id": "TXN-8DF56EF5", "student_id": "STU92127", "amount": 267000.0, "channel": "Wallet", "timestamp": "2026-05-05T03:36:13.060738"}}
{"prev_hash": "3b3040895611001d69dcddf4e6b4b5218be8fd41eb48c02b60676e3085ef01c1", "data": {"tx_id": "TXN-51319EE9", "student_id": "STU66710", "amount": 244000.0, "channel": "Bank", "timestamp": "2026-05-07T11:54:13.060738"}}
{"prev_hash": "21c15301f5727898c2e0079724484dadfc13be03175f82fcbdc29267cb3d751e", "data": {"tx_id": "TXN-3F4D1BBE", "student_id": "STU38283", "amount": 423000.0, "channel": "Bank", "timestamp": "2026-05-09T20:32:13.060738"}}
{"prev_hash": "806e74c962c580f830cc3879089a8c4c85b3d429a30d61d0203d9186a2a3b6bb", "data": {"tx_id": "TXN-D2ED3329", "student_id": "STU92351", "amount": 113000.0, "channel": "Wallet", "timestamp": "2026-05-06T03:00:13.060738"}}
{"prev_hash": "cd2cb1efb1a71e9f73b625cc51ea1cce809d7355d05624bba41bd5fe9d77c097", "data": {"tx_id": "TXN-75756383", "student_id": "STU73021", "amount": 361000.0, "channel": "Wallet", "timestamp": "2026-05-05T11:48:13.060738"}}
{"prev_hash": "f1710c951f778f9f3bf95e7f05c715630183b436c1932b4e01843d1363c9416c", "data": {"tx_id": "TXN-4A5824B5", "student_id": "STU13797", "amount": 61000.0, "channel": "Bank", "timestamp": "2026-05-08T06:19:13.060738"}}
{"prev_hash": "6b978e74ddbf348e9283b14e0f04f125604fffe27ce627d6be0a903fe7c64e23", "data": {"tx_id": "TXN-D4A1D47A", "student_id": "STU74145", "amount": 119000.0, "channel": "Wallet", "timestamp": "2026-05-07T03:22:13.060738"}}
{"prev_hash": "a423489cf0a3c54500c3d21d43a9848dc66ad30f9e8d8c062e59fdc581fba59b", "data": {"tx_id": "TXN-3176CA9F", "student_id": "STU35081", "amount": 184000.0, "channel": "Bank", "timestamp": "2026-05-07T23:33:13.060738"}}
{"prev_hash": "e0b1e8875eec8cb456ef7e9bb0d9781bcb488c34ed5a4e13c231e28163eecd7a", "data": {"tx_id": "TXN-E9A39D4F", "student_id": "STU25221", "amount": 149000.0, "channel": "Wallet", "timestamp": "2026-05-10T10:39:13.060738"}}
{"prev_hash": "5af1fe953d538d76e341233bb312c7e7b7f118d7cb4fe5d2f7ffacb381de76ee", "data": {"tx_id": "TXN-3F953134", "student_id": "STU97129", "amount": 499000.0, "channel": "Wallet", "timestamp": "2026-05-10T13:50:13.060738"}}
{"prev_hash": "621cf6a228a0278b92e7672df03e1fa949a544216700d13dbca456f8ca455bd3", "data": {"tx_id": "TXN-5E23FFB1", "student_id": "STU82046", "amount": 97000.0, "channel": "Wallet", "timestamp": "2026-05-09T04:11:13.060738"}}
{"prev_hash": "1e276c05e98f05f4c11684da2139c9e0ac2f73fe60b193fe8f421ea8ef5a78e8", "data": {"tx_id": "TXN-1FDD3F0B", "student_id": "STU45011", "amount": 271000.0, "channel": "Wallet", "timestamp": "2026-05-09T15:44:13.060738"}}
{"prev_hash": "e6d03c8be37ee0d4c9580642634ad3611c65cb59bf9e228e1b3b0ed44af29890", "data": {"tx_id": "TXN-863F066A", "student_id": "STU54697", "amount": 193000.0, "channel": "Wallet", "timestamp": "2026-05-10T23:11:13.060738"}}
{"prev_hash": "07addda9750c0fc35281a87ba9f4597e44a5d18f70d6c89484fb6b98106ced05", "data": {"tx_id": "TXN-4931DABB", "student_id": "STU50429", "amount": 427000.0, "channel": "Wallet", "timestamp": "2026-05-05T23:11:13.060738"}}
{"prev_hash": "2210fe45ab57f679e2fef2c1a0270b08476576a6435d0ddd03e33f7e3756ed80", "data": {"tx_id": "TXN-8C8C797A", "student_id": "STU28909", "amount": 275000.0, "channel": "Wallet", "timestamp": "2026-05-08T23:25:13.060738"}}
{"prev_hash": "c4f7eadceeda4b84be01e34a2b7eef518b26c5f66ed43ada24944cf959927268", "data": {"tx_id": "TXN-99E51130", "student_id": "STU94534", "amount": 351000.0, "channel": "Bank", "timestamp": "2026-05-10T20:58:13.060738"}}
{"prev_hash": "de84435f4a3327957b6037af78ac40bcd779350b8ee6ecdd1e2b8e3cf0ea0fa2", "data": {"tx_id": "TXN-8FD0E7B2", "student_id": "STU52575", "amount": 251000.0, "channel": "Wallet", "timestamp": "2026-05-11T00:57:13.060738"}}
{"prev_hash": "978c781ad4d4fa89a7954861c38ce72673021ba809742c169e6b269d8d0a1c52", "data": {"tx_id": "TXN-A23CDA18", "student_id": "STU34160", "amount": 494000.0, "channel": "Wallet", "timestamp": "2026-05-07T19:38:13.060738"}}
{"prev_hash": "c1af1bf5239acc0199f0781895232256c4725f41134ae64dc4c76e8343358e61", "data": {"tx_id": "TXN-767B92B9", "student_id": "STU74891", "amount": 73000.0, "channel": "Bank", "timestamp": "2026-05-10T03:56:13.060738"}}
{"prev_hash": "1ad966b3b2fd1f9c107b4d6d15d0ae309894381b31ff89dffa378c9ecbb6b44d", "data": {"tx_id": "TXN-812E9961", "student_id": "STU92275", "amount": 379000.0, "channel": "Bank", "timestamp": "2026-05-07T01:47:13.060738"}}
{"prev_hash": "f7cb35a23c80622f8894942ab7ac98dc878fb18a25c85672c897b339b179199e", "data": {"tx_id": "TXN-5E995805", "student_id": "STU58533", "amount": 301000.0, "channel": "Bank", "timestamp": "2026-05-07T04:12:13.060738"}}
{"prev_hash": "da6c4285b719ed11a6c62a5e9179dca7b4bde2aa66dc71fdeff32e45f434f5c3", "data": {"tx_id": "TXN-C3D09E6C", "student_id": "STU16850", "amount": 346000.0, "channel": "Wallet", "timestamp": "2026-05-07T13:35:13.060738"}}
{"prev_hash": "185b3b85e15d960c55407d89f291dd402c8be88f905fab1e4a3ea989fbd8e5a1", "data": {"tx_id": "TXN-410F2583", "student_id": "STU64118", "amount": 220000.0, "channel": "Wallet", "timestamp": "2026-05-09T01:11:13.060738"}}
{"prev_hash": "7b3085b137696162e1dbc50c2fb9f7b9228477f4985587c64fbccf447ed82da9", "data": {"tx_id": "TXN-4849FB25", "student_id": "STU49835", "amount": 329000.0, "channel": "Bank", "timestamp": "2026-05-07T10:36:13.060738"}}
{"prev_hash": "533cdff4197e4cacdc4e1ff22c689648f0390be09dabc63024ccb00c7ce1b426", "data": {"tx_id": "TXN-F8487826", "student_id": "STU57861", "amount": 196000.0, "channel": "Bank", "timestamp": "2026-05-11T15:08:13.060738"}}
{"prev_hash": "8fe5ec6bd6dc5d6e270a3a9e240a84c00694b72283a912a6c46e55e01337fee6", "data": {"tx_id": "TXN-41363537", "student_id": "STU90856", "amount": 350000.0, "channel": "Wallet", "timestamp": "2026-05-09T12:29:13.060738"}}
{"prev_hash": "344f197740e32e9b9647fc27a510ae9c9df8da56ccf1d2fb884a8bfb38f62dfd", "data": {"tx_id": "TXN-9D17C21D", "student_id": "STU62649", "amount": 138000.0, "channel": "Wallet", "timestamp": "2026-05-09T03:47:13.060738"}}
{"prev_hash": "9b0e6c6ba10fa460cfbff8439c33b3deae3cf454f76356a35b3680ed71d54a5a", "data": {"tx_id": "TXN-EEB4A7AF", "student_id": "STU58243", "amount": 348000.0, "channel": "Bank", "timestamp": "2026-05-05T21:59:13.060738"}}
{"prev_hash": "68211dd0f8a3aa16459a192a9ba6e84c1da1363b0d4bcf0fbeff4fcf6bb0c649", "data": {"tx_id": "TXN-1212FEC9", "student_id": "STU71286", "amount": 107000.0, "channel": "Bank", "timestamp": "2026-05-06T02:17:13.060738"}}
{"prev_hash": "924b7c89af9c0a01e5200d7c51f178f80bfbb58f2b69536e64868a1412c3140e", "data": {"tx_id": "TXN-B12631B1", "student_id": "STU60986", "amount": 406000.0, "channel": "Bank", "timestamp": "2026-05-09T11:00:13.060738"}}
{"prev_hash": "332325312e8ce68b1a0480c2325e045e23a40d46d495c001a10910a9b09c9abb", "data": {"tx_id": "TXN-E1E5484D", "student_id": "STU38221", "amount": 387000.0, "channel": "Wallet", "timestamp": "2026-05-08T18:04:13.060738"}}
{"prev_hash": "f658c71eadd4ad117c269fab2a01b363d11e70a6b00b242e82aca86eb9129dfb", "data": {"tx_id": "TXN-C22F9BF0", "student_id": "STU45165", "amount": 336000.0, "channel": "Bank", "timestamp": "2026-05-11T16:20:13.060738"}}
{"prev_hash": "80fa656ffa371b02f93318e42e51a6713169470522c50ab4e46548927005112b", "data": {"tx_id": "TXN-80F50FA1", "student_id": "STU57552", "amount": 130000.0, "channel": "Wallet", "timestamp": "2026-05-11T00:42:13.060738"}}
{"prev_hash": "94e58abc4c860f08aa7c32384ba73fc8207523d87bede482f17fa456ad745213", "data": {"tx_id": "TXN-352D6040", "student_id": "STU17085", "amount": 487000.0, "channel": "Wallet", "timestamp": "2026-05-11T01:30:13.060738"}}
{"prev_hash": "006351fe3750f7486717185205d40c1250393bdb02b9d8605536997f757c43da", "data": {"tx_id": "TXN-D0A9869D", "student_id": "STU24997", "amount": 162000.0, "channel": "Bank", "timestamp": "2026-05-11T08:11:13.060738"}}
{"prev_hash": "8b3cc24c6143a16777897fc9aa4eeb6d99e715a53a34ab48a3ed993bfef9df5e", "data": {"tx_id": "TXN-F7DFCB9D", "student_id": "STU90192", "amount": 304000.0, "channel": "Bank", "timestamp": "2026-05-10T18:49:13.060738"}}
{"prev_hash": "a647766d66aca9e10e12d65e51dc1d8553f76c00c27874f4a29feb93df93c7a5", "data": {"tx_id": "TXN-9BFDD60A", "student_id": "STU67610", "amount": 181000.0, "channel": "Bank", "timestamp": "2026-05-05T08:10:13.060738"}}
{"prev_hash": "fa28fd41a81f4edcc95a36f4fb2a0991349c7840cda585ff3a75d94f88881d46", "data": {"tx_id": "TXN-420C9DF6", "student_id": "STU40669", "amount": 437000.0, "channel": "Wallet", "timestamp": "2026-05-06T16:19:13.060738"}}
{"prev_hash": "bd8afb78a067a37c2b4e865b0ad9b35264b43d2c12327b463c65eaedeaa0b396", "data": {"tx_id": "TXN-5CE9E246", "student_id": "STU23808", "amount": 57000.0, "channel": "Bank", "timestamp": "2026-05-06T20:55:13.060738"}}
{"prev_hash": "d5897002a4119c5857abbdfa41698f1d9f535c3da2b4cbd731e9f8af68ff3b02", "data": {"tx_id": "TXN-6BE243F1", "student_id": "STU16565", "amount": 347000.0, "channel": "Wallet", "timestamp": "2026-05-10T09:30:13.060738"}}
{"prev_hash": "25c8b0b70c84d77088a0e24b7a903149950194c40ba53894bcbe656e9155b440", "data": {"tx_id": "TXN-47B7CD95", "student_id": "STU16441", "amount": 357000.0, "channel": "Wallet", "timestamp": "2026-05-10T09:11:13.060738"}}
{"prev_hash": "d9630906cf56e0e0ff363adbfa8e20adab5d37a998cc013f4018f3c2c8d4ac9a", "data": {"tx_id": "TXN-10D25647", "student_id": "STU76528", "amount": 102000.0, "channel": "Bank", "timestamp": "2026-05-11T04:07:13.060738"}}
{"prev_hash": "252d2629a246b54c5bbda786a619aeaf6f38dfbfa7e1ab02887890874026d138", "data": {"tx_id": "TXN-DF1F9BC7", "student_id": "STU98811", "amount": 375000.0, "channel": "Bank", "timestamp": "2026-05-07T20:47:13.060738"}}
{"prev_hash": "259fe891a5e2165a46c9f9b39fa8483400b61f929606a7674137b82758018b67", "data": {"tx_id": "TXN-52CFE636", "student_id": "STU80847", "amount": 265000.0, "channel": "Bank", "timestamp": "2026-05-06T04:25:13.060738"}}
{"prev_hash": "1f110eb8d789b095ae1f3f89c6d67bd8392964a9fcbc2992c8c138f9fb28e04c", "data": {"tx_id": "TXN-2501B71F", "student_id": "STU15142", "amount": 407000.0, "channel": "Wallet", "timestamp": "2026-05-08T07:28:13.060738"}}
{"prev_hash": "37e3e54f2902aaa42b4df4fb0d3c9c4ac0d507556cea1292a9841f0477800144", "data": {"tx_id": "TXN-F2CDF193", "student_id": "STU93177", "amount": 160000.0, "channel": "Wallet", "timestamp": "2026-05-06T02:37:13.060738"}}
{"prev_hash": "748e34722acac48b23d0e92f6b9277c07d42375f3167ac7db42e938d625d2e55", "data": {"tx_id": "TXN-4FE994E8", "student_id": "STU66062", "amount": 90000.0, "channel": "Wallet", "timestamp": "2026-05-11T17:10:13.060738"}}
{"prev_hash": "c723e45b51f229ccabb17f083f839755bcaf62a011f342087767d067a1032be1", "data": {"tx_id": "TXN-4BBCCE0F", "student_id": "STU28019", "amount": 59000.0, "channel": "Wallet", "timestamp": "2026-05-10T10:52:13.060738"}}
{"prev_hash": "0b52913ada0006784e6f75d4b8a62d6b80f68e539b741599051c15ace80627e5", "data": {"tx_id": "TXN-B829A938", "student_id": "STU32283", "amount": 343000.0, "channel": "Wallet", "timestamp": "2026-05-08T02:58:13.060738"}}
{"prev_hash": "27de82093520f79afc21fc0f03e9fb1b50f75097c93fc219c55111421ee66db6", "data": {"tx_id": "TXN-6CBCE708", "student_id": "STU38352", "amount": 371000.0, "channel": "Bank", "timestamp": "2026-05-07T05:58:13.060738"}}
{"prev_hash": "baf96c10298d47f13c6f7c5dbe297108544050a21b3a445da53ff5d03d7f4fee", "data": {"tx_id": "TXN-886558C0", "student_id": "STU17866", "amount": 150000.0, "channel": "Bank", "timestamp": "2026-05-08T16:15:13.060738"}}
{"prev_hash": "f3f5159ac0a1e00bad7d235765600423578a67736ad21d12bf8b4c3bd0bc297e", "data": {"tx_id": "TXN-E1D19D6A", "student_id": "STU64426", "amount": 287000.0, "channel": "Wallet", "timestamp": "2026-05-05T14:19:13.060738"}}
{"prev_hash": "c1da402a164ceb796de3ece9cc682f6e157e375b325bd368f10923cbb15194e2", "data": {"tx_id": "TXN-82D10702", "student_id": "STU42290", "amount": 182000.0, "channel": "Wallet", "timestamp": "2026-05-07T12:44:13.060738"}}
{"prev_hash": "655fa0756bade6454d74ad333906951d2479b5d0bcb0168f1ffcb4f3146c8d49", "data": {"tx_id": "TXN-F7450747", "student_id": "STU16010", "amount": 284000.0, "channel": "Wallet", "timestamp": "2026-05-11T01:10:13.060738"}}
{"prev_hash": "e9d16a31f3befa5c9317b33fa03a8d79969adab2043cf104dcb6a1baffe95c1d", "data": {"tx_id": "TXN-C8BCA528", "student_id": "STU42253", "amount": 457000.0, "channel": "Wallet", "timestamp": "2026-05-11T13:01:13.060738"}}
{"prev_hash": "d701093411b76e3300f1630050c49e65b0d4563c089c8f0694a8582ac802a0d4", "data": {"tx_id": "TXN-4C22B0CD", "student_id": "STU66289", "amount": 141000.0, "channel": "Wallet", "timestamp": "2026-05-05T18:55:13.060738"}}
{"prev_hash": "ee3f72b02343d1178e8c5c15c74dba3d47ef0842a20ab835e2525f618aa3d307", "data": {"tx_id": "TXN-883853DF", "student_id": "STU13085", "amount": 173000.0, "channel": "Wallet", "timestamp": "2026-05-09T01:30:13.060738"}}
{"prev_hash": "f3d605c7cb22274f74097fbf635068a0c14eecb3db1cf44239973ea89aec7cf3", "data": {"tx_id": "TXN-0FCA092E", "student_id": "STU87597", "amount": 332000.0, "channel": "Wallet", "timestamp": "2026-05-06T20:22:13.060738"}}
{"prev_hash": "5a553da72dbbbac4e5718a644a2ced4bb08ea3207ad20466e3cd432d15250c47", "data": {"tx_id": "TXN-205A47B4", "student_id": "STU41748", "amount": 211000.0, "channel": "Bank", "timestamp": "2026-05-10T17:11:13.060738"}}
{"prev_hash": "55966fdcefe254e18e739ac21515fe927920e37db993eaf70cbc11bf1611490f", "data": {"tx_id": "TXN-7B55F380", "student_id": "STU63344", "amount": 350000.0, "channel": "Wallet", "timestamp": "2026-05-05T23:12:13.060738"}}
{"prev_hash": "60fc818cffa2ff570bb1abc57c0419f74d637e18287d5d1e8759cd932cf88f0a", "data": {"tx_id": "TXN-F04D50F8", "student_id": "STU91250", "amount": 372000.0, "channel": "Bank", "timestamp": "2026-05-10T05:41:13.060738"}}
{"prev_hash": "838435e72c5f01a95809894b6dc73c8e76885f995debb92d749267c8030edec1", "data": {"tx_id": "TXN-386127B0", "student_id": "STU75268", "amount": 268000.0, "channel": "Wallet", "timestamp": "2026-05-10T05:39:13.060738"}}
{"prev_hash": "0cbad2dd0f9b33c8bb9242b3974cd65c5bf545a7f268a7fafb108078af1d4ffa", "data": {"tx_id": "TXN-ED50510B", "student_id": "STU96516", "amount": 72000.0, "channel": "Wallet", "timestamp": "2026-05-06T11:31:13.060738"}}
{"prev_hash": "34e7f249e6961fb0959f98a06e971d337e804c4b3604eeae566706137f25206a", "data": {"tx_id": "TXN-17DB4420", "student_id": "STU41245", "amount": 169000.0, "channel": "Bank", "timestamp": "2026-05-10T08:18:13.060738"}}
{"prev_hash": "2b84b400b5741701af74395551b5359bb64aa8c255e3436eb27a2e9a0e33618c", "data": {"tx_id": "TXN-1CF85AEC", "student_id": "STU93071", "amount": 403000.0, "channel": "Wallet", "timestamp": "2026-05-07T04:14:13.060738"}}
{"prev_hash": "62a04cc30177bc897c9b096702392025e0ce3a22f05910345ccf68d07a40d294", "data": {"tx_id": "TXN-14574ED2", "student_id": "STU37362", "amount": 176000.0, "channel": "Wallet", "timestamp": "2026-05-05T04:13:13.060738"}}
{"prev_hash": "0e8d9d66fcd8fb351daa7b2d4c821fe97c2587011662c0250566e6406d95c8d0", "data": {"tx_id": "TXN-27477326", "student_id": "STU97850", "amount": 231000.0, "channel": "Bank", "timestamp": "2026-05-11T09:56:13.060738"}}
{"prev_hash": "8e096a9b0042d1240cea37d9e2bc52512306c40d8735549387bf63bbe26b2e06", "data": {"tx_id": "TXN-F4DB53BC", "student_id": "STU99139", "amount": 271000.0, "channel": "Bank", "timestamp": "2026-05-08T04:53:13.060738"}}
{"prev_hash": "8e98c375d674c24110b9c99ad76db47b28d33bb56af8815cd9a97f95bfdc5c17", "data": {"tx_id": "TXN-9E4AFE72", "student_id": "STU92377", "amount": 269000.0, "channel": "Wallet", "timestamp": "2026-05-10T09:09:13.060738"}}
{"prev_hash": "4fd2c60aee130974be921a30f8850e5089389dedc46b4625dbbbe52b596bea4c", "data": {"tx_id": "TXN-D23D3C83", "student_id": "STU80073", "amount": 325000.0, "channel": "Wallet", "timestamp": "2026-05-07T05:39:13.060738"}}
{"prev_hash": "280ab374a08598232cadb12abc9e5af5015565a5f341155cb9c6adb47af5702d", "data": {"tx_id": "TXN-69A959EC", "student_id": "STU20320", "amount": 268000.0, "channel": "Bank", "timestamp": "2026-05-11T05:19:13.060738"}}
{"prev_hash": "d06e8af695f2b0aedffada08f3a0dee7017a70f1d6fc71a4a90402afc79a66db", "data": {"tx_id": "TXN-6836510A", "student_id": "STU59957", "amount": 294000.0, "channel": "Wallet", "timestamp": "2026-05-09T00:27:13.060738"}}
{"prev_hash": "fff0fb1938e12da15db57a01feb0f349897f8874c6dd1e6cb37f8c60d529efc3", "data": {"tx_id": "TXN-22FFBAB7", "student_id": "STU82358", "amount": 277000.0, "channel": "Wallet", "timestamp": "2026-05-10T13:56:13.060738"}}
{"prev_hash": "9f29758a8b1172419112d9b5b849eef86b64ca2ede849b167a7efc76d5a20a54", "data": {"tx_id": "TXN-5FDD9F65", "student_id": "STU25248", "amount": 263000.0, "channel": "Bank", "timestamp": "2026-05-11T13:38:13.060738"}}
{"prev_hash": "74aa8d32dfac28dbe297080194f8fba1061ecff9c7c70e0212a8ddfcba240dcb", "data": {"tx_id": "TXN-0D94FF83", "student_id": "STU73362", "amount": 231000.0, "channel": "Wallet", "timestamp": "2026-05-08T10:14:13.060738"}}
{"prev_hash": "bb61923390269372362f89d1a2629db4adb5ea06d9729c615dea8f7a70fba68d", "data": {"tx_id": "TXN-256E07AF", "student_id": "STU74638", "amount": 394000.0, "channel": "Wallet", "timestamp": "2026-05-07T10:50:13.060738"}}
{"prev_hash": "e5d9f63e489986cf535155348150091b577ab4987e2d52c7762a1cb35c67af80", "data": {"tx_id": "TXN-847BA833", "student_id": "STU59517", "amount": 176000.0, "channel": "Wallet", "timestamp": "2026-05-11T15:09:13.060738"}}
{"prev_hash": "19ad2e30019171b01334d7bd7967fd3f21c874b9bec67b3f0d7dbc583026c43f", "data": {"tx_id": "TXN-93337BB8", "student_id": "STU61901", "amount": 411000.0, "channel": "Bank", "timestamp": "2026-05-08T12:36:13.060738"}}
{"prev_hash": "7ea7ffe8901f719b10c4d73992c565b8371f800118f3b9ed0c84df018638c2ee", "data": {"tx_id": "TXN-AAD45ED8", "student_id": "STU98857", "amount": 259000.0, "channel": "Bank", "timestamp": "2026-05-09T01:30:13.060738"}}
{"prev_hash": "023c0f3f27f8114c4255e9e7a189681ee7fe0f126527c2ae7d2e083b17e4de6f", "data": {"tx_id": "TXN-F0AD60E4", "student_id": "STU57202", "amount": 155000.0, "channel": "Wallet", "timestamp": "2026-05-07T18:47:13.060738"}}
{"prev_hash": "8e39f25bc7b26e3ddb130b7c27ac320517f17f93371ecc641b096d444f83fb37", "data": {"tx_id": "TXN-70269B87", "student_id": "STU40583", "amount": 386000.0, "channel": "Bank", "timestamp": "2026-05-07T09:43:13.060738"}}
{"prev_hash": "4e9c2b3e5b33e291fd669d77c8be990eca9851820ec5b92429c083b548c71098", "data": {"tx_id": "TXN-D66DAAE1", "student_id": "STU88168", "amount": 390000.0, "channel": "Wallet", "timestamp": "2026-05-05T19:16:13.060738"}}
{"prev_hash": "9dca161e36c13be6422faa088433357f15ef4eb9e700995293e5dc61a94e072f", "data": {"tx_id": "TXN-C2B487D4", "student_id": "STU42640", "amount": 59000.0, "channel": "Bank", "timestamp": "2026-05-10T08:15:13.060738"}}
{"prev_hash": "67457c8d4dd66cf1c67c60900b2c5c52f4165ba359206307bcb8a2b38d70a304", "data": {"tx_id": "TXN-FC9B195B", "student_id": "STU73753", "amount": 274000.0, "channel": "Bank", "timestamp": "2026-05-05T08:19:13.060738"}}
{"prev_hash": "8e2c6daea465c33f7ecb0535b8b62bc23c1deeacd64c7b7c351aa5b93197539c", "data": {"tx_id": "TXN-CEBDE5E2", "student_id": "STU51241", "amount": 439000.0, "channel": "Bank", "timestamp": "2026-05-05T05:28:13.060738"}}
{"prev_hash": "86bd83cc34c3431a27a78d696150df75f644b79cd9f5d31d09b68b7111156510", "data": {"tx_id": "TXN-F3AD880B", "student_id": "STU78970", "amount": 67000.0, "channel": "Wallet", "timestamp": "2026-05-11T17:10:13.060738"}}
{"prev_hash": "86f76827479fa7b4adae98a03657e75d0ad39cc87e0d67bd9af200db776c08de", "data": {"tx_id": "TXN-00C72A02", "student_id": "STU22478", "amount": 179000.0, "channel": "Bank", "timestamp": "2026-05-11T06:49:13.060738"}}
{"prev_hash": "b5183d5f1f9fa4f5138c3192ae6bc1a41d68d8e4f4afed2607d35c4d131cc347", "data": {"tx_id": "TXN-A8779F4A", "student_id": "STU46139", "amount": 177000.0, "channel": "Wallet", "timestamp": "2026-05-11T16:10:13.060738"}}
{"prev_hash": "24a7a998338f0ce5c77ae83650c2382b40d5e8c8bf382ccb3a24a3878fbdf1c8", "data": {"tx_id": "TXN-CDAED6B6", "student_id": "STU31034", "amount": 117000.0, "channel": "Bank", "timestamp": "2026-05-05T23:48:13.060738"}}
{"prev_hash": "88322a68a60633f5446a4e564995f869d4c5a600372461d233dafa6d05454e56", "data": {"tx_id": "TXN-C67F2ADC", "student_id": "STU39746", "amount": 434000.0, "channel": "Bank", "timestamp": "2026-05-06T05:59:13.060738"}}
{"prev_hash": "563fbd40de2f7060d21cf47220890f32e1312de075f984de750fc546085351a3", "data": {"tx_id": "TXN-777EC1C1", "student_id": "STU58663", "amount": 188000.0, "channel": "Wallet", "timestamp": "2026-05-11T05:38:13.060738"}}
{"prev_hash": "f3f2c8a2ad2469d58d917a30a38a3ebc44fd25748961850af0fa27f9060c7d46", "data": {"tx_id": "TXN-C978484C", "student_id": "STU55678", "amount": 262000.0, "channel": "Wallet", "timestamp": "2026-05-08T21:56:13.060738"}}
{"prev_hash": "a8aa3c9416ad2210549237310e1b08e4045859860f226b172a84488024500996", "data": {"tx_id": "TXN-FDE6E743", "student_id": "STU74190", "amount": 127000.0, "channel": "Wallet", "timestamp": "2026-05-07T04:34:13.060738"}}
{"prev_hash": "0de9071e0e72a9c7b17cf4fac34197f46ce15fb1f5c01af3d5e76b44335d1ce2", "data": {"tx_id": "TXN-31875901", "student_id": "STU86509", "amount": 367000.0, "channel": "Wallet", "timestamp": "2026-05-08T03:21:13.060738"}}
{"prev_hash": "a5a2d3197d38429fbc680d43ee9c2ee2378f998dbdfe4e6a9edd5af5fe24b186", "data": {"tx_id": "TXN-04802361", "student_id": "STU63884", "amount": 86000.0, "channel": "Wallet", "timestamp": "2026-05-06T09:50:13.060738"}}
{"prev_hash": "e04a0b5a39a5d1a456b706b8f307f9b1440994e58797cb4713db5c0ce8092276", "data": {"tx_id": "TXN-96489C34", "student_id": "STU15679", "amount": 468000.0, "channel": "Bank", "timestamp": "2026-05-09T21:11:13.060738"}}
{"prev_hash": "7cf15318f8bb5aa5a3ad632e14c7a67a97b007535504a7bcd7f5297aca55392e", "data": {"tx_id": "TXN-F554F3DA", "student_id": "STU66387", "amount": 256000.0, "channel": "Wallet", "timestamp": "2026-05-05T00:36:13.060738"}}
{"prev_hash": "9f97a32a829d36fc10e7c83dbede15d2179a5b5b5def575b12d20c385972f743", "data": {"tx_id": "TXN-9B2A5ADC", "student_id": "STU32702", "amount": 401000.0, "channel": "Wallet", "timestamp": "2026-05-10T00:39:13.060738"}}
{"prev_hash": "fd74b91080c2901a7d41d2fd29d981c983e4f079160dd5dce8c0f8249dfbb243", "data": {"tx_id": "TXN-3E03826D", "student_id": "STU35051", "amount": 202000.0, "channel": "Wallet", "timestamp": "2026-05-06T14:03:13.060738"}}
{"prev_hash": "1bbb56b5d086d9f8ddbfa27039d673d0ec2b83586cbe65d83b50b1d31924ee2e", "data": {"tx_id": "TXN-F87E7E3B", "student_id": "STU30245", "amount": 381000.0, "channel": "Bank", "timestamp": "2026-05-05T23:24:13.060738"}}
{"prev_hash": "96da866353ff3d5866cb8001e6fa72e36a647bde98ddbd37c409a5b9bd0c73a0", "data": {"tx_id": "TXN-57A83B5C", "student_id": "STU80095", "amount": 476000.0, "channel": "Bank", "timestamp": "2026-05-11T08:34:13.060738"}}
{"prev_hash": "695ccce3a345a679438af7638f74fa0e8d2fc7cc1fd3368ea4ef6df58282b09f", "data": {"tx_id": "TXN-08289B8B", "student_id": "STU43683", "amount": 140000.0, "channel": "Bank", "timestamp": "2026-05-08T12:01:13.060738"}}
{"prev_hash": "9541256a347b0a35a485442d3c9432d20448e39d4e22aa25f498469699becee8", "data": {"tx_id": "TXN-851A64CB", "student_id": "STU59167", "amount": 379000.0, "channel": "Bank", "timestamp": "2026-05-09T05:44:13.060738"}}
{"prev_hash": "0dfdba9f5955012be1a220523db5db217bf64fbfd9156f094abce9e9470b05ab", "data": {"tx_id": "TXN-41280D50", "student_id": "STU14803", "amount": 283000.0, "channel": "Wallet", "timestamp": "2026-05-07T00:39:13.060738"}}
{"prev_hash": "bb334c744cf1844bd140cd42d1c3ec2d381c3299b5bd04ca60a312aa11b3e9a2", "data": {"tx_id": "TXN-F1A97B17", "student_id": "STU73632", "amount": 98000.0, "channel": "Bank", "timestamp": "2026-05-08T13:28:13.060738"}}
{"prev_hash": "925397db06962b51dc8fff6851f1092d1fdaad909539343573ae029ce4962fb1", "data": {"tx_id": "TXN-116BAC65", "student_id": "STU90236", "amount": 432000.0, "channel": "Wallet", "timestamp": "2026-05-08T16:52:13.060738"}}
{"prev_hash": "63b8bf8e5ab9f4a208668571d26202b2c2782b8d3ab18cc3115e9f39f7c81ca8", "data": {"tx_id": "TXN-8A41DC5E", "student_id": "STU57575", "amount": 165000.0, "channel": "Bank", "timestamp": "2026-05-05T21:54:13.060738"}}
{"prev_hash": "86fca3fc2e9f2f0d8549957e4e672f40000244a02f3b5b39bf3f9e3d528c04af", "data": {"tx_id": "TXN-F1F8FBDE", "student_id": "STU66044", "amount": 187000.0, "channel": "Bank", "timestamp": "2026-05-09T21:11:13.060738"}}
{"prev_hash": "81735be764df029b84e7c8fa0d17ea8b2e586df62dad33be34362caa1492a100", "data": {"tx_id": "TXN-CB377825", "student_id": "STU64237", "amount": 201000.0, "channel": "Bank", "timestamp": "2026-05-05T09:34:13.060738"}}
{"prev_hash": "a0e55a24960796b625c06ad1a5e8ae70edf20ef893272a055e38d9ee081b5974", "data": {"tx_id": "TXN-E3F3E754", "student_id": "STU54570", "amount": 61000.0, "channel": "Bank", "timestamp": "2026-05-08T07:35:13.060738"}}
{"prev_hash": "77aca9367b6609e2887ff6f87e00ae74a157cb6f8b7f35e2e45a8f28d818ffcd", "data": {"tx_id": "TXN-B26DF8E1", "student_id": "STU98933", "amount": 71000.0, "channel": "Wallet", "timestamp": "2026-05-08T14:24:13.060738"}}
{"prev_hash": "858ff7af9a0a2bec56bd917bb45dc8b9fe2947d93ec3976728b4f6c297d2c6b8", "data": {"tx_id": "TXN-4E6D87C6", "student_id": "STU77310", "amount": 53000.0, "channel": "Bank", "timestamp": "2026-05-11T18:19:13.060738"}}
{"prev_hash": "2714045f2e430c10126acf7b0bad275da33d28bcc54cbef7dfd8ff85ef2206a3", "data": {"tx_id": "TXN-CDE3C8EA", "student_id": "STU45695", "amount": 105000.0, "channel": "Wallet", "timestamp": "2026-05-05T02:55:13.060738"}}
{"prev_hash": "6146eb581322d91b51cb206eca1b89c663c3908f374bd05be7326036b0d04dfa", "data": {"tx_id": "TXN-18BAE5C0", "student_id": "STU25611", "amount": 179000.0, "channel": "Bank", "timestamp": "2026-05-06T02:41:13.060738"}}
{"prev_hash": "f540d54a5170b5836c39297c46e4cabc01a8c1ff3e1fec2ae218fab6e46a93a6", "data": {"tx_id": "TXN-1CE64279", "student_id": "STU32939", "amount": 194000.0, "channel": "Bank", "timestamp": "2026-05-09T19:45:13.060738"}}
{"prev_hash": "f899a03d4f16b380f06ab3786e7b5342174020103e9f13641ac8860ab8f5e5ce", "data": {"tx_id": "TXN-406C4359", "student_id": "STU84609", "amount": 357000.0, "channel": "Bank", "timestamp": "2026-05-08T17:33:13.060738"}}
{"prev_hash": "4202071cfb99923a86f1995614989239550cfc9d72fcec2ec15737f318cbad97", "data": {"tx_id": "TXN-525B6563", "student_id": "STU30929", "amount": 396000.0, "channel": "Bank", "timestamp": "2026-05-07T09:33:13.060738"}}
{"prev_hash": "957083b17269de852a19f9ccc9ae06591e26454714a2090f8563b6963f240c96", "data": {"tx_id": "TXN-F65FFD51", "student_id": "STU23878", "amount": 218000.0, "channel": "Bank", "timestamp": "2026-05-05T10:16:13.060738"}}
{"prev_hash": "3017e515702fbddae63f63b0a4aef74ee8fcf3cafb7c23fa1aba1636e5aa33d4", "data": {"tx_id": "TXN-B6324A1A", "student_id": "STU61032", "amount": 367000.0, "channel": "Wallet", "timestamp": "2026-05-05T21:19:13.060738"}}
{"prev_hash": "75a8ee180f1a5e3f1bfab1ea5386a228484b741ca471b139aee81a84657aa1ae", "data": {"tx_id": "TXN-40D715DB", "student_id": "STU76214", "amount": 166000.0, "channel": "Wallet", "timestamp": "2026-05-05T01:36:13.060738"}}
{"prev_hash": "72544f837ed4b7b2572e828108bfae1790c51feabe0f2b005bfea9cf65f53f3b", "data": {"tx_id": "TXN-63566AB3", "student_id": "STU76789", "amount": 151000.0, "channel": "Wallet", "timestamp": "2026-05-05T10:51:13.060738"}}
{"prev_hash": "c8f3370d446e18e66c5f78f12f65e7116254347e4d4123e4b6cbab4abfaad330", "data": {"tx_id": "TXN-AAF63F49", "student_id": "STU67265", "amount": 401000.0, "channel": "Wallet", "timestamp": "2026-05-06T21:24:13.060738"}}
{"prev_hash": "079e63728dab6aec21b064ed501e8e28f920a213c43433a4e1cf20c72f2c273d", "data": {"tx_id": "TXN-33B5C0BC", "student_id": "STU13019", "amount": 396000.0, "channel": "Wallet", "timestamp": "2026-05-09T15:54:13.060738"}}
{"prev_hash": "4e87604cab234734780836a0b9e31dce1368d1381df1d181c00f5265a763c03e", "data": {"tx_id": "TXN-82AC3DF0", "student_id": "STU49920", "amount": 315000.0, "channel": "Bank", "timestamp": "2026-05-07T18:37:13.060738"}}
{"prev_hash": "e8c8a0fa47bd31f23204800d9db991f345b626d824b38cc5ebb152c57c9dc3d4", "data": {"tx_id": "TXN-2AE21296", "student_id": "STU36520", "amount": 130000.0, "channel": "Wallet", "timestamp": "2026-05-07T11:37:13.060738"}}
{"prev_hash": "d34b3add7e5e0b643df273f739dccdfaabfa7afce027f4b50cf1dc60f094e34a", "data": {"tx_id": "TXN-A1B50A36", "student_id": "STU43647", "amount": 106000.0, "channel": "Wallet", "timestamp": "2026-05-10T05:48:13.060738"}}
{"prev_hash": "ddb4e39c53408755f1979fdf9f222bfefb5081d45ab5636244790d532e301ab3", "data": {"tx_id": "TXN-299F2F02", "student_id": "STU36370", "amount": 446000.0, "channel": "Bank", "timestamp": "2026-05-07T04:17:13.060738"}}
{"prev_hash": "d2675f9271abf93c5082c82076c1df377c5d36c59f3a46cf8c94c43585ffc9d9", "data": {"tx_id": "TXN-2697F165", "student_id": "STU80934", "amount": 134000.0, "channel": "Bank", "timestamp": "2026-05-05T23:05:13.060738"}}
{"prev_hash": "cdba78f02cddde028bc2b0aa3312fa1621255ebc5088bb9fbedf769cfc407f14", "data": {"tx_id": "TXN-ABE9F8F7", "student_id": "STU53263", "amount": 213000.0, "channel": "Bank", "timestamp": "2026-05-08T09:03:13.060738"}}
{"prev_hash": "6d5b42d87871731cc56af8df6606fcd3a240fef0dcb142308f6fffb7adae5a65", "data": {"tx_id": "TXN-934DAB61", "student_id": "STU50299", "amount": 50000.0, "channel": "Bank", "timestamp": "2026-05-10T07:33:13.060738"}}
{"prev_hash": "fa0656b1409e72ae5cdfd5ec3304a8b93262d339a033e636aaf7adb92ee78aac", "data": {"tx_id": "TXN-B6AAC5B2", "student_id": "STU66080", "amount": 271000.0, "channel": "Bank", "timestamp": "2026-05-05T12:20:13.060738"}}
{"prev_hash": "a4e5529548a5222bde16ecf75ec88bac8842412c5c59bcc543781824833e18f3", "data": {"tx_id": "TXN-B277796B", "student_id": "STU31637", "amount": 170000.0, "channel": "Bank", "timestamp": "2026-05-08T09:04:13.060738"}}
{"prev_hash": "898b0002c3a946855d78fe8d564e41eb3d1d72a6a63d63be6c81ead2b58d2a17", "data": {"tx_id": "TXN-8CE2FF77", "student_id": "STU36317", "amount": 244000.0, "channel": "Wallet", "timestamp": "2026-05-06T02:54:13.060738"}}
{"prev_hash": "aa5f6eda63c2fe60caf1aebb7612881eb8904f105f26c3beb24e006b9a973408", "data": {"tx_id": "TXN-2D765992", "student_id": "STU61089", "amount": 51000.0, "channel": "Wallet", "timestamp": "2026-05-07T18:25:13.060738"}}
{"prev_hash": "3962843ee1b5109d25c4bd33302b27cc5f8c9e6fcb7fba6f51be7c8c33e11509", "data": {"tx_id": "TXN-3347F3DB", "student_id": "STU91055", "amount": 55000.0, "channel": "Bank", "timestamp": "2026-05-08T11:52:13.060738"}}
{"prev_hash": "bf2515e3ba1e0eb2b577dd02e0384dfdf80273cd6f97545033fb3f1cbb17d5dd", "data": {"tx_id": "TXN-9D72BFFB", "student_id": "STU41258", "amount": 245000.0, "channel": "Wallet", "timestamp": "2026-05-08T19:00:13.060738"}}
{"prev_hash": "db81b3d26347551e19a4ce43b3ae42fb89b0f9b278507ac93eb22b083e8b772e", "data": {"tx_id": "TXN-0FC02DD9", "student_id": "STU45357", "amount": 77000.0, "channel": "Bank", "timestamp": "2026-05-10T01:39:13.060738"}}
{"prev_hash": "aa93ea4af9d64bda28e3affe82ffe139004a2e2944489a01d61616a6b9597b4f", "data": {"tx_id": "TXN-F190A29C", "student_id": "STU71372", "amount": 318000.0, "channel": "Wallet", "timestamp": "2026-05-09T09:00:13.060738"}}
{"prev_hash": "2821daa4c7e3dd98d7c413459006d3f69d3adf1df55ae75498baf9692baa8d9d", "data": {"tx_id": "TXN-C3DDEC44", "student_id": "STU54123", "amount": 435000.0, "channel": "Bank", "timestamp": "2026-05-09T05:28:13.060738"}}
{"prev_hash": "de9608d03d465f70540a0d428525da0b3100124c12b0744a9c8321fe7b71de74", "data": {"tx_id": "TXN-445D3545", "student_id": "STU93524", "amount": 109000.0, "channel": "Wallet", "timestamp": "2026-05-04T22:31:13.060738"}}
{"prev_hash": "2ec17387192bb63d2dff37e63ca8edef2d564621420ec02297647f18ef20a16b", "data": {"tx_id": "TXN-63781DD2", "student_id": "STU66327", "amount": 486000.0, "channel": "Wallet", "timestamp": "2026-05-08T00:17:13.060738"}}
{"prev_hash": "98df7f63136f42657dea1a8b1102ff345d29c511d1a8fe230cf3002c24898617", "data": {"tx_id": "TXN-4E8A1730", "student_id": "STU44893", "amount": 348000.0, "channel": "Wallet", "timestamp": "2026-05-10T02:22:13.060738"}}
{"prev_hash": "58600ce5e3156a64aa77138f72345bb9d40485a576f1e498b65768d19df9a6ba", "data": {"tx_id": "TXN-6A722AE7", "student_id": "STU51744", "amount": 369000.0, "channel": "Wallet", "timestamp": "2026-05-10T10:49:13.060738"}}
{"prev_hash": "42ad383be657291709771c8755aa4e9e642e704f4f72a2e2528030d73c320643", "data": {"tx_id": "TXN-1507FF55", "student_id": "STU42467", "amount": 335000.0, "channel": "Bank", "timestamp": "2026-05-06T12:16:13.060738"}}
{"prev_hash": "e286d5d9f693c9e3e234c68b043db4bef5b346f39a628d4e9ea9135c72e8dcdc", "data": {"tx_id": "TXN-D7B03BC4", "student_id": "STU73300", "amount": 121000.0, "channel": "Wallet", "timestamp": "2026-05-06T14:19:13.060738"}}
{"prev_hash": "becdd555ebc6b64a3e8ed43f26ce8f346892340f0c8c5532474216f46aec9702", "data": {"tx_id": "TXN-1C36B0A9", "student_id": "STU96153", "amount": 279000.0, "channel": "Bank", "timestamp": "2026-05-07T05:58:13.060738"}}
{"prev_hash": "7908a6e0be8f5d650aa0ba403e36416fb5799c7b0eecce83adcacbf05ea5e9a7", "data": {"tx_id": "TXN-D9185287", "student_id": "STU39667", "amount": 166000.0, "channel": "Wallet", "timestamp": "2026-05-06T05:34:13.060738"}}
{"prev_hash": "52820c1d92e67a02f58b2e8dc002cd32ea861dc6558c2abc3557a081ee512503", "data": {"tx_id": "TXN-E59BB23C", "student_id": "STU53944", "amount": 396000.0, "channel": "Bank", "timestamp": "2026-05-10T05:28:13.060738"}}
{"prev_hash": "6174211d087744211ad7e9a44189900f153914e2603553487d8bf947c7d89c88", "data": {"tx_id": "TXN-C2AB12F3", "student_id": "STU85603", "amount": 262000.0, "channel": "Bank", "timestamp": "2026-05-09T11:00:13.060738"}}
{"prev_hash": "0d33a3b095eaee0bae57247cf30dd2a45615b62783e1483deefd385a4b925ac2", "data": {"tx_id": "TXN-50CEE966", "student_id": "STU72386", "amount": 334000.0, "channel": "Wallet", "timestamp": "2026-05-11T09:44:13.060738"}}
{"prev_hash": "13830ee098d034d9b55975f6a9747cff60a8c936f77c143daf94a5729fc90dec", "data": {"tx_id": "TXN-70C72265", "student_id": "STU30714", "amount": 86000.0, "channel": "Bank", "timestamp": "2026-05-10T12:40:13.060738"}}
{"prev_hash": "76ad61ba502204af2b2bddc37450263729dc0889b441df7797ceac7a40a6feac", "data": {"tx_id": "TXN-52BFB0D4", "student_id": "STU23680", "amount": 91000.0, "channel": "Bank", "timestamp": "2026-05-08T02:05:13.060738"}}
{"prev_hash": "3af7739f7620cd324502f6d9ab69f3c5c09c2eeb7fd730b00a284aef41a7b6f4", "data": {"tx_id": "TXN-A4682BEA", "student_id": "STU78462", "amount": 403000.0, "channel": "Wallet", "timestamp": "2026-05-08T09:12:13.060738"}}
{"prev_hash": "1261c531cda80be5caa8cfd88922429b9d570a6457b2b080addaedec3c315294", "data": {"tx_id": "TXN-9B36EE15", "student_id": "STU37570", "amount": 218000.0, "channel": "Wallet", "timestamp": "2026-05-05T01:25:13.060738"}}
{"prev_hash": "e211f16738956e1ab0f21aa101702c3c688d97a9eaba8a562d2fb42164690e20", "data": {"tx_id": "TXN-9C903A75", "student_id": "STU79984", "amount": 370000.0, "channel": "Bank", "timestamp": "2026-05-08T22:16:13.060738"}}
{"prev_hash": "82bf6756b09563bb93081df510a45814a0ab345a94e038d1699f76a7db0d7179", "data": {"tx_id": "TXN-5E0E332E", "student_id": "STU30495", "amount": 115000.0, "channel": "Wallet", "timestamp": "2026-05-10T15:59:13.060738"}}
{"prev_hash": "aa928b40bafe0d2aaa9b900a9e2595cbc0032db74ced602e32e2d97df4b90401", "data": {"tx_id": "TXN-FFCE6D77", "student_id": "STU92690", "amount": 385000.0, "channel": "Bank", "timestamp": "2026-05-10T01:45:13.060738"}}
{"prev_hash": "4c93b73a14014f354394ef8eadd0c95ffa6b78ac6a36dd32edc03fb56fda2a80", "data": {"tx_id": "TXN-604B6B8E", "student_id": "STU77185", "amount": 338000.0, "channel": "Bank", "timestamp": "2026-05-11T02:55:13.060738"}}
{"prev_hash": "459e4b807fb68c99ff65e5b38b4796aee0a4a7754bc205a0aedc8a6fb884f476", "data": {"tx_id": "TXN-F9D2B6F4", "student_id": "STU48436", "amount": 79000.0, "channel": "Wallet", "timestamp": "2026-05-05T13:50:13.060738"}}
{"prev_hash": "5e3e67f0e064f266df885c8f497b134bb17c7d43e271a229d8f09e49192e9611", "data": {"tx_id": "TXN-059B33A2", "student_id": "STU76513", "amount": 327000.0, "channel": "Wallet", "timestamp": "2026-05-07T04:58:13.060738"}}
{"prev_hash": "15d8633c43d734e97905cdcd1da5104356f68fb4a1d51e31a22a25510662a595", "data": {"tx_id": "TXN-395FC1AC", "student_id": "STU94224", "amount": 242000.0, "channel": "Bank", "timestamp": "2026-05-10T14:45:13.060738"}}
{"prev_hash": "90f5d76f816efbb2219e9a0f154aa2317b4547ba60159ae198f9f361c138cd9e", "data": {"tx_id": "TXN-AAA3D946", "student_id": "STU80304", "amount": 242000.0, "channel": "Wallet", "timestamp": "2026-05-10T17:34:13.060738"}}
{"prev_hash": "86fa4a5b0cd6a249f7e9d389c786b70ba305ac135e0d2f106a53389e4123ca47", "data": {"tx_id": "TXN-3D8119E0", "student_id": "STU20625", "amount": 249000.0, "channel": "Bank", "timestamp": "2026-05-11T05:26:13.060738"}}
{"prev_hash": "cf8b5c646991c64668be246a304e485ded402ade8a685df018482d4fc514571d", "data": {"tx_id": "TXN-D0FFAAAD", "student_id": "STU26812", "amount": 367000.0, "channel": "Bank", "timestamp": "2026-05-09T03:30:13.060738"}}
{"prev_hash": "ff32049f13c4f4e6439c50d7746e94b974cb8d325905a331e1cdc24c1b345718", "data": {"tx_id": "TXN-0589E37B", "student_id": "STU12553", "amount": 348000.0, "channel": "Bank", "timestamp": "2026-05-07T21:13:13.060738"}}
{"prev_hash": "5ed70ab59939ec93b2100ec86c636066b3fe0be3b8850d72baa63f0cbbb42de5", "data": {"tx_id": "TXN-8A486368", "student_id": "STU43417", "amount": 183000.0, "channel": "Bank", "timestamp": "2026-05-07T16:50:13.060738"}}
{"prev_hash": "eabe9c5e4f0caac5fa840b7b37022d8089d3d0d0772a7d84acbdc22f88f03e8d", "data": {"tx_id": "TXN-0CA9E509", "student_id": "STU60768", "amount": 281000.0, "channel": "Bank", "timestamp": "2026-05-07T21:05:13.060738"}}
{"prev_hash": "1f78ff5720ac6f079ffc3815342fef4157b1e8b4f37098775a3f9e28c9f8300b", "data": {"tx_id": "TXN-ABDCE9A7", "student_id": "STU97301", "amount": 259000.0, "channel": "Bank", "timestamp": "2026-05-05T18:53:13.060738"}}
{"prev_hash": "08ba92089a6cb17e09af8db67457e86e78ac1e7c54fc6d3ce3aa80c5aeb5dde9", "data": {"tx_id": "TXN-43307D3D", "student_id": "STU61103", "amount": 305000.0, "channel": "Wallet", "timestamp": "2026-05-07T04:35:13.060738"}}
{"prev_hash": "af32d6967cc16f0970b0e705f9d4a8ba3de3a3d35682808d76246e705ad0c8f8", "data": {"tx_id": "TXN-32217A3C", "student_id": "STU26164", "amount": 90000.0, "channel": "Wallet", "timestamp": "2026-05-09T16:08:13.060738"}}
{"prev_hash": "95f2418e1e8e327ed9141d9c17d75da476cd98786411d9e526a7f40a938195d6", "data": {"tx_id": "TXN-9FA95BB3", "student_id": "STU65583", "amount": 52000.0, "channel": "Wallet", "timestamp": "2026-05-05T15:06:13.060738"}}
{"prev_hash": "2ad0d3f7dbce2750463dbf3738b36c996135f285e0ae7b84dbd7950c19f1bf33", "data": {"tx_id": "TXN-F5A2C693", "student_id": "STU15032", "amount": 322000.0, "channel": "Bank", "timestamp": "2026-05-10T15:47:13.060738"}}
{"prev_hash": "e9f6df60431be430d723fdd5531c7b1db8b81c9e10de20018d5139adf77cab4e", "data": {"tx_id": "TXN-E4D33E3F", "student_id": "STU81342", "amount": 314000.0, "channel": "Wallet", "timestamp": "2026-05-06T02:12:13.060738"}}
{"prev_hash": "fb5e66622796f93bfecd1a94bc85565dc67ba48501866d51b7f5176a518fd0ad", "data": {"tx_id": "TXN-889DADB2", "student_id": "STU86456", "amount": 293000.0, "channel": "Bank", "timestamp": "2026-05-07T18:38:13.060738"}}
{"prev_hash": "4a471274019de08a6b327988730d42de589e4e70a749ac01c42447375d5f5ee1", "data": {"tx_id": "TXN-1D389702", "student_id": "STU36560", "amount": 196000.0, "channel": "Wallet", "timestamp": "2026-05-09T08:15:13.060738"}}
{"prev_hash": "562867f43ba0e38204458ef54ea5fa5ccba332050cbb5dca36741d133d42b337", "data": {"tx_id": "TXN-C9388137", "student_id": "STU80629", "amount": 129000.0, "channel": "Wallet", "timestamp": "2026-05-06T22:50:13.060738"}}
{"prev_hash": "0d710e2e4d264e74ceafac7878cf11df614cc23652f69b5c9aaba1f03fba5961", "data": {"tx_id": "TXN-3C09D285", "student_id": "STU36048", "amount": 261000.0, "channel": "Bank", "timestamp": "2026-05-07T06:00:13.060738"}}
{"prev_hash": "790e1d5fd83ed75596beedc4db20ec8c4e56aee1d5ca0f2c8e323507fbc873ed", "data": {"tx_id": "TXN-FAA88635", "student_id": "STU90849", "amount": 301000.0, "channel": "Wallet", "timestamp": "2026-05-05T18:35:13.060738"}}
{"prev_hash": "584976921651d737255a943bbabc401f2da4731d963b25fee78bcaa36f0e447d", "data": {"tx_id": "TXN-9281B190", "student_id": "STU87350", "amount": 248000.0, "channel": "Bank", "timestamp": "2026-05-10T02:03:13.060738"}}
{"prev_hash": "6e108a4fc61817d396511fc397c8f91fdde5269380b48b4e4650a04c40a59e8d", "data": {"tx_id": "TXN-C3E6C314", "student_id": "STU47955", "amount": 118000.0, "channel": "Wallet", "timestamp": "2026-05-08T00:38:13.060738"}}
{"prev_hash": "f5f17f0c0c39a46f9fb087311a8ca1a9e767315a15cb7ef4b4883672a2a830f2", "data": {"tx_id": "TXN-A98D9E33", "student_id": "STU38016", "amount": 180000.0, "channel": "Bank", "timestamp": "2026-05-09T18:50:13.060738"}}
{"prev_hash": "5451d84cf9184a263b33e69c68d175dfd8f0c5c28b49f0c222868ca62fe0e549", "data": {"tx_id": "TXN-C91E9B22", "student_id": "STU68586", "amount": 113000.0, "channel": "Wallet", "timestamp": "2026-05-06T07:45:13.060738"}}
{"prev_hash": "41237c8e3f945cbb727f8f00008c6e45a250049aac6494fb7cffae332c185bb6", "data": {"tx_id": "TXN-DB4E7F9A", "student_id": "STU94374", "amount": 301000.0, "channel": "Bank", "timestamp": "2026-05-08T16:53:13.060738"}}
{"prev_hash": "8fccc3e52cdbb7c15735bd01260f1193896500be0a065fb4a352c0ceb962c694", "data": {"tx_id": "TXN-6200609A", "student_id": "STU32179", "amount": 61000.0, "channel": "Wallet", "timestamp": "2026-05-10T18:10:13.060738"}}
{"prev_hash": "0f98e7f5d7ccd5a945c621c7abeb8761625dc874004f7f13ef888574767e2f20", "data": {"tx_id": "TXN-DBAF01EE", "student_id": "STU40454", "amount": 82000.0, "channel": "Wallet", "timestamp": "2026-05-09T21:39:13.060738"}}
{"prev_hash": "35eb2c65b76ef1fea6cdc0d5195f6fb1378f1128d2b8e1964c161cc3041d4435", "data": {"tx_id": "TXN-E17B7B78", "student_id": "STU60517", "amount": 226000.0, "channel": "Wallet", "timestamp": "2026-05-06T05:10:13.060738"}}
{"prev_hash": "db38bca40c855727659ad7304af94c7d42e7633fd84234a3e371996ca4183fbb", "data": {"tx_id": "TXN-83FA38B2", "student_id": "STU99051", "amount": 415000.0, "channel": "Wallet", "timestamp": "2026-05-06T16:27:13.060738"}}
{"prev_hash": "48018a362ce63c065331bd9d022cd2ddc4127f83c354db1efdf8231e9718af39", "data": {"tx_id": "TXN-BB21A367", "student_id": "STU69585", "amount": 125000.0, "channel": "Wallet", "timestamp": "2026-05-06T16:22:13.060738"}}
{"prev_hash": "6b3a6b7e088a3ee8d85cc59f9b5d425e5f0b4abde22eb2df082ecd34f81726e7", "data": {"tx_id": "TXN-674CEFA9", "student_id": "STU69588", "amount": 63000.0, "channel": "Wallet", "timestamp": "2026-05-05T09:40:13.060738"}}
{"prev_hash": "569def2226e896e5adb0c127a54e978172776377d019ead52523e52fb376bd26", "data": {"tx_id": "TXN-A194F3D9", "student_id": "STU71117", "amount": 270000.0, "channel": "Bank", "timestamp": "2026-05-09T11:45:13.060738"}}
{"prev_hash": "3084784b5305502a947bdb14cbddf5f7bb0a56d8b22a89ccb5a2c3761e092f7a", "data": {"tx_id": "TXN-6518297E", "student_id": "STU21144", "amount": 418000.0, "channel": "Bank", "timestamp": "2026-05-10T08:34:13.060738"}}
{"prev_hash": "d1fe2a3b2d482b1c095361744088a895e17a1868ba196d8c3badbe61e6ec6f31", "data": {"tx_id": "TXN-8A04C675", "student_id": "STU39457", "amount": 398000.0, "channel": "Bank", "timestamp": "2026-05-06T02:02:13.060738"}}
{"prev_hash": "99f2bed55154185c432f23562218ff1b302d8a27075d26a956591dcdd15881c7", "data": {"tx_id": "TXN-D8FAECF0", "student_id": "STU32321", "amount": 475000.0, "channel": "Bank", "timestamp": "2026-05-09T22:20:13.060738"}}
{"prev_hash": "baa8d7e2be7ba8755486461b139fb72eec97764d7d6b8a6f0d7794136a81bcdf", "data": {"tx_id": "TXN-3FA31444", "student_id": "STU42508", "amount": 88000.0, "channel": "Wallet", "timestamp": "2026-05-11T03:35:13.060738"}}
{"prev_hash": "2aaa2ed7f177556c0660603656db31115da79720a72b0b247ccd2665043cf3ef", "data": {"tx_id": "TXN-E7C6F24A", "student_id": "STU15721", "amount": 314000.0, "channel": "Bank", "timestamp": "2026-05-10T06:45:13.060738"}}
{"prev_hash": "fb70f2a4d90e921431a613e7d352a9865cfdd502cbf96463f4198eac3faaa30d", "data": {"tx_id": "TXN-CBB819AC", "student_id": "STU44857", "amount": 351000.0, "channel": "Bank", "timestamp": "2026-05-11T03:25:13.060738"}}
{"prev_hash": "572d083a265494bce3a1d967063ec95b331b18ebc15e251f0102ece849f304b0", "data": {"tx_id": "TXN-6AF3EBA5", "student_id": "STU85217", "amount": 75000.0, "channel": "Wallet", "timestamp": "2026-05-08T05:14:13.060738"}}
{"prev_hash": "751427b1b79579286db12b5be963eab6ecb4713f23bd339bb67440529f7307c7", "data": {"tx_id": "TXN-DC836F8A", "student_id": "STU25509", "amount": 221000.0, "channel": "Bank", "timestamp": "2026-05-06T12:28:13.060738"}}
{"prev_hash": "3a50ff940385f6dd15722e8202ce9db45b316c6a2b57f391c5f101b5d1018759", "data": {"tx_id": "TXN-0826BA53", "student_id": "STU98208", "amount": 92000.0, "channel": "Bank", "timestamp": "2026-05-07T11:17:13.060738"}}
{"prev_hash": "c2825acdba1ed82d1e677734d106c180bccf7c7e67c84430c9cc38b8195a7bcf", "data": {"tx_id": "TXN-39D26FA4", "student_id": "STU20179", "amount": 467000.0, "channel": "Wallet", "timestamp": "2026-05-10T19:47:13.060738"}}
{"prev_hash": "1c2f057ca94fa427a20bdba652cef35c40a0a31f6cfc6803fff119111496a769", "data": {"tx_id": "TXN-C559671F", "student_id": "STU77361", "amount": 264000.0, "channel": "Wallet", "timestamp": "2026-05-05T06:25:13.060738"}}
{"prev_hash": "895d8a7d56a8710cbf6787c955bd21bb6277131a772c6cd0bb4049d4ec16d51e", "data": {"tx_id": "TXN-55034187", "student_id": "STU43807", "amount": 178000.0, "channel": "Bank", "timestamp": "2026-05-09T14:21:13.060738"}}
{"prev_hash": "85d9fe833722ea02e34e66b8d0eb12c40e04b29d3fca5c5e30ae772499cbd7fe", "data": {"tx_id": "TXN-B452DAD3", "student_id": "STU84665", "amount": 361000.0, "channel": "Wallet", "timestamp": "2026-05-10T05:49:13.060738"}}
{"prev_hash": "359bba159ced92b65bd2c73ba616ea3f983c5f06354df1440db8281cf0740e0d", "data": {"tx_id": "TXN-19A79986", "student_id": "STU23133", "amount": 74000.0, "channel": "Wallet", "timestamp": "2026-05-05T15:43:13.060738"}}
{"prev_hash": "b275a224db40482a8b42c5f3ca3ab37e7cdb9b91d30afef9ed84fbb548afc79a", "data": {"tx_id": "TXN-31317E93", "student_id": "STU31225", "amount": 363000.0, "channel": "Wallet", "timestamp": "2026-05-08T20:47:13.060738"}}
{"prev_hash": "6e01210205886b884faf8d7818d65b7f8565e5d81f504df3c8785c0349b7ae36", "data": {"tx_id": "TXN-7EBB2A1E", "student_id": "STU71736", "amount": 388000.0, "channel": "Bank", "timestamp": "2026-05-08T14:21:13.060738"}}
{"prev_hash": "29bc243b557320e89883faeed8b6e3e9524872c8da4542a7bb0bf3e8b1d22d5f", "data": {"tx_id": "TXN-016244CB", "student_id": "STU12671", "amount": 198000.0, "channel": "Wallet", "timestamp": "2026-05-06T18:48:13.060738"}}
{"prev_hash": "f90254010afa6dee919e42d2b8e3f208ba6febc6ce42d6162c66ff8d0723c99c", "data": {"tx_id": "TXN-F34755A6", "student_id": "STU54989", "amount": 327000.0, "channel": "Wallet", "timestamp": "2026-05-09T04:49:13.060738"}}
{"prev_hash": "90c56e192d53f5f217ff2218557346032e396aac4b01efa0123a4ab837415087", "data": {"tx_id": "TXN-2C3ABEE4", "student_id": "STU43847", "amount": 376000.0, "channel": "Wallet", "timestamp": "2026-05-09T08:41:13.060738"}}
{"prev_hash": "4a8063472025cf048d08149b14078c82029fcdae3559d4a0f1a7f31a487092a0", "data": {"tx_id": "TXN-2000FB8B", "student_id": "STU46659", "amount": 278000.0, "channel": "Wallet", "timestamp": "2026-05-08T01:16:13.060738"}}
{"prev_hash": "ca260ebf5b7ee0ef449b3bd712e5c08f5846cfa5639f14bb6b19214916ee2bbf", "data": {"tx_id": "TXN-99CDF958", "student_id": "STU70102", "amount": 157000.0, "channel": "Wallet", "timestamp": "2026-05-05T21:26:13.060738"}}
{"prev_hash": "9fc0a2a1b7c5410896b6ac5680502acd2a954ce76a6e212a78247a1d40e48cc1", "data": {"tx_id": "TXN-A60390AC", "student_id": "STU37204", "amount": 487000.0, "channel": "Bank", "timestamp": "2026-05-07T07:16:13.060738"}}
{"prev_hash": "d347fcd9095b3a5dec50d5d97f8d87702bbdf45f45677ddff82a59a30c026876", "data": {"tx_id": "TXN-D64B6FEB", "student_id": "STU37424", "amount": 253000.0, "channel": "Bank", "timestamp": "2026-05-06T01:38:13.060738"}}
{"prev_hash": "4a3a83716fadf70320a6e7b7d8ed83c0db40e64e06a9697ce373788bd9e22d93", "data": {"tx_id": "TXN-B445A71C", "student_id": "STU93979", "amount": 122000.0, "channel": "Bank", "timestamp": "2026-05-11T10:10:13.060738"}}
{"prev_hash": "c29597c91400b6c2e8515ca24d56ed8dc3147e52b925a412fc43a6fa16b1a105", "data": {"tx_id": "TXN-88A0CC0B", "student_id": "STU95843", "amount": 433000.0, "channel": "Wallet", "timestamp": "2026-05-06T13:16:13.060738"}}
{"prev_hash": "7074d6db1323da54932587a48c9262892815e7e68f792a8ea1fd46c26b01260c", "data": {"tx_id": "TXN-76931407", "student_id": "STU59113", "amount": 327000.0, "channel": "Wallet", "timestamp": "2026-05-08T13:35:13.060738"}}
{"prev_hash": "0a2b388ae06c0ba667fd53a80a25c6d365318a965d86f3176498058e73a609ac", "data": {"tx_id": "TXN-F0AED456", "student_id": "STU35607", "amount": 183000.0, "channel": "Wallet", "timestamp": "2026-05-05T11:22:13.060738"}}
{"prev_hash": "7c7f8cd12ddd9edf660720b4efd9260352e601782f1b1f44bd6673b00334483e", "data": {"tx_id": "TXN-80D518E7", "student_id": "STU24316", "amount": 140000.0, "channel": "Bank", "timestamp": "2026-05-06T07:38:13.060738"}}
{"prev_hash": "0dcd1a12fa219d84670589db53a35d211eb944a7b86897593894a56336a8c5e7", "data": {"tx_id": "TXN-E124B56E", "student_id": "STU93839", "amount": 295000.0, "channel": "Bank", "timestamp": "2026-05-05T05:04:13.060738"}}
{"prev_hash": "c39a6399807a6410e9cbbe1bc64bd469e139de6dae2a470e022e6dfe9ae0c7b5", "data": {"tx_id": "TXN-22C7C962", "student_id": "STU70794", "amount": 500000.0, "channel": "Bank", "timestamp": "2026-05-08T05:23:13.060738"}}
{"prev_hash": "96462157dcc11334d8d059b0d0baff0f54a4fb39af0a35813eaeef3b6a8b7fe9", "data": {"tx_id": "TXN-AF06D9AF", "student_id": "STU28120", "amount": 213000.0, "channel": "Wallet", "timestamp": "2026-05-06T17:33:13.060738"}}
{"prev_hash": "0009ffaee85bf4e5b8ccf5a627d5714bf2b24807c20bb1a61a5bb21c654793b0", "data": {"tx_id": "TXN-971D5A3B", "student_id": "STU19856", "amount": 314000.0, "channel": "Wallet", "timestamp": "2026-05-06T14:22:13.060738"}}
{"prev_hash": "59ecc4e2cbefbe00900478e2821130caf8dc2c49739b554d918133cce1845b9a", "data": {"tx_id": "TXN-9D339E89", "student_id": "STU82851", "amount": 106000.0, "channel": "Bank", "timestamp": "2026-05-06T17:25:13.060738"}}
{"prev_hash": "070240473951ac7892ab9dac0c253a7da825bf7b7f123fcd0a4034454bb1d5e0", "data": {"tx_id": "TXN-4BAA3013", "student_id": "STU17651", "amount": 156000.0, "channel": "Wallet", "timestamp": "2026-05-11T06:49:13.060738"}}
{"prev_hash": "2ca0fd8ea2557b51cf97310d80cb9030cb0ad3f5cf0a508df8e62efdded6add5", "data": {"tx_id": "TXN-201B9304", "student_id": "STU13652", "amount": 64000.0, "channel": "Bank", "timestamp": "2026-05-06T04:05:13.060738"}}
{"prev_hash": "d1fc63383ba27159ade45f262958975772c823337366c5901be6d4ce62379a74", "data": {"tx_id": "TXN-D867DADC", "student_id": "STU36909", "amount": 287000.0, "channel": "Bank", "timestamp": "2026-05-07T19:55:13.060738"}}
{"prev_hash": "9898e6532b59645a02e39482d28e078f34226f52b07ec9ec944b9b91bde49034", "data": {"tx_id": "TXN-1AFDB06A", "student_id": "STU32264", "amount": 427000.0, "channel": "Wallet", "timestamp": "2026-05-10T06:43:13.060738"}}
{"prev_hash": "ceeee35807bf2fe6fb6afc54e2e9c83149eaeaa12f600b495aba96685589ac36", "data": {"tx_id": "TXN-4DA7A454", "student_id": "STU44915", "amount": 319000.0, "channel": "Bank", "timestamp": "2026-05-05T21:26:13.060738"}}
{"prev_hash": "64d1d0cb80543695a42eb2f035fdb848c908909ef98c4b03244d85e0457ecb37", "data": {"tx_id": "TXN-5E13B1D5", "student_id": "STU87668", "amount": 311000.0, "channel": "Bank", "timestamp": "2026-05-06T04:35:13.060738"}}
{"prev_hash": "c89476aaeefc75ff5e2932d36927f5ae73e84f7acd50b0b20339132d4b7077ec", "data": {"tx_id": "TXN-D01F3678", "student_id": "STU52657", "amount": 240000.0, "channel": "Bank", "timestamp": "2026-05-05T08:40:13.060738"}}
{"prev_hash": "b12a0f176fed1be9eb8b3346720ad1d28381cc38d45f9ba011eeb3dc1599eb65", "data": {"tx_id": "TXN-97431E7D", "student_id": "STU11098", "amount": 212000.0, "channel": "Wallet", "timestamp": "2026-05-06T18:57:13.060738"}}
{"prev_hash": "1a4c6819c3d4681f0f12a53fb01c2f969c891d6253fa3bef133b731730ffe3bd", "data": {"tx_id": "TXN-DAFB153E", "student_id": "STU60741", "amount": 487000.0, "channel": "Wallet", "timestamp": "2026-05-06T04:33:13.060738"}}
{"prev_hash": "ade06749b17a525c1b9d6fa570ab1069d73594d7435776a92cd2a02106e0c3ff", "data": {"tx_id": "TXN-8BE3C251", "student_id": "STU53828", "amount": 357000.0, "channel": "Bank", "timestamp": "2026-05-09T14:20:13.060738"}}
{"prev_hash": "ee682bd61b371762b0b0a968d45405aab7fab9b7889bbe0ac9328458248752a6", "data": {"tx_id": "TXN-5413974F", "student_id": "STU80103", "amount": 153000.0, "channel": "Bank", "timestamp": "2026-05-11T14:36:13.060738"}}
{"prev_hash": "d125e01abc88d4b3ac682bed1060c75ebcbd5fdc06bec6f3dda86bbe566feb7c", "data": {"tx_id": "TXN-58550AAE", "student_id": "STU55594", "amount": 433000.0, "channel": "Bank", "timestamp": "2026-05-04T23:22:13.060738"}}
{"prev_hash": "dfcfe777ef8cdc8f903a1804b7635677f999eb207cf29a82310a713c3ecefea3", "data": {"tx_id": "TXN-BAB7F6F9", "student_id": "STU67181", "amount": 313000.0, "channel": "Wallet", "timestamp": "2026-05-11T18:36:13.060738"}}
{"prev_hash": "37184ca0f8af979044fbdcea5198994a4b26a90c4033351e1ddbb09c3fb5c5f0", "data": {"tx_id": "TXN-5D41E09B", "student_id": "STU92042", "amount": 90000.0, "channel": "Bank", "timestamp": "2026-05-09T03:27:13.060738"}}
{"prev_hash": "eb0f9540877f2c0e71d8da9e3beeb2a774451fed688085ac124c458aaeceb12c", "data": {"tx_id": "TXN-43F34C56", "student_id": "STU24119", "amount": 428000.0, "channel": "Wallet", "timestamp": "2026-05-06T13:47:13.060738"}}
{"prev_hash": "4e8341d2ba48bf0d1a77e7aa50741a9080bfba5755f1b75f8481db75ac95e9ec", "data": {"tx_id": "TXN-463EEB39", "student_id": "STU51891", "amount": 125000.0, "channel": "Wallet", "timestamp": "2026-05-11T11:43:13.060738"}}
{"prev_hash": "e7795c020f4627f5f67e24808a6a034334d14b9535a58824cfb38559ef322378", "data": {"tx_id": "TXN-4987F6A9", "student_id": "STU32941", "amount": 485000.0, "channel": "Bank", "timestamp": "2026-05-09T15:23:13.060738"}}
{"prev_hash": "8cdc00fd7283e4eee2f67112d16980e5192ebd17e6b97be18c3cf03b03734e72", "data": {"tx_id": "TXN-071ACBE7", "student_id": "STU33607", "amount": 86000.0, "channel": "Bank", "timestamp": "2026-05-07T15:29:13.060738"}}
{"prev_hash": "24a45561126547ef2295fed3db173c1646b915de6c032ca258dd5b23d6e4600c", "data": {"tx_id": "TXN-0F52557E", "student_id": "STU88191", "amount": 82000.0, "channel": "Wallet", "timestamp": "2026-05-05T23:35:13.060738"}}
{"prev_hash": "b8e7b2162e775ac16c4317d9f446a1ee29728bdb210fdff96c4dea3eafc33537", "data": {"tx_id": "TXN-5EEA6643", "student_id": "STU81188", "amount": 403000.0, "channel": "Wallet", "timestamp": "2026-05-10T07:29:13.060738"}}
{"prev_hash": "ec5bbb8a0823eebbdfb5002c124e72db52ec8997a06733aabe824a2a7214616a", "data": {"tx_id": "TXN-5FFA3840", "student_id": "STU70669", "amount": 372000.0, "channel": "Wallet", "timestamp": "2026-05-07T11:32:13.060738"}}
{"prev_hash": "43ec6be9bc7b16ee11b7e80096c3fd344201f8c09ec87c65bed8c2ec4329037a", "data": {"tx_id": "TXN-4B066284", "student_id": "STU37375", "amount": 225000.0, "channel": "Wallet", "timestamp": "2026-05-06T09:25:13.060738"}}
{"prev_hash": "c93e332f66cddb6c51800a40d29c76e934ef0a6d8790e705170c91daa8f1555f", "data": {"tx_id": "TXN-7402B0BB", "student_id": "STU96671", "amount": 372000.0, "channel": "Wallet", "timestamp": "2026-05-07T18:26:13.060738"}}
{"prev_hash": "b68c1924e514ef441600dc7dbb93485e71f30e9573bba3845aa57cc43a6e7614", "data": {"tx_id": "TXN-BABE7273", "student_id": "STU70308", "amount": 434000.0, "channel": "Bank", "timestamp": "2026-05-06T06:41:13.060738"}}
{"prev_hash": "ad1c73e19833761f1999b0e0afd47efeefad47a3d05a9d0f3b715a4fef749874", "data": {"tx_id": "TXN-08E5AFC3", "student_id": "STU24619", "amount": 174000.0, "channel": "Bank", "timestamp": "2026-05-05T23:35:13.060738"}}
{"prev_hash": "73ca9028025b9e4b66cef4cd0577e30f767e86d15cf0cad0942130c26d3d4e78", "data": {"tx_id": "TXN-97EAD33F", "student_id": "STU45110", "amount": 126000.0, "channel": "Wallet", "timestamp": "2026-05-06T17:35:13.060738"}}
{"prev_hash": "d2d4207612f9f738ee9836263047178d3c2b2ca6959d72977980710eaa42b55e", "data": {"tx_id": "TXN-6769A14D", "student_id": "STU29269", "amount": 356000.0, "channel": "Wallet", "timestamp": "2026-05-08T08:55:13.060738"}}
{"prev_hash": "0749531fe0538d848790cce6ad787f4bde8c26478ad5358c20fcac95a339be87", "data": {"tx_id": "TXN-D977201A", "student_id": "STU62016", "amount": 129000.0, "channel": "Bank", "timestamp": "2026-05-05T06:04:13.060738"}}
{"prev_hash": "d09848ff2b633ff806a391d3df5cd7db05c044aec2ac957296e2b8c2df1bcd87", "data": {"tx_id": "TXN-9779771C", "student_id": "STU54302", "amount": 387000.0, "channel": "Bank", "timestamp": "2026-05-11T01:45:13.060738"}}
{"prev_hash": "8d204a27e63bb50585e3216a992e6fac84fae14fcb269704a83b19925b1c29b7", "data": {"tx_id": "TXN-86421572", "student_id": "STU71856", "amount": 306000.0, "channel": "Wallet", "timestamp": "2026-05-05T05:59:13.060738"}}
{"prev_hash": "29ccbe934bf7df88a3c1ea65288d1c060e2754e76f9e48e25d1c08d884d2001d", "data": {"tx_id": "TXN-D87B03EE", "student_id": "STU65908", "amount": 363000.0, "channel": "Wallet", "timestamp": "2026-05-07T02:54:13.060738"}}
{"prev_hash": "0104b8d20c08eb2bfc33aa9917606c0d20e82f23fa2e92bb3059d909929a3650", "data": {"tx_id": "TXN-41EBB594", "student_id": "STU61178", "amount": 138000.0, "channel": "Bank", "timestamp": "2026-05-10T07:19:13.060738"}}
{"prev_hash": "9ae256d776797bf34c3509c1098b1b43f7ce61f08026a00439ce92cb584efca1", "data": {"tx_id": "TXN-3938216A", "student_id": "STU86034", "amount": 338000.0, "channel": "Bank", "timestamp": "2026-05-11T19:23:13.060738"}}
{"prev_hash": "71be6ebb32df7b392a6e39c239ac0ecb9ab000be01574ee46be10c12b3807f14", "data": {"tx_id": "TXN-6374EF60", "student_id": "STU51620", "amount": 233000.0, "channel": "Bank", "timestamp": "2026-05-10T21:19:13.060738"}}
{"prev_hash": "aad956962fb2b16d7f765c365ac1b9e43ad02185fa2cde194841020db6c2d6b6", "data": {"tx_id": "TXN-9CC566BE", "student_id": "STU23372", "amount": 188000.0, "channel": "Wallet", "timestamp": "2026-05-11T13:48:13.060738"}}
{"prev_hash": "461908dd393b8c8ac99f719f0214b6bff3df8458030cf8cc81358a8d9c5a19ac", "data": {"tx_id": "TXN-6A33ECBE", "student_id": "STU12947", "amount": 376000.0, "channel": "Bank", "timestamp": "2026-05-11T04:10:13.060738"}}
{"prev_hash": "b90259b84d5e60a284a7547872dcd19b617f86945c2af2badeea187f5e16fbf7", "data": {"tx_id": "TXN-71F2D019", "student_id": "STU96259", "amount": 102000.0, "channel": "Bank", "timestamp": "2026-05-07T08:03:13.060738"}}
{"prev_hash": "97b224540b439e75164c2c9c6bb2335af19db2de3ab1bfbf21beea8380c0109a", "data": {"tx_id": "TXN-482D7BB0", "student_id": "STU24502", "amount": 473000.0, "channel": "Wallet", "timestamp": "2026-05-08T20:50:13.060738"}}
{"prev_hash": "77953f183737dd1bd33f54b601a621c7e9e637e8a8001116a2b281c4cd7fe444", "data": {"tx_id": "TXN-0B703FB3", "student_id": "STU87691", "amount": 449000.0, "channel": "Wallet", "timestamp": "2026-05-11T15:30:13.060738"}}
{"prev_hash": "671451128b629811d6cebea9a288f9adcc7b20ab5878270e0544185db9782967", "data": {"tx_id": "TXN-CE518ED0", "student_id": "STU61818", "amount": 57000.0, "channel": "Bank", "timestamp": "2026-05-05T13:50:13.060738"}}
{"prev_hash": "29ff2739cd6f0639e0ab201166373f6ffdcd76e4b8146908d65450bb538476a1", "data": {"tx_id": "TXN-8D8F5292", "student_id": "STU19244", "amount": 381000.0, "channel": "Bank", "timestamp": "2026-05-07T19:16:13.060738"}}
{"prev_hash": "4e515dd1dea7e59e837dc4279642c0d20f48d4ebf1f2aec0309f78c476067240", "data": {"tx_id": "TXN-FB09EF55", "student_id": "STU11287", "amount": 193000.0, "channel": "Wallet", "timestamp": "2026-05-05T03:02:13.060738"}}
{"prev_hash": "93d821fed21bc02baabe329ad00003978351ba56057224ca218217cdbe1019cd", "data": {"tx_id": "TXN-405C5728", "student_id": "STU24385", "amount": 157000.0, "channel": "Wallet", "timestamp": "2026-05-09T14:50:13.060738"}}
{"prev_hash": "6c6b8bcf3d3d6e3769a3e3bcb951d35a5b45c30b10d04a66d3df2719b762776a", "data": {"tx_id": "TXN-4189AAA9", "student_id": "STU34702", "amount": 375000.0, "channel": "Bank", "timestamp": "2026-05-09T17:51:13.060738"}}
{"prev_hash": "5004e8b32c90d7de9168e7812b1693b5e45660a7207a9c025deae7fbd9305c45", "data": {"tx_id": "TXN-906AA28C", "student_id": "STU26516", "amount": 252000.0, "channel": "Wallet", "timestamp": "2026-05-09T23:06:13.060738"}}
{"prev_hash": "e44eea449b7e0d30e405c54f0b77bd6d1f10161fe8d22541cdcab0936f3d7d14", "data": {"tx_id": "TXN-B6591008", "student_id": "STU17229", "amount": 398000.0, "channel": "Bank", "timestamp": "2026-05-09T09:12:13.060738"}}
{"prev_hash": "c1e81ccfd1b35b1d6b111a20b6b0ec33c21c2c3e764d9afe5f6282971f96f09a", "data": {"tx_id": "TXN-2BCFC7F4", "student_id": "STU76219", "amount": 459000.0, "channel": "Bank", "timestamp": "2026-05-05T11:31:13.060738"}}
{"prev_hash": "fdb5990a9555a58221ee68153d209fa9e4f3bc12d74122471a9ccdb2e1d68ff3", "data": {"tx_id": "TXN-C192061D", "student_id": "STU91701", "amount": 361000.0, "channel": "Bank", "timestamp": "2026-05-05T13:46:13.060738"}}
{"prev_hash": "210ae24a77696cad82e49c9222135ddbfffa8f265921e4c979260bf22ca0ddc9", "data": {"tx_id": "TXN-7055E5C9", "student_id": "STU63049", "amount": 306000.0, "channel": "Bank", "timestamp": "2026-05-06T22:41:13.060738"}}
{"prev_hash": "941e02d35a5077772f08262a25665b60911474578d24c0515f0fb9457ebd3f1a", "data": {"tx_id": "TXN-6B9A38B4", "student_id": "STU39364", "amount": 185000.0, "channel": "Wallet", "timestamp": "2026-05-11T18:30:13.060738"}}
{"prev_hash": "771b2932ab912f0041e563d314647ad4bf2bdc71bd5870792a1e19d33a7463d0", "data": {"tx_id": "TXN-BD34EA22", "student_id": "STU74100", "amount": 122000.0, "channel": "Wallet", "timestamp": "2026-05-05T14:12:13.060738"}}
{"prev_hash": "e4573323f371f6b90fe8f7d5c576a8cd5afaf8b7d44ffd749631b1c13d3537a2", "data": {"tx_id": "TXN-696C28EA", "student_id": "STU77902", "amount": 152000.0, "channel": "Bank", "timestamp": "2026-05-07T12:56:13.060738"}}
{"prev_hash": "04c07b6e35c55d729201d15d379a4228994b86a0bc1fb65d3ad3e769473095b9", "data": {"tx_id": "TXN-42F7E130", "student_id": "STU75912", "amount": 261000.0, "channel": "Wallet", "timestamp": "2026-05-09T00:22:13.060738"}}
{"prev_hash": "3599d754546b8a8d774a501a70724d15266b880bbb782b9508ea934bcf47aadd", "data": {"tx_id": "TXN-C199E492", "student_id": "STU43024", "amount": 283000.0, "channel": "Wallet", "timestamp": "2026-05-05T11:48:13.060738"}}
{"prev_hash": "94048dd5106198788fab6b5cf2a27a326c9bb64e87f6e3a704786b1823dda216", "data": {"tx_id": "TXN-5575E29C", "student_id": "STU68862", "amount": 233000.0, "channel": "Bank", "timestamp": "2026-05-10T21:49:13.060738"}}
{"prev_hash": "9d9e90aec61008eaecf5121f2a3e6c1f51a33d6385cdb699bd795b612c04b37a", "data": {"tx_id": "TXN-BCFE42A0", "student_id": "STU16712", "amount": 363000.0, "channel": "Wallet", "timestamp": "2026-05-05T18:00:13.060738"}}
{"prev_hash": "40102b08c419ac79144542ed706d77377a7d15e5a613e01d3dc520a8f9d0a482", "data": {"tx_id": "TXN-5CA07A2C", "student_id": "STU71151", "amount": 150000.0, "channel": "Bank", "timestamp": "2026-05-09T12:23:13.060738"}}
{"prev_hash": "f16019b6e45bc82dcfe8631ea06ea950509c0c01ac5de9e5a866224abf5a2e38", "data": {"tx_id": "TXN-6DA18A31", "student_id": "STU42827", "amount": 276000.0, "channel": "Bank", "timestamp": "2026-05-10T23:59:13.060738"}}
{"prev_hash": "606cea9e61db0099421bae8a3e772a3e112662c78ffc50524788899cb03209fa", "data": {"tx_id": "TXN-E3609BB1", "student_id": "STU64456", "amount": 470000.0, "channel": "Bank", "timestamp": "2026-05-08T00:19:13.060738"}}
{"prev_hash": "d3ea086a1d13ab35da4100f686d3cd22bfffd161308d3cbc021baace60506c68", "data": {"tx_id": "TXN-F08365C2", "student_id": "STU75233", "amount": 202000.0, "channel": "Bank", "timestamp": "2026-05-06T21:14:13.060738"}}
{"prev_hash": "72568775406bbf75be34d17629daaa57d82501d4296792c14243c67168404a00", "data": {"tx_id": "TXN-F8CECEBB", "student_id": "STU59736", "amount": 62000.0, "channel": "Wallet", "timestamp": "2026-05-09T06:34:13.060738"}}
{"prev_hash": "da1d8be9642afd25b532cf1424dff07308f5da3bbd94c161bdf96d928d158a0e", "data": {"tx_id": "TXN-5D0D4C91", "student_id": "STU30397", "amount": 470000.0, "channel": "Bank", "timestamp": "2026-05-10T18:20:13.060738"}}
{"prev_hash": "fed0f9f808e0ba0c7863806556cf5999f4fb4c0ccd3000d7b3947a32ced38a68", "data": {"tx_id": "TXN-5F230783", "student_id": "STU28640", "amount": 268000.0, "channel": "Bank", "timestamp": "2026-05-08T16:34:13.060738"}}
{"prev_hash": "6641f905676b9de357b7b3f20b1ce9f7d9b5a3ec3b95ac9ef9c688e6f5c39537", "data": {"tx_id": "TXN-D899F1D1", "student_id": "STU50262", "amount": 490000.0, "channel": "Wallet", "timestamp": "2026-05-08T02:53:13.060738"}}
{"prev_hash": "8fbd2da7a77301b5e2fe8c5943e99dd7e0090a117b088186e97034e8555a4d1e", "data": {"tx_id": "TXN-AD1AE1B9", "student_id": "STU57101", "amount": 230000.0, "channel": "Wallet", "timestamp": "2026-05-09T05:48:13.060738"}}
{"prev_hash": "f0e70b8f518ab14bedc622695efeb9089893a1619b6cc4c144ec92fce2ebf104", "data": {"tx_id": "TXN-5B466014", "student_id": "STU62613", "amount": 465000.0, "channel": "Wallet", "timestamp": "2026-05-09T06:50:13.060738"}}
{"prev_hash": "ece552e9a164eca6a533bebe440d21ee5a454eb9c20e95cc1a07531441f557d0", "data": {"tx_id": "TXN-C49B3E80", "student_id": "STU60473", "amount": 246000.0, "channel": "Wallet", "timestamp": "2026-05-04T23:18:13.060738"}}
{"prev_hash": "776bffa47b72c0e525f6f663903b169121615ccae2e38f47348da67adbee2ace", "data": {"tx_id": "TXN-26578C9E", "student_id": "STU23267", "amount": 194000.0, "channel": "Wallet", "timestamp": "2026-05-07T22:42:13.060738"}}
{"prev_hash": "6a234c37c811fba5f87b4a50754788fa6ccdc9d6e9eebaaa789c231c7314af25", "data": {"tx_id": "TXN-E266F6CF", "student_id": "STU52919", "amount": 454000.0, "channel": "Wallet", "timestamp": "2026-05-09T19:43:13.060738"}}
{"prev_hash": "b9174d618796c41d04f82ae9d311cb6cb9a56540f9d7853b8ce7ed7c9327a77c", "data": {"tx_id": "TXN-BBA22CAE", "student_id": "STU77470", "amount": 440000.0, "channel": "Bank", "timestamp": "2026-05-10T19:59:13.060738"}}
{"prev_hash": "3a9dc0faeba30e391520c30a249eb29eb82ca2b041b0322a5e181143f3aa862d", "data": {"tx_id": "TXN-F201241E", "student_id": "STU16839", "amount": 333000.0, "channel": "Wallet", "timestamp": "2026-05-10T15:47:13.060738"}}
{"prev_hash": "c281dd321fd91ee8181bb1c436256a3142d7643292278299658c321f81c72b64", "data": {"tx_id": "TXN-F3D8E860", "student_id": "STU34893", "amount": 84000.0, "channel": "Bank", "timestamp": "2026-05-11T05:12:13.060738"}}
{"prev_hash": "2cfa0b189694801c4527908d3b39258f83e39bb60de7b0f3734b59fb52214bee", "data": {"tx_id": "TXN-9CAF08B1", "student_id": "STU92890", "amount": 250000.0, "channel": "Bank", "timestamp": "2026-05-05T02:26:13.060738"}}
{"prev_hash": "7060b9c020fa25f523a76870542e93354301d98eca3845971cce2a5d60952289", "data": {"tx_id": "TXN-7BE83732", "student_id": "STU27411", "amount": 140000.0, "channel": "Wallet", "timestamp": "2026-05-07T01:37:13.060738"}}
{"prev_hash": "b4474b939d8fa19f121785d3a8c0bb9fe0c2e4bbf64d000dbe2acbf88f24029a", "data": {"tx_id": "TXN-8EDDCEAF", "student_id": "STU28385", "amount": 134000.0, "channel": "Wallet", "timestamp": "2026-05-09T20:15:13.060738"}}
{"prev_hash": "454ad44dcaa5bb0d623a3b87ef1a0b40634fbb174365d19b6739defc33527a28", "data": {"tx_id": "TXN-5BA0DF49", "student_id": "STU43135", "amount": 102000.0, "channel": "Bank", "timestamp": "2026-05-05T20:54:13.060738"}}
{"prev_hash": "f2f63b21c985838972b1f17b1dc9b36878faf1431de9e5bf7480817be252998c", "data": {"tx_id": "TXN-CE252532", "student_id": "STU32708", "amount": 293000.0, "channel": "Wallet", "timestamp": "2026-05-10T20:23:13.060738"}}
{"prev_hash": "735ce67746ec6bf17f54973d0132402c1eb6334fc6f74e9c782af44ba8204f28", "data": {"tx_id": "TXN-7DBB6D0D", "student_id": "STU68966", "amount": 400000.0, "channel": "Wallet", "timestamp": "2026-05-07T02:52:13.060738"}}
{"prev_hash": "883ca475183414af0bce6ecf0fcd43c8df6e0de9e44e30ed34eb83781cb774ca", "data": {"tx_id": "TXN-018C91C5", "student_id": "STU17224", "amount": 354000.0, "channel": "Wallet", "timestamp": "2026-05-05T16:09:13.060738"}}
{"prev_hash": "1d8685b553ced5ee15571fa74f88c7d3e3280b7ac436142db09a67da5aaafaad", "data": {"tx_id": "TXN-3320900C", "student_id": "STU13931", "amount": 100000.0, "channel": "Bank", "timestamp": "2026-05-05T20:18:13.060738"}}
{"prev_hash": "1d9e0a093928a5992ed93c8f37c67c4eaf54082c643a0be39608b73bd685e7d1", "data": {"tx_id": "TXN-D8D382FB", "student_id": "STU50993", "amount": 176000.0, "channel": "Wallet", "timestamp": "2026-05-06T01:57:13.060738"}}
{"prev_hash": "b1207cac53140ac0c76ad260c4ca7bccfa288181ea4ebf0d6926ce7eae24d48f", "data": {"tx_id": "TXN-A24048ED", "student_id": "STU58389", "amount": 64000.0, "channel": "Wallet", "timestamp": "2026-05-11T07:11:13.060738"}}
{"prev_hash": "c3c78850af4d85eb32ca18a3ed4036a36973a1b8eee8140b0996d264060d972e", "data": {"tx_id": "TXN-30E6E4DE", "student_id": "STU65762", "amount": 412000.0, "channel": "Wallet", "timestamp": "2026-05-07T14:44:13.060738"}}
{"prev_hash": "e17e406c69800e1c1b7ac48176bf951f6ce263ece281fc6face4ede838ee4707", "data": {"tx_id": "TXN-E6EF034F", "student_id": "STU35898", "amount": 207000.0, "channel": "Bank", "timestamp": "2026-05-05T22:45:13.060738"}}
{"prev_hash": "493cb5f74749b6ac309a19ef1092c7c01edd271581af38d34a3f36a0813a3e3e", "data": {"tx_id": "TXN-89D78516", "student_id": "STU21689", "amount": 74000.0, "channel": "Bank", "timestamp": "2026-05-09T05:58:13.060738"}}
{"prev_hash": "e029e11fae538811bf8117d7752b9f8099c3a0f07df2fa4900b4c3e702f9f5c5", "data": {"tx_id": "TXN-5716C27E", "student_id": "STU13489", "amount": 291000.0, "channel": "Bank", "timestamp": "2026-05-11T06:40:13.060738"}}
{"prev_hash": "6366fbb9f77bee8019040be3e917970604a8176e69dfc203ffab964fb0af6696", "data": {"tx_id": "TXN-46C3B93C", "student_id": "STU50818", "amount": 112000.0, "channel": "Wallet", "timestamp": "2026-05-06T23:28:13.060738"}}
{"prev_hash": "8c5e7075d0fd7a2429f4bb3d8ffa2b80c19276890300f0d59e432602303d5ead", "data": {"tx_id": "TXN-1E0E5F0E", "student_id": "STU11409", "amount": 174000.0, "channel": "Bank", "timestamp": "2026-05-09T13:57:13.060738"}}
{"prev_hash": "cdbbc0aef39555984b3710b0378aa093ba119b89f49f77f1c730787823e2df65", "data": {"tx_id": "TXN-02448F98", "student_id": "STU26336", "amount": 471000.0, "channel": "Bank", "timestamp": "2026-05-06T10:18:13.060738"}}
{"prev_hash": "26dccb72c59117a9baa0d00acd2f9c6592c098611020be3c28b6f8685ff3c49c", "data": {"tx_id": "TXN-74195300", "student_id": "STU51548", "amount": 315000.0, "channel": "Bank", "timestamp": "2026-05-11T08:36:13.060738"}}
{"prev_hash": "5f3ba4290720f0e75b6097104bbedebbaa8a03cb23e4c44fca1b2e987531b872", "data": {"tx_id": "TXN-8B477527", "student_id": "STU47118", "amount": 152000.0, "channel": "Wallet", "timestamp": "2026-05-06T21:36:13.060738"}}
{"prev_hash": "35cf0a17251027e983eec33cdbd5c391cf5f03610511917057e13216482500b6", "data": {"tx_id": "TXN-B2B37629", "student_id": "STU31375", "amount": 314000.0, "channel": "Bank", "timestamp": "2026-05-06T17:11:13.060738"}}
{"prev_hash": "afb558d83d53411647710eb01e6021efbb235d58be1c63a2b8aed4f1596bdf84", "data": {"tx_id": "TXN-A505B799", "student_id": "STU38189", "amount": 413000.0, "channel": "Bank", "timestamp": "2026-05-07T08:27:13.060738"}}
{"prev_hash": "16ef478f828e9707a1bff8532e3d21809d0533f78796325eb6935aeee21d5ad2", "data": {"tx_id": "TXN-99B10E16", "student_id": "STU91383", "amount": 194000.0, "channel": "Wallet", "timestamp": "2026-05-09T16:25:13.060738"}}
{"prev_hash": "c7e2f1660b61541d0d357b5e4ae6c1d2707c8a0c004dd8324759552ea68df0a4", "data": {"tx_id": "TXN-DC342D58", "student_id": "STU36035", "amount": 380000.0, "channel": "Wallet", "timestamp": "2026-05-07T08:28:13.060738"}}
{"prev_hash": "5b3378b373dee2858fe5c9deb0a58b9fc32f792674ee381b0936ff76b1dcc8eb", "data": {"tx_id": "TXN-6433B00F", "student_id": "STU61233", "amount": 98000.0, "channel": "Wallet", "timestamp": "2026-05-05T03:55:13.060738"}}
{"prev_hash": "0f89cec7fb7dcd8c02f3350702f68ee4acac7fd3cfc7a9e2be9942b6865a4d2b", "data": {"tx_id": "TXN-57E0708C", "student_id": "STU87311", "amount": 307000.0, "channel": "Bank", "timestamp": "2026-05-10T13:32:13.060738"}}
{"prev_hash": "99f13c5e1fcae1d8ee906a588e6a84311d13c759860851c14c56d801b050b4ca", "data": {"tx_id": "TXN-1D42D1AD", "student_id": "STU26231", "amount": 290000.0, "channel": "Wallet", "timestamp": "2026-05-11T17:47:13.060738"}}
{"prev_hash": "d89ff884c96c547fe5246886c426d4d97669af387c2d46a44bac5be891df2129", "data": {"tx_id": "TXN-66AC3DB7", "student_id": "STU97864", "amount": 134000.0, "channel": "Bank", "timestamp": "2026-05-10T16:16:13.060738"}}
{"prev_hash": "45a85ea612f964a7a6ab06bbcb47d4cac2f0d020f9d6614571a155099b3e24f9", "data": {"tx_id": "TXN-F6F5A777", "student_id": "STU38812", "amount": 419000.0, "channel": "Wallet", "timestamp": "2026-05-11T18:05:13.060738"}}
{"prev_hash": "1999cd8c4130984fdf4e5133c8595d615f21fc3ebb37fe675f14e0593e88cfe3", "data": {"tx_id": "TXN-5F4C820E", "student_id": "STU84653", "amount": 438000.0, "channel": "Bank", "timestamp": "2026-05-07T17:41:13.060738"}}
{"prev_hash": "e61254364f800df9f881db987f4b83dd1616d6d954b9cffc08c09535bd0ca99c", "data": {"tx_id": "TXN-D39E49F2", "student_id": "STU61658", "amount": 355000.0, "channel": "Bank", "timestamp": "2026-05-08T09:12:13.060738"}}
{"prev_hash": "32ae0c6fcef39f9fbbce82ea01ed18a3183afa2a13bec849d8bad8db7a6f0ee4", "data": {"tx_id": "TXN-2DAAE4B3", "student_id": "STU70229", "amount": 100000.0, "channel": "Wallet", "timestamp": "2026-05-09T22:40:13.060738"}}
{"prev_hash": "f121c3a8842565c952144e54871a927eda396148f0ecf1bbd9e986d63c1bbc74", "data": {"tx_id": "TXN-B8F13630", "student_id": "STU99773", "amount": 80000.0, "channel": "Wallet", "timestamp": "2026-05-09T04:11:13.060738"}}
{"prev_hash": "e0da6fef9cf5751d1343c0d1eeed8f1f593ef76bb2fe809717aef6f9887290a6", "data": {"tx_id": "TXN-8DA04867", "student_id": "STU82277", "amount": 261000.0, "channel": "Wallet", "timestamp": "2026-05-08T21:48:13.060738"}}
{"prev_hash": "f8aac30f803163ac80621220303c58c6e35097ff81458186b551d3a952e99797", "data": {"tx_id": "TXN-5DFB2FB5", "student_id": "STU70772", "amount": 408000.0, "channel": "Bank", "timestamp": "2026-05-06T13:46:13.060738"}}
{"prev_hash": "b5632b277577bc6bcdd70dc52a61b97c5aa6b50d1521140652534daa9cdc2fec", "data": {"tx_id": "TXN-3F5CD1C3", "student_id": "STU64393", "amount": 410000.0, "channel": "Bank", "timestamp": "2026-05-05T02:04:13.060738"}}
{"prev_hash": "a596c51ca961aba78f2cd76e231abcdc976b638aa4116a54d4dffa40ab9b7f7f", "data": {"tx_id": "TXN-171A1580", "student_id": "STU88756", "amount": 481000.0, "channel": "Bank", "timestamp": "2026-05-11T05:56:13.060738"}}
{"prev_hash": "86e0e5aafda34224c5598c3eb45ac89b8ba12c1f4bc5f7b1ec35aef404980c86", "data": {"tx_id": "TXN-5389C6E3", "student_id": "STU15956", "amount": 177000.0, "channel": "Bank", "timestamp": "2026-05-06T01:23:13.060738"}}
{"prev_hash": "c0b490db1551347c384a8d03628a9cb6f3e6fef64501afa13d8dede90184b3bf", "data": {"tx_id": "TXN-91CB3E74", "student_id": "STU30381", "amount": 316000.0, "channel": "Bank", "timestamp": "2026-05-07T03:11:13.060738"}}
{"prev_hash": "e56f7f3dbdd8be92a559045db98538c829222486c0d8636f7fb9813e0df7b398", "data": {"tx_id": "TXN-E3499B3C", "student_id": "STU91404", "amount": 274000.0, "channel": "Wallet", "timestamp": "2026-05-07T06:24:13.060738"}}
{"prev_hash": "8bd4cd270b0bb52e51e9fc9f53e3465f191b482e7b544607d8ccf7ec4de18719", "data": {"tx_id": "TXN-B606AAB3", "student_id": "STU15616", "amount": 484000.0, "channel": "Bank", "timestamp": "2026-05-10T21:41:13.060738"}}
{"prev_hash": "43dc214d323fa25e4976cf167b77324c24d18f30e83727bce57ca7388fa77035", "data": {"tx_id": "TXN-D6E3154A", "student_id": "STU39665", "amount": 67000.0, "channel": "Wallet", "timestamp": "2026-05-11T14:23:13.060738"}}
{"prev_hash": "08276343a2da6a5f0f7dcb616cc59b6cf92f094e8e221228d089e1bd2a1866d0", "data": {"tx_id": "TXN-EB619A0C", "student_id": "STU72339", "amount": 205000.0, "channel": "Wallet", "timestamp": "2026-05-11T10:46:13.060738"}}
{"prev_hash": "b23d1bd1ab327160169c05ab2a88ceeca7b6afbba73342cd031c6312efa24b06", "data": {"tx_id": "TXN-CFE4F212", "student_id": "STU27622", "amount": 339000.0, "channel": "Wallet", "timestamp": "2026-05-05T03:14:13.060738"}}
{"prev_hash": "31bc4950e38a207480106cef2b6b9e1925f64ced628bd316370137d8f955a23a", "data": {"tx_id": "TXN-9113D78A", "student_id": "STU91343", "amount": 240000.0, "channel": "Bank", "timestamp": "2026-05-11T15:54:13.060738"}}
{"prev_hash": "bf6f85fa23bae6d49c306d2157ff68dcf3a56d7a95696d03af70bce823e4c521", "data": {"tx_id": "TXN-24F0D82D", "student_id": "STU11706", "amount": 377000.0, "channel": "Wallet", "timestamp": "2026-05-08T06:45:13.060738"}}
{"prev_hash": "2d135a120af91b34b1c4fadc7edcb6df3c7094a6a162e5b369a0e5cc88c0d38b", "data": {"tx_id": "TXN-4440CF63", "student_id": "STU56318", "amount": 315000.0, "channel": "Wallet", "timestamp": "2026-05-10T14:36:13.060738"}}
{"prev_hash": "e2281c0c56c25c784a41f9e1f42dd94e8b3ed111c0b62dfff99f343ec51da89b", "data": {"tx_id": "TXN-535DD809", "student_id": "STU51243", "amount": 500000.0, "channel": "Wallet", "timestamp": "2026-05-10T21:31:13.060738"}}
{"prev_hash": "517733e453c7d26c3c8a2c0a8027b3563585d355b4b2f3f3c3472995ca3e8ffd", "data": {"tx_id": "TXN-088023C6", "student_id": "STU74688", "amount": 193000.0, "channel": "Wallet", "timestamp": "2026-05-09T21:51:13.060738"}}
{"prev_hash": "89df02dc0a81ba39208b04d000dc4f78e013b4607b93b21d76d87dc6e51fc188", "data": {"tx_id": "TXN-38868AE1", "student_id": "STU17517", "amount": 345000.0, "channel": "Bank", "timestamp": "2026-05-09T15:32:13.060738"}}
{"prev_hash": "0048efc90359d6cdbeb9a9630755a2ceb5c01cd79af66ce4b4f24bac19a1dc7d", "data": {"tx_id": "TXN-A62D09C5", "student_id": "STU12602", "amount": 65000.0, "channel": "Bank", "timestamp": "2026-05-06T15:03:13.060738"}}
{"prev_hash": "4a965288fadd458181cd48e33d051b6a8c9aeb12830de0efb3c6de826e3b77af", "data": {"tx_id": "TXN-4D6849D8", "student_id": "STU71587", "amount": 393000.0, "channel": "Wallet", "timestamp": "2026-05-07T21:38:13.060738"}}
{"prev_hash": "39e1085a7b9e8fad151210df0278067857d2033e460950107053f9ff55074fed", "data": {"tx_id": "TXN-DAE6DA1F", "student_id": "STU12995", "amount": 190000.0, "channel": "Wallet", "timestamp": "2026-05-07T08:53:13.060738"}}
{"prev_hash": "466f8cda2a8d42e3efc0715ebbea4fb7d0883cf2cef7dde6c109430fea3f91c9", "data": {"tx_id": "TXN-27EF5E76", "student_id": "STU60900", "amount": 385000.0, "channel": "Bank", "timestamp": "2026-05-06T21:23:13.060738"}}
{"prev_hash": "ddeb8c9ca41f9b1fb62d7c8147635eacf56b7106b1fd4c5a2131c96fcdcac792", "data": {"tx_id": "TXN-70CBF35D", "student_id": "STU51700", "amount": 338000.0, "channel": "Wallet", "timestamp": "2026-05-05T10:38:13.060738"}}
{"prev_hash": "a2f842348a49adbb72d96c99b009e190a1b1f2559c2b0d145eee4faa09d64ccb", "data": {"tx_id": "TXN-054BFE1B", "student_id": "STU74364", "amount": 496000.0, "channel": "Bank", "timestamp": "2026-05-09T20:12:13.060738"}}
{"prev_hash": "ee062d08356b4392fcc3c80bd0bc7334b09f7f4a263e7cdc1ca2586faab5e788", "data": {"tx_id": "TXN-C08FF49D", "student_id": "STU71565", "amount": 446000.0, "channel": "Wallet", "timestamp": "2026-05-09T16:28:13.060738"}}
{"prev_hash": "028eb273e06b4ce1c28f04e1b7875bb5c0a360aa272833e818238b772d393de9", "data": {"tx_id": "TXN-C7622EFD", "student_id": "STU98414", "amount": 492000.0, "channel": "Wallet", "timestamp": "2026-05-08T13:58:13.060738"}}
{"prev_hash": "7b54819977bf464b08d486a33fa5940741466850c4bba510d22364f7d4457397", "data": {"tx_id": "TXN-E70D6D68", "student_id": "STU35469", "amount": 119000.0, "channel": "Bank", "timestamp": "2026-05-05T20:36:13.060738"}}
{"prev_hash": "4b0b5651c73eb978099ba9f0136fc256d03eb89c5290e186f7814387a29639b6", "data": {"tx_id": "TXN-E2A6073E", "student_id": "STU99584", "amount": 488000.0, "channel": "Wallet", "timestamp": "2026-05-08T13:25:13.060738"}}
{"prev_hash": "7daea438c269f29ff2179fb320eedba56108b77842f81b99df48d9aa4f221f81", "data": {"tx_id": "TXN-756DC28E", "student_id": "STU98728", "amount": 150000.0, "channel": "Bank", "timestamp": "2026-05-08T21:33:13.060738"}}
{"prev_hash": "9a3d7070bac6ec90f35093c2761316d63e3c7d2082ddf076fe24f56913c9af27", "data": {"tx_id": "TXN-16B7A3F5", "student_id": "STU93158", "amount": 390000.0, "channel": "Wallet", "timestamp": "2026-05-08T15:45:13.060738"}}
{"prev_hash": "fa4f6f6439ad00aa4367be5250ccaeb7916bbadc29e114bffabd2cb54ccdfd84", "data": {"tx_id": "TXN-55218B94", "student_id": "STU26635", "amount": 436000.0, "channel": "Bank", "timestamp": "2026-05-05T05:57:13.060738"}}
{"prev_hash": "0b4fd1aa8de244659c450d9aba1ad061170b406dfd1aa0a0e15bcd413c006d68", "data": {"tx_id": "TXN-A85DE2F8", "student_id": "STU64725", "amount": 361000.0, "channel": "Bank", "timestamp": "2026-05-09T17:20:13.060738"}}
{"prev_hash": "095fa971ca66a023b8fc5905a1fdd287a686ccb78574b4d5c6dca6ea5d72b066", "data": {"tx_id": "TXN-F8776985", "student_id": "STU40845", "amount": 453000.0, "channel": "Bank", "timestamp": "2026-05-11T13:54:13.060738"}}
{"prev_hash": "178cc60ee7b3558687d3465ac3cdc8cdde63024cbacc5225ac34f6fe7cc966bf", "data": {"tx_id": "TXN-E8FEB4C9", "student_id": "STU23864", "amount": 387000.0, "channel": "Wallet", "timestamp": "2026-05-07T07:24:13.060738"}}
{"prev_hash": "6d9d728598dfb88198464dd2c289a4f4fff97446b6e448110217ceb222763e2e", "data": {"tx_id": "TXN-11948646", "student_id": "STU17161", "amount": 175000.0, "channel": "Bank", "timestamp": "2026-05-09T14:09:13.060738"}}
{"prev_hash": "e5983f17a807cf73b6244cef54d8b335e659bca12a2312ae8d80b08037b78ab4", "data": {"tx_id": "TXN-9EBFC70A", "student_id": "STU28531", "amount": 267000.0, "channel": "Bank", "timestamp": "2026-05-08T01:24:13.060738"}}
{"prev_hash": "43fea258e25af3470a959811a6d54ace51c6c6c5ed7fdb939a15b2c1699f56ed", "data": {"tx_id": "TXN-B4DE8CA9", "student_id": "STU23998", "amount": 329000.0, "channel": "Bank", "timestamp": "2026-05-09T14:00:13.060738"}}
{"prev_hash": "05ee7032ed2bd7c6f104fcbf8fdc712ecd7537498765a9743012d7b41b95dd97", "data": {"tx_id": "TXN-CCA3919D", "student_id": "STU98894", "amount": 296000.0, "channel": "Wallet", "timestamp": "2026-05-09T11:20:13.060738"}}
{"prev_hash": "1f67cf8371067e55260259c3eab6284d777034f002eb4e6bdf2f04f146e85126", "data": {"tx_id": "TXN-4A419E91", "student_id": "STU51094", "amount": 173000.0, "channel": "Wallet", "timestamp": "2026-05-11T03:01:13.060738"}}
{"prev_hash": "25c6f71d89e261db6e2e202b1897cd7bd3488fe9d65cf63b222ee0112e52debc", "data": {"tx_id": "TXN-F1E0D7AE", "student_id": "STU93199", "amount": 444000.0, "channel": "Bank", "timestamp": "2026-05-08T16:33:13.060738"}}
{"prev_hash": "1b55863ca65fc5b9a7288e087070395d365745dba5bbdf6809331d484d0363f2", "data": {"tx_id": "TXN-BEC0ACE8", "student_id": "STU89205", "amount": 125000.0, "channel": "Wallet", "timestamp": "2026-05-10T02:51:13.060738"}}
{"prev_hash": "98b37759ad1b5bdd7ec8aec455d2cc7322f8d17eb42b82b2007b7f14a05b775d", "data": {"tx_id": "TXN-B9C7E3F3", "student_id": "STU95537", "amount": 394000.0, "channel": "Bank", "timestamp": "2026-05-06T09:19:13.060738"}}
{"prev_hash": "d9356d045f7dc9992c312c3579b0e25fb8d48d9645ba01f4567941d070d2fe7d", "data": {"tx_id": "TXN-B5B764BF", "student_id": "STU70571", "amount": 292000.0, "channel": "Wallet", "timestamp": "2026-05-05T23:52:13.060738"}}
{"prev_hash": "87236de59d213230ec4b5777485ff44fd25f3f66238715eae095a07f27b74207", "data": {"tx_id": "TXN-BE033E20", "student_id": "STU91771", "amount": 262000.0, "channel": "Wallet", "timestamp": "2026-05-06T20:00:13.060738"}}
{"prev_hash": "87e31ad5cab250b56613ab471eb9076c607217cfd9315e58a9a35fc12b5576e7", "data": {"tx_id": "TXN-C10A5797", "student_id": "STU28532", "amount": 125000.0, "channel": "Bank", "timestamp": "2026-05-10T19:52:13.060738"}}
{"prev_hash": "2a7ff3aeda4cd3c3e6d40cfef41d132e81b6c3bd3213a32e6a124d80e0e2cb2d", "data": {"tx_id": "TXN-C70F71A5", "student_id": "STU26510", "amount": 310000.0, "channel": "Bank", "timestamp": "2026-05-06T22:34:13.060738"}}
{"prev_hash": "a3d6d0d321401c5e70fa87aff4e383492e2ba5baf9bb21db0553df25e1bbd6c0", "data": {"tx_id": "TXN-6672A778", "student_id": "STU48178", "amount": 199000.0, "channel": "Wallet", "timestamp": "2026-05-09T04:12:13.060738"}}
{"prev_hash": "05fe4c874e670f3812bd6c59cf0b78084c21f604f7fa0b44bc9daccd18b0d63e", "data": {"tx_id": "TXN-4C92A150", "student_id": "STU39036", "amount": 353000.0, "channel": "Wallet", "timestamp": "2026-05-11T17:06:13.060738"}}
{"prev_hash": "c1e4638f6f52ccf4aa02ed46fd8daa6645a4cc1e02056730269738cd9838cd5d", "data": {"tx_id": "TXN-C5A3E497", "student_id": "STU15655", "amount": 123000.0, "channel": "Wallet", "timestamp": "2026-05-06T18:33:13.060738"}}
{"prev_hash": "fe26608681a80d9594fdc64b2dc2b7e7d50cfdc2962f81705449d87bed761257", "data": {"tx_id": "TXN-60323E6B", "student_id": "STU30419", "amount": 217000.0, "channel": "Bank", "timestamp": "2026-05-11T17:21:13.060738"}}
{"prev_hash": "f9084439657b6cc3e2145413a0885aba59d098b803f6b6a04c6a8fa7f550a063", "data": {"tx_id": "TXN-C09BE196", "student_id": "STU60521", "amount": 156000.0, "channel": "Wallet", "timestamp": "2026-05-08T23:16:13.060738"}}
{"prev_hash": "b4c5e603d540d3187fbd7197dd320f4fd3e19542b29b56f581db2d37ee472d2b", "data": {"tx_id": "TXN-D993CDE8", "student_id": "STU13570", "amount": 244000.0, "channel": "Wallet", "timestamp": "2026-05-10T17:54:13.060738"}}
{"prev_hash": "3c8518091d1aa1eca361b85b3d99a375da6829c43e167b0446d4e40cac83a843", "data": {"tx_id": "TXN-D3B05D8B", "student_id": "STU14382", "amount": 211000.0, "channel": "Bank", "timestamp": "2026-05-11T04:07:13.060738"}}
{"prev_hash": "ad9f537c1d50d60832d1d08739677702ca0f0f93c92ecbc6c070cbbc5dbd6b73", "data": {"tx_id": "TXN-8650F5C6", "student_id": "STU43254", "amount": 216000.0, "channel": "Wallet", "timestamp": "2026-05-07T21:32:13.060738"}}
{"prev_hash": "70d9d1a40e546da18a5681056886d210d3581687b75f874f3af785eb4223cb4a", "data": {"tx_id": "TXN-9195204C", "student_id": "STU20405", "amount": 133000.0, "channel": "Wallet", "timestamp": "2026-05-06T06:45:13.060738"}}
{"prev_hash": "5c1ba4b7ce2c359e7b1dc6e6e439e9df8cf1adc760f529cc24e5165f63f4a238", "data": {"tx_id": "TXN-D798D1AB", "student_id": "STU59501", "amount": 420000.0, "channel": "Bank", "timestamp": "2026-05-08T20:49:13.060738"}}
{"prev_hash": "0bdc1c657bd4b082ccf246898e1210d348d98efe89f522a731c88ed618aa86e1", "data": {"tx_id": "TXN-CC845645", "student_id": "STU83639", "amount": 204000.0, "channel": "Bank", "timestamp": "2026-05-09T07:54:13.060738"}}
{"prev_hash": "a360d1a04c83c55249c042416d2f0f173bd8b4b7763be4c941917d0afe73e6c2", "data": {"tx_id": "TXN-C3875E7D", "student_id": "STU37495", "amount": 112000.0, "channel": "Bank", "timestamp": "2026-05-11T19:26:13.060738"}}
{"prev_hash": "ff38e983087f6fad84e05396c8a805d18549e379ba086c200c1d8001e5ba0d4f", "data": {"tx_id": "TXN-2C10D626", "student_id": "STU63576", "amount": 315000.0, "channel": "Bank", "timestamp": "2026-05-07T02:29:13.060738"}}
{"prev_hash": "a9b28a4d1f3c2888c484ceb4a89d036f1c4212ee56d85dd489b92aefd0bb7a85", "data": {"tx_id": "TXN-6D0D98BA", "student_id": "STU21907", "amount": 238000.0, "channel": "Bank", "timestamp": "2026-05-07T14:13:13.060738"}}
{"prev_hash": "77f57e4f259105813f036e38fbf2c241d5f6dfa587dd956d8611ec3a980007af", "data": {"tx_id": "TXN-4445DEC5", "student_id": "STU20198", "amount": 453000.0, "channel": "Bank", "timestamp": "2026-05-08T05:42:13.060738"}}
{"prev_hash": "fee11f58c49ad505754fe069d5d25706198f656ff62772d398ce302e9f01460a", "data": {"tx_id": "TXN-FAB69B95", "student_id": "STU63795", "amount": 306000.0, "channel": "Wallet", "timestamp": "2026-05-10T01:55:13.060738"}}
{"prev_hash": "6061fb8848a2c09f2db1c989ea4f0e9117d1ad96d74e85ef4201ab4bfbd6bb21", "data": {"tx_id": "TXN-21CD0B3C", "student_id": "STU16196", "amount": 200000.0, "channel": "Wallet", "timestamp": "2026-05-09T08:47:13.060738"}}
{"prev_hash": "56aedd65887db0cd11088f432b9c0a74ed8abdbe547d64956b71f6388fb00f25", "data": {"tx_id": "TXN-2011212B", "student_id": "STU20546", "amount": 379000.0, "channel": "Wallet", "timestamp": "2026-05-11T18:05:13.060738"}}
{"prev_hash": "67b5f9814c567e81fd92c41566edceaf085d9789b379f7687431655f20f47aa6", "data": {"tx_id": "TXN-34149097", "student_id": "STU15117", "amount": 257000.0, "channel": "Bank", "timestamp": "2026-05-07T06:19:13.060738"}}
{"prev_hash": "6a1739a8fd49b83e73e233a119969e0cb8c883848cb63aee55b5a81a2b534bc9", "data": {"tx_id": "TXN-A1343743", "student_id": "STU73082", "amount": 284000.0, "channel": "Wallet", "timestamp": "2026-05-11T17:54:13.060738"}}
{"prev_hash": "b0d02b977994fc905c50f5504a60936351a2f440accd70b2fda1b3979f0da92a", "data": {"tx_id": "TXN-7EEE4B3F", "student_id": "STU52423", "amount": 357000.0, "channel": "Bank", "timestamp": "2026-05-09T07:15:13.060738"}}
{"prev_hash": "7a6110e8eb05951558a6a4b867ccbc287a705e5fec206dc5b40d1fbefae738ae", "data": {"tx_id": "TXN-858A264C", "student_id": "STU56562", "amount": 171000.0, "channel": "Wallet", "timestamp": "2026-05-06T03:09:13.060738"}}
{"prev_hash": "9dc56b64c2809ac84676a9ddd963d1f5b79b81f51f0cb5dbd0ad41e3dbb7da48", "data": {"tx_id": "TXN-AD0C876F", "student_id": "STU82518", "amount": 472000.0, "channel": "Wallet", "timestamp": "2026-05-07T23:02:13.060738"}}
{"prev_hash": "cf929280d6ad1e14d37af6c9be030228bc17f85c81345438f0ba50ff9d2296fb", "data": {"tx_id": "TXN-6B2B7DAD", "student_id": "STU83308", "amount": 203000.0, "channel": "Wallet", "timestamp": "2026-05-07T17:08:13.060738"}}
{"prev_hash": "b554e44d3a2034ac4f566eccb594cbb77f0679a72d474746c7cf03782b972718", "data": {"tx_id": "TXN-97664F78", "student_id": "STU30402", "amount": 304000.0, "channel": "Wallet", "timestamp": "2026-05-10T02:03:13.060738"}}
{"prev_hash": "5e6be9364fe3012d7d1078b6acfaf468f1fe4a732792fb51d29695b0e002e199", "data": {"tx_id": "TXN-D0EC0E56", "student_id": "STU73766", "amount": 295000.0, "channel": "Bank", "timestamp": "2026-05-10T19:33:13.060738"}}
{"prev_hash": "78feabc9bf47c3d9c25d76982de5c2a24610dddde2505fa9706a5658899f2ee8", "data": {"tx_id": "TXN-02488762", "student_id": "STU95967", "amount": 500000.0, "channel": "Bank", "timestamp": "2026-05-10T22:29:13.060738"}}
{"prev_hash": "92bcff486e1bef1d2ad12a2b3605750643e95cf3e49b8517d7fafd5172c5b449", "data": {"tx_id": "TXN-2DD1F25A", "student_id": "STU59944", "amount": 331000.0, "channel": "Bank", "timestamp": "2026-05-10T01:14:13.060738"}}
{"prev_hash": "77448256524baee7f8d32033fcc6f4cc4c010ab4a49e6c5a1aa86b9f22cfacb4", "data": {"tx_id": "TXN-DB308751", "student_id": "STU28624", "amount": 68000.0, "channel": "Wallet", "timestamp": "2026-05-07T09:32:13.060738"}}
{"prev_hash": "3b451d26d67530b90c91ee4c4e511dce0143aa0e0d9cfe1b3ea66108b1bc31ce", "data": {"tx_id": "TXN-3426867F", "student_id": "STU91085", "amount": 155000.0, "channel": "Wallet", "timestamp": "2026-05-07T08:54:13.060738"}}
{"prev_hash": "3fcba0c3d2b36a5862c90e0ba81b98e0110e2322522ee28842b7be053f0319fe", "data": {"tx_id": "TXN-18A80E88", "student_id": "STU83007", "amount": 156000.0, "channel": "Wallet", "timestamp": "2026-05-10T05:42:13.060738"}}
{"prev_hash": "bb1650628155ca7c4d4eef1b2a095e5c67bed470a46087faab22a25dc98ea2ec", "data": {"tx_id": "TXN-06D7C5B2", "student_id": "STU98686", "amount": 446000.0, "channel": "Wallet", "timestamp": "2026-05-08T04:53:13.060738"}}
{"prev_hash": "fefe8ad11ddf9d4bd9e89570904ee5bc8c312efde1ae5ea65fa7ba7b4710f467", "data": {"tx_id": "TXN-6205BFC9", "student_id": "STU15765", "amount": 63000.0, "channel": "Bank", "timestamp": "2026-05-09T11:09:13.060738"}}
{"prev_hash": "d0d7d433b650e698ad49e062e69a93e9949944b41de2dfc6b87cd26bf120a8ae", "data": {"tx_id": "TXN-C002D996", "student_id": "STU91814", "amount": 383000.0, "channel": "Wallet", "timestamp": "2026-05-05T16:06:13.060738"}}
{"prev_hash": "ce60df25e3fde3b53395615cc42dc66c5822b3f4837403546c173f1656493905", "data": {"tx_id": "TXN-600E9D3A", "student_id": "STU58088", "amount": 237000.0, "channel": "Bank", "timestamp": "2026-05-09T03:23:13.060738"}}
{"prev_hash": "0af572443f46af21d83ba216f1167c60a0355a141bf8ca7d565714d8459ca301", "data": {"tx_id": "TXN-D0F81919", "student_id": "STU45107", "amount": 393000.0, "channel": "Wallet", "timestamp": "2026-05-05T16:14:13.060738"}}
{"prev_hash": "9ceccc217e7b5f528dbde8b2c917633eeaa1c1d552c12da949f63715e4821e2e", "data": {"tx_id": "TXN-77C28E9E", "student_id": "STU36991", "amount": 409000.0, "channel": "Bank", "timestamp": "2026-05-05T22:27:13.060738"}}
{"prev_hash": "84ab88b55c180ba21fceefd704a5163263863f789ee46fbbb23d477dfdd9c2fe", "data": {"tx_id": "TXN-F11ACC11", "student_id": "STU83133", "amount": 158000.0, "channel": "Wallet", "timestamp": "2026-05-05T15:29:13.060738"}}
{"prev_hash": "3b71b190b8d2d36fe7f78bb6e5e59c2a0726a16af8a2232d28688e9f129872e3", "data": {"tx_id": "TXN-79423B00", "student_id": "STU80399", "amount": 256000.0, "channel": "Bank", "timestamp": "2026-05-08T05:54:13.060738"}}
{"prev_hash": "f9f83904d5dcbcabea8a6ead77818cf75b068983b16b70ee5ee3679937f11932", "data": {"tx_id": "TXN-41AC26E7", "student_id": "STU94486", "amount": 96000.0, "channel": "Bank", "timestamp": "2026-05-11T11:09:13.060738"}}
{"prev_hash": "1d046bf27db04b06ff77f86db059aa89b990d2427ad0d1521361cd9a70b84434", "data": {"tx_id": "TXN-62543A1C", "student_id": "STU29266", "amount": 186000.0, "channel": "Wallet", "timestamp": "2026-05-06T00:57:13.060738"}}
{"prev_hash": "9e867bcbc6d7164260ce5a14d42d296e76dadc35fdda78a2880238284162aa60", "data": {"tx_id": "TXN-3E25D265", "student_id": "STU12098", "amount": 143000.0, "channel": "Wallet", "timestamp": "2026-05-10T18:32:13.060738"}}
{"prev_hash": "2d03ee66f882382ef7aaadf9b16a2f03fda5d531d7e1c6dbc9c515dcc048068e", "data": {"tx_id": "TXN-FA6E46C0", "student_id": "STU81248", "amount": 205000.0, "channel": "Wallet", "timestamp": "2026-05-07T19:52:13.060738"}}
{"prev_hash": "f87bbd47e46e92abdbdc10b2232e738e207678eab1d8715e805ee8d969e44163", "data": {"tx_id": "TXN-2149B916", "student_id": "STU49296", "amount": 459000.0, "channel": "Bank", "timestamp": "2026-05-11T01:12:13.060738"}}
{"prev_hash": "396085a43cd26d267f2dadb2370d1de2ae018abf29a1c8dc33cfd89982189cd3", "data": {"tx_id": "TXN-2382B810", "student_id": "STU61293", "amount": 326000.0, "channel": "Bank", "timestamp": "2026-05-09T09:25:13.060738"}}
{"prev_hash": "c8e2523fcd41b93ef2cf0a8384b89e2363cef2759281fd71d7da4d2bff31823b", "data": {"tx_id": "TXN-B85D05E2", "student_id": "STU43095", "amount": 459000.0, "channel": "Bank", "timestamp": "2026-05-08T05:48:13.060738"}}
{"prev_hash": "6a3c78cf0d144b7f6031831daec299bd22bcd1bd6f3876567727386a1bcfe543", "data": {"tx_id": "TXN-E027F9E6", "student_id": "STU22594", "amount": 87000.0, "channel": "Bank", "timestamp": "2026-05-11T13:19:13.060738"}}
{"prev_hash": "8ffd42489859e6e1b2f6a389f1dbd6aaf621234a6784e4bf6b3ae942a54c5c9d", "data": {"tx_id": "TXN-BB4E42BA", "student_id": "STU31772", "amount": 431000.0, "channel": "Bank", "timestamp": "2026-05-04T23:00:13.060738"}}
{"prev_hash": "92935a2df7bef1280b5d919b182d86af7809ee7fb4fffcffe7a10145c080dfdc", "data": {"tx_id": "TXN-3BE768B6", "student_id": "STU44339", "amount": 84000.0, "channel": "Bank", "timestamp": "2026-05-04T21:18:13.060738"}}
{"prev_hash": "4a0d72b7e145e24178c10f14e288b58300e68782bdf08a46dc8807af4a04251f", "data": {"tx_id": "TXN-2753E38E", "student_id": "STU98641", "amount": 84000.0, "channel": "Bank", "timestamp": "2026-05-06T11:11:13.060738"}}
{"prev_hash": "d0f4f0992bb25a8b15cbaba4ab79a6446e65b70325d20a601f42657663af143f", "data": {"tx_id": "TXN-6AADC35F", "student_id": "STU23780", "amount": 130000.0, "channel": "Bank", "timestamp": "2026-05-09T01:30:13.060738"}}
{"prev_hash": "5a2b0bc7953952e21164b518f30d673551d251623788184151b4417d511e49c9", "data": {"tx_id": "TXN-1DDF85AD", "student_id": "STU39133", "amount": 89000.0, "channel": "Bank", "timestamp": "2026-05-07T23:46:13.060738"}}
{"prev_hash": "efd10fdf8d4c2e4e427079667fd2ac1077f39cb9f9235126c028e87ce7f692e9", "data": {"tx_id": "TXN-0155159D", "student_id": "STU20266", "amount": 425000.0, "channel": "Wallet", "timestamp": "2026-05-09T11:16:13.060738"}}
{"prev_hash": "b5985a838f815375d9d4869b58906bf359f03d5d461b11a57508d47edbfe41cb", "data": {"tx_id": "TXN-0517C254", "student_id": "STU77622", "amount": 88000.0, "channel": "Wallet", "timestamp": "2026-05-06T04:06:13.060738"}}
{"prev_hash": "bf7941274effabc2be947404b3756ee0dcec7dca0f19d573d6edd8a2d38cb369", "data": {"tx_id": "TXN-E52D432D", "student_id": "STU86084", "amount": 78000.0, "channel": "Bank", "timestamp": "2026-05-06T16:03:13.060738"}}
{"prev_hash": "0adbcbe8d8ece12ead37a1748e68546d8bf5e7524ce4094c2efb1fc7bb91b954", "data": {"tx_id": "TXN-641FEF41", "student_id": "STU64106", "amount": 500000.0, "channel": "Bank", "timestamp": "2026-05-07T22:37:13.060738"}}
{"prev_hash": "95a2d984b61ff0ac7d4061f1e4d5dd09a3c159b7f27035204cb33dcd536855cb", "data": {"tx_id": "TXN-137D8720", "student_id": "STU57779", "amount": 489000.0, "channel": "Bank", "timestamp": "2026-05-10T12:03:13.060738"}}
{"prev_hash": "ae6ba28bef5d8fe5b4132a325ddcb56119ca7eb9a29b43c710a299779a379a2f", "data": {"tx_id": "TXN-9345BAE5", "student_id": "STU89077", "amount": 171000.0, "channel": "Wallet", "timestamp": "2026-05-11T19:12:13.060738"}}
{"prev_hash": "269e8709946476194203795e2e8c8cc1074500f1e4492ef5ae2afdce4d010595", "data": {"tx_id": "TXN-3CE2419B", "student_id": "STU10009", "amount": 380000.0, "channel": "Bank", "timestamp": "2026-05-06T12:51:13.060738"}}
{"prev_hash": "6a77a225ea48016b3fea541d867d53a843185a265831ce5e9322edfad59c4263", "data": {"tx_id": "TXN-AAE6E009", "student_id": "STU34668", "amount": 192000.0, "channel": "Bank", "timestamp": "2026-05-05T08:33:13.060738"}}
{"prev_hash": "6db35cadc245e14894baf163c07a26702f1ff356232132f8abc21281d6b683a6", "data": {"tx_id": "TXN-A05F41CD", "student_id": "STU87509", "amount": 202000.0, "channel": "Bank", "timestamp": "2026-05-10T05:32:13.060738"}}
{"prev_hash": "9fbfe0474f978b35be0cbd9f8071f401472995264532ecfa5113b9413ec6245a", "data": {"tx_id": "TXN-68F86C4B", "student_id": "STU76317", "amount": 296000.0, "channel": "Bank", "timestamp": "2026-05-10T13:44:13.060738"}}
{"prev_hash": "23922ce3c69bccfd849c1cc86d58c1ce204fad606cf5673c4089db2360514ce4", "data": {"tx_id": "TXN-905116A1", "student_id": "STU83224", "amount": 411000.0, "channel": "Wallet", "timestamp": "2026-05-06T13:34:13.060738"}}
{"prev_hash": "65bb757a1d050861c850bc47c71bcec30fc1a36d2a1f925f2826ca86798368bf", "data": {"tx_id": "TXN-D3025679", "student_id": "STU69774", "amount": 306000.0, "channel": "Bank", "timestamp": "2026-05-11T10:16:13.060738"}}
{"prev_hash": "b998b9dc9fa947681e9fd647f6e503b39f832c2dc9d71e298f48c1546bdce87e", "data": {"tx_id": "TXN-838254BD", "student_id": "STU73499", "amount": 293000.0, "channel": "Bank", "timestamp": "2026-05-08T23:05:13.060738"}}
{"prev_hash": "1cbced6cb476509e63a29152e5ce3d53be9d8aca82115b4b94f639c88c5cbeb0", "data": {"tx_id": "TXN-D112E53C", "student_id": "STU21156", "amount": 107000.0, "channel": "Wallet", "timestamp": "2026-05-11T03:42:13.060738"}}
{"prev_hash": "10f2865a1a65f1ff33c604a733885e5753711596a4343575396819466d2d7e74", "data": {"tx_id": "TXN-1961DB36", "student_id": "STU79939", "amount": 443000.0, "channel": "Bank", "timestamp": "2026-05-10T11:57:13.060738"}}
{"prev_hash": "f1449dee8147685edf4c84771ef5e1697906a5817b12736d518c0cd089699053", "data": {"tx_id": "TXN-06076386", "student_id": "STU12613", "amount": 486000.0, "channel": "Wallet", "timestamp": "2026-05-10T13:54:13.060738"}}
{"prev_hash": "1ed85919898b99644e8a96104c7f98f2696abb4c36e2fd1a5256adc75b29bfd2", "data": {"tx_id": "TXN-16082DCE", "student_id": "STU16814", "amount": 436000.0, "channel": "Wallet", "timestamp": "2026-05-07T11:38:13.060738"}}
{"prev_hash": "3fff4f91ddbadfdc1b52d6fb6c0d48e95919d4b4aacd126cf20914e53e57868f", "data": {"tx_id": "TXN-DACC3A13", "student_id": "STU98695", "amount": 377000.0, "channel": "Wallet", "timestamp": "2026-05-10T19:02:13.060738"}}
{"prev_hash": "efc315896d391124ea044f51a7ecd93a2e3d71f26b2b0de182e0c2df54ed9c88", "data": {"tx_id": "TXN-61E7D94D", "student_id": "STU58978", "amount": 63000.0, "channel": "Bank", "timestamp": "2026-05-10T18:07:13.060738"}}
{"prev_hash": "015f19b3ce069b39bdc7df355f2a0bb7cd47dc3bea928933705485a7321f68ae", "data": {"tx_id": "TXN-B0E9CAD9", "student_id": "STU59771", "amount": 58000.0, "channel": "Wallet", "timestamp": "2026-05-06T07:10:13.060738"}}
{"prev_hash": "225992e372886fc221bc8dd84114d0d129c297d29809397d6e98a73c302c9c60", "data": {"tx_id": "TXN-C6CEB813", "student_id": "STU80310", "amount": 342000.0, "channel": "Wallet", "timestamp": "2026-05-09T00:40:13.060738"}}
{"prev_hash": "547c1c38c40651dffb06d04ace50c7c80dfc6c459d7d39166e394348c96acc09", "data": {"tx_id": "TXN-A417B7CF", "student_id": "STU15909", "amount": 319000.0, "channel": "Wallet", "timestamp": "2026-05-10T14:42:13.060738"}}
{"prev_hash": "c118748f0446bc976a729aae05c8a5f54f01d2395bfb53ddc685e7b66807dafa", "data": {"tx_id": "TXN-9C18CEF0", "student_id": "STU29552", "amount": 210000.0, "channel": "Wallet", "timestamp": "2026-05-07T08:48:13.060738"}}
{"prev_hash": "012c25df01df7cbfe18596ff625a7ef4eae006e38419d9731718cc9810c66254", "data": {"tx_id": "TXN-32531778", "student_id": "STU69770", "amount": 91000.0, "channel": "Wallet", "timestamp": "2026-05-07T23:35:13.060738"}}
{"prev_hash": "6f640638a31278f0a071c68e3f0cef1f2b73f8cea2c23d5cb246351ca9446b79", "data": {"tx_id": "TXN-455BA936", "student_id": "STU37767", "amount": 434000.0, "channel": "Wallet", "timestamp": "2026-05-11T03:47:13.060738"}}
{"prev_hash": "e36f7c51866df064b67c806f932537040f5589488c9d3d770be7aff522235619", "data": {"tx_id": "TXN-06B12F97", "student_id": "STU98958", "amount": 83000.0, "channel": "Bank", "timestamp": "2026-05-10T01:47:13.060738"}}
{"prev_hash": "b5529779486a5651cb00a84e80af622e39399c1db3be864f2b84500d3bddf582", "data": {"tx_id": "TXN-DDD5F8E5", "student_id": "STU28222", "amount": 56000.0, "channel": "Bank", "timestamp": "2026-05-10T01:35:13.060738"}}
{"prev_hash": "27b2eac8a201a5bdf9fe77caccc6b28184269f8ef9040bead237d8d3b898c6c4", "data": {"tx_id": "TXN-6E96CB7D", "student_id": "STU57905", "amount": 469000.0, "channel": "Wallet", "timestamp": "2026-05-07T04:14:13.060738"}}
{"prev_hash": "8cf77e3ca470831305c53992cd6547bfe2445350e00e403456ca65bf14d355ab", "data": {"tx_id": "TXN-08592A0B", "student_id": "STU95418", "amount": 376000.0, "channel": "Bank", "timestamp": "2026-05-06T13:48:13.060738"}}
{"prev_hash": "671b459e5b31cdbbcc3e12a62c6c308e1e771aea26c920629efa25940ed392c9", "data": {"tx_id": "TXN-6D9C612D", "student_id": "STU15926", "amount": 246000.0, "channel": "Bank", "timestamp": "2026-05-09T13:16:13.060738"}}
{"prev_hash": "649f85ac43d77049a8da87e2dd93692ea8797f60b8dcbc4a603d8c4af4f3f033", "data": {"tx_id": "TXN-33D165F8", "student_id": "STU28951", "amount": 119000.0, "channel": "Wallet", "timestamp": "2026-05-10T00:58:13.060738"}}
{"prev_hash": "b43f05d877ad4a186d9f6971ef98a3b0dc1defe52e43eab6f6894cf1f27db35e", "data": {"tx_id": "TXN-21A99C01", "student_id": "STU67257", "amount": 337000.0, "channel": "Bank", "timestamp": "2026-05-06T08:26:13.060738"}}
{"prev_hash": "bcc032b73f82294224ba1e5460489737a3808ca4fd31a2eddab61d079bf9607a", "data": {"tx_id": "TXN-4E61B40D", "student_id": "STU16586", "amount": 85000.0, "channel": "Wallet", "timestamp": "2026-05-08T14:57:13.060738"}}
{"prev_hash": "c93e5191333522952bfc4bb18c00071574d1e525a5c1d698cbeae8a5c314482a", "data": {"tx_id": "TXN-0493F248", "student_id": "STU68736", "amount": 338000.0, "channel": "Bank", "timestamp": "2026-05-10T20:37:13.060738"}}
{"prev_hash": "b965707cbe9f5d6399e2bbaab390776793c4323728f9cd8514df0ea75d415274", "data": {"tx_id": "TXN-D84F6746", "student_id": "STU16629", "amount": 128000.0, "channel": "Wallet", "timestamp": "2026-05-09T06:15:13.060738"}}
{"prev_hash": "bac8145ebc2e904a5caf52ec2307072cda76d48e9acb6601c4c82c96eb1268a8", "data": {"tx_id": "TXN-2DBF84D7", "student_id": "STU66128", "amount": 199000.0, "channel": "Wallet", "timestamp": "2026-05-06T22:54:13.060738"}}
{"prev_hash": "88cf4a2f7db8e2d39311b5d49a89fe10684eb1a5a4517d3e073c0b3cb2554d8a", "data": {"tx_id": "TXN-6B8DF3AE", "student_id": "STU82975", "amount": 441000.0, "channel": "Wallet", "timestamp": "2026-05-08T10:26:13.060738"}}
{"prev_hash": "a708620b01cacda813f1e111fe1e2edcd0a8cf1ada9dc27b2645b95dfa722a83", "data": {"tx_id": "TXN-75D6D1E6", "student_id": "STU51010", "amount": 240000.0, "channel": "Bank", "timestamp": "2026-05-09T11:03:13.060738"}}
{"prev_hash": "96ba0405b25aa8a3fd4d1c16c8dc7722e1445d8af9e666e7edb1290f15073a24", "data": {"tx_id": "TXN-45209835", "student_id": "STU11326", "amount": 68000.0, "channel": "Wallet", "timestamp": "2026-05-10T04:33:13.060738"}}
{"prev_hash": "8efd33350010ad2175b104260e17ad0fbbefee69190e28a896c1d907b32ba111", "data": {"tx_id": "TXN-82ABFBA6", "student_id": "STU75207", "amount": 306000.0, "channel": "Bank", "timestamp": "2026-05-07T17:10:13.060738"}}
{"prev_hash": "65881fe9c30acd6741f6d0a26cebeade0564be32cba9e7c59f3d33e81088c194", "data": {"tx_id": "TXN-F2A587AC", "student_id": "STU63535", "amount": 473000.0, "channel": "Bank", "timestamp": "2026-05-09T07:05:13.060738"}}
{"prev_hash": "f19ce44cb26c0159d2d82b2cf627e0dd935573b34ac9ded5328abb23e78f9609", "data": {"tx_id": "TXN-55C459CA", "student_id": "STU84740", "amount": 119000.0, "channel": "Wallet", "timestamp": "2026-05-08T01:10:13.060738"}}
{"prev_hash": "b83bb2570e030b4c722490b4e4d5bff3af092eb7b4594b9d89974f9f8aed8834", "data": {"tx_id": "TXN-1CEC77C4", "student_id": "STU21636", "amount": 137000.0, "channel": "Wallet", "timestamp": "2026-05-09T03:46:13.060738"}}
{"prev_hash": "dd41d362089c022c43b5d23639419a1a34bedb400c6640ae030c291e3f8a2c2b", "data": {"tx_id": "TXN-B0A2B4E3", "student_id": "STU58019", "amount": 254000.0, "channel": "Bank", "timestamp": "2026-05-10T07:40:13.060738"}}
{"prev_hash": "d571d5b8730fa916d69d016490e00071aff19bfea2e9c49752caf6eb678bade9", "data": {"tx_id": "TXN-6419D826", "student_id": "STU17860", "amount": 55000.0, "channel": "Bank", "timestamp": "2026-05-07T05:14:13.060738"}}
{"prev_hash": "c4053e40e045011381e1660613a202f4d79bb1eab232aa787f03f2feefa9707c", "data": {"tx_id": "TXN-410D0C1D", "student_id": "STU80537", "amount": 491000.0, "channel": "Wallet", "timestamp": "2026-05-09T21:10:13.060738"}}
{"prev_hash": "1e4e0808ef8719ecccadbcf5ec16dde32bd2b093d9ab907a69ba386a702b03b8", "data": {"tx_id": "TXN-67B6B164", "student_id": "STU18847", "amount": 409000.0, "channel": "Bank", "timestamp": "2026-05-06T21:36:13.060738"}}
{"prev_hash": "67e0e62645be915eb2af9bbced73cfa250327530aabd4645390ae88b75ca7d29", "data": {"tx_id": "TXN-708C91A4", "student_id": "STU26726", "amount": 180000.0, "channel": "Wallet", "timestamp": "2026-05-08T10:54:13.060738"}}
{"prev_hash": "76d151652f0623c755aedbc6c5c814e038d8591ee4e653e36f7db3758c694381", "data": {"tx_id": "TXN-4240E0FF", "student_id": "STU72043", "amount": 381000.0, "channel": "Wallet", "timestamp": "2026-05-05T07:26:13.060738"}}
{"prev_hash": "fb526de69e61f84439e4f57a949afec2eaf13882f093ff75e6add1f31062a296", "data": {"tx_id": "TXN-0FDA3844", "student_id": "STU53942", "amount": 257000.0, "channel": "Wallet", "timestamp": "2026-05-08T18:54:13.060738"}}
{"prev_hash": "272e04cef7eaa615c83a8bb6377a26e21a6de227ef481d21bb20a4ea0a7743f2", "data": {"tx_id": "TXN-F5BA27C5", "student_id": "STU92127", "amount": 296000.0, "channel": "Bank", "timestamp": "2026-05-04T21:54:13.060738"}}
{"prev_hash": "821e780681c379bca66334fd10264a0d108ad24f881eef5b93ddb5ebfdecde98", "data": {"tx_id": "TXN-30D791C5", "student_id": "STU14007", "amount": 416000.0, "channel": "Bank", "timestamp": "2026-05-08T01:49:13.060738"}}
{"prev_hash": "1b458b29cb17b9e09ce8dee53fa4cbf325283b10cb104dbccfd43260430f60ec", "data": {"tx_id": "TXN-D5A34152", "student_id": "STU49682", "amount": 147000.0, "channel": "Bank", "timestamp": "2026-05-05T04:42:13.060738"}}
{"prev_hash": "6ac2693d3314358c8a87f0783ba6a4da7d150dbda88b1b95fddffe5e0ab20dbe", "data": {"tx_id": "TXN-2B2FCFC5", "student_id": "STU34517", "amount": 425000.0, "channel": "Wallet", "timestamp": "2026-05-10T20:10:13.060738"}}
{"prev_hash": "eac759a1057d76233fcb2b3555f6de5715564cb70cc2a46efd4253405e037375", "data": {"tx_id": "TXN-211F4A5F", "student_id": "STU20202", "amount": 61000.0, "channel": "Wallet", "timestamp": "2026-05-10T07:19:13.060738"}}
{"prev_hash": "7c1d7bf1bd85bf74760f392e83386e589d7b373f939881e037867b364b0e5502", "data": {"tx_id": "TXN-C1A4D6B1", "student_id": "STU13078", "amount": 272000.0, "channel": "Bank", "timestamp": "2026-05-05T23:48:13.060738"}}
{"prev_hash": "65f549b1b8e80cc5f17a4eb01a24b4c47be16cc37e3e926245b4b4433164242e", "data": {"tx_id": "TXN-C7C4B375", "student_id": "STU26712", "amount": 313000.0, "channel": "Wallet", "timestamp": "2026-05-10T11:48:13.060738"}}
{"prev_hash": "7eba9ca085d4d8767ad465f83b6e4a2e07dacd4cc2fb1c38eea7a35a477dd7a0", "data": {"tx_id": "TXN-0A44FDF7", "student_id": "STU53160", "amount": 213000.0, "channel": "Wallet", "timestamp": "2026-05-08T20:21:13.060738"}}
{"prev_hash": "a08dd0c64253304ec2cbed15249842767299aff364ba7d518304b2df1f244c19", "data": {"tx_id": "TXN-B3C0F4DF", "student_id": "STU56837", "amount": 211000.0, "channel": "Wallet", "timestamp": "2026-05-08T18:55:13.060738"}}
{"prev_hash": "27a5775c6b1a1bfb7e7a7b0812ee94d07d34f4befc49365cc148065d3745357c", "data": {"tx_id": "TXN-C9D34704", "student_id": "STU51836", "amount": 301000.0, "channel": "Bank", "timestamp": "2026-05-09T03:57:13.060738"}}
{"prev_hash": "b1a387ee41931dc069c00f9e57345444d0345fec6b3789eb22aca0e674f5fca6", "data": {"tx_id": "TXN-37BABA29", "student_id": "STU50232", "amount": 323000.0, "channel": "Wallet", "timestamp": "2026-05-06T01:50:13.060738"}}
{"prev_hash": "ad90c3282e8d8eff0aaa1431838c2904f49c10ab6aa97f468f6a6cc145a1c2ae", "data": {"tx_id": "TXN-F454CEA9", "student_id": "STU29154", "amount": 442000.0, "channel": "Wallet", "timestamp": "2026-05-10T10:56:13.060738"}}
{"prev_hash": "0b1737954297ad1cb70850aabc471f24c4ba44df6329bc087320f3f30cac9445", "data": {"tx_id": "TXN-2828B338", "student_id": "STU32393", "amount": 188000.0, "channel": "Wallet", "timestamp": "2026-05-11T17:57:13.060738"}}
{"prev_hash": "e0c5424873658a7a5bee52616f9643076073a4a69b48b88a6aa1c2a086220a37", "data": {"tx_id": "TXN-FF4304B3", "student_id": "STU39834", "amount": 475000.0, "channel": "Wallet", "timestamp": "2026-05-07T11:16:13.060738"}}
{"prev_hash": "9e0872bb5dfcd7e8a943f93a9c7d82399354b0b7f3134b2db0d7844076ae1572", "data": {"tx_id": "TXN-0922940B", "student_id": "STU86361", "amount": 367000.0, "channel": "Wallet", "timestamp": "2026-05-11T19:42:13.060738"}}
{"prev_hash": "cde5d3a7f93c9abddce84aac57f13aaaadb8dce9ecbe13b7a0b2c717bc11228f", "data": {"tx_id": "TXN-E470E92E", "student_id": "STU31519", "amount": 361000.0, "channel": "Bank", "timestamp": "2026-05-10T16:36:13.060738"}}
{"prev_hash": "9aecdbd54477a11e0a4e0cf8e308895337508b96e80d8a736da3835eac547d01", "data": {"tx_id": "TXN-60C0D178", "student_id": "STU51621", "amount": 326000.0, "channel": "Wallet", "timestamp": "2026-05-05T10:34:13.060738"}}
{"prev_hash": "d07b04960e20dd508ac1967e4eed21c8707c99a196ec02c8ceb382d05f49a32a", "data": {"tx_id": "TXN-CC64CF9C", "student_id": "STU17046", "amount": 478000.0, "channel": "Wallet", "timestamp": "2026-05-10T23:44:13.060738"}}
{"prev_hash": "7a95efd9fff96ae8b19ee9faa0946ec7fc2c11e7412f639338e5949be4c7ae7f", "data": {"tx_id": "TXN-EB6FD08E", "student_id": "STU98430", "amount": 231000.0, "channel": "Bank", "timestamp": "2026-05-09T17:50:13.060738"}}
{"prev_hash": "453c5a048b68034d82d2a0eea615ce3aa13aad9580537d73523ee6c2b3caea87", "data": {"tx_id": "TXN-B739C89F", "student_id": "STU36456", "amount": 173000.0, "channel": "Wallet", "timestamp": "2026-05-07T21:21:13.060738"}}
{"prev_hash": "7e78ec9d62fb11c217c212032f16bd80f890a2c2e29b8c0fab029e48212207d2", "data": {"tx_id": "TXN-4807BBAF", "student_id": "STU19258", "amount": 473000.0, "channel": "Bank", "timestamp": "2026-05-08T07:12:13.060738"}}
{"prev_hash": "805f271c140b506b8cc081c0edb559d32989baf4a5a8b4cff1c8dc4beb1cff85", "data": {"tx_id": "TXN-B81A51AB", "student_id": "STU98238", "amount": 283000.0, "channel": "Wallet", "timestamp": "2026-05-08T10:47:13.060738"}}
{"prev_hash": "40a886d4f4c09b616c8653b48b29ddb22ab355b93a860f23567957c0b631a9b7", "data": {"tx_id": "TXN-2917AE22", "student_id": "STU71527", "amount": 260000.0, "channel": "Bank", "timestamp": "2026-05-07T08:37:13.060738"}}
{"prev_hash": "df3d0da7fc59abc0c49356b0c3ad225a3c3b53480eb83b1d4cacb994410166cb", "data": {"tx_id": "TXN-D95FF0BE", "student_id": "STU95560", "amount": 353000.0, "channel": "Wallet", "timestamp": "2026-05-11T11:33:13.060738"}}
{"prev_hash": "ae5f7a5e9040facda067497f4c58f521ecbf0cc7d68819fcc4c9e08bd4b22b9f", "data": {"tx_id": "TXN-B7EDB073", "student_id": "STU33379", "amount": 193000.0, "channel": "Bank", "timestamp": "2026-05-07T14:33:13.060738"}}
{"prev_hash": "543f3c457293e165a60cd8a5cee2e6a19bc0f7acaafad7f2e55f0c7fd486b40a", "data": {"tx_id": "TXN-88DE8D6A", "student_id": "STU14438", "amount": 430000.0, "channel": "Bank", "timestamp": "2026-05-06T18:31:13.060738"}}
{"prev_hash": "ed75b024de9dd49d883a19ad98ece20e77e52a7cc7b4f0598ab63a6bb8146a6a", "data": {"tx_id": "TXN-BDA60416", "student_id": "STU79705", "amount": 76000.0, "channel": "Wallet", "timestamp": "2026-05-07T00:24:13.060738"}}
{"prev_hash": "117fb94e4c08aa16c04a82fa7d5f9c1fb9611e20a7b8dd8a6c532f714e34532e", "data": {"tx_id": "TXN-BC9CE7AF", "student_id": "STU49079", "amount": 389000.0, "channel": "Bank", "timestamp": "2026-05-05T12:37:13.060738"}}
{"prev_hash": "e1e87abc16683e47532a1ef26e4f4b441842fe523953b10aecb0739fb61c01ea", "data": {"tx_id": "TXN-875FA1E4", "student_id": "STU45463", "amount": 474000.0, "channel": "Bank", "timestamp": "2026-05-11T02:05:13.060738"}}
{"prev_hash": "2a7bc44928ec2f758592abb241382a12cb089a62ac35dfd141af1ff9c919614e", "data": {"tx_id": "TXN-CB30F911", "student_id": "STU22145", "amount": 63000.0, "channel": "Wallet", "timestamp": "2026-05-08T22:48:13.060738"}}
{"prev_hash": "6e1d1b2b45d29830471e016b102e85eeb816f516e0f2e2a70c25186c180b54ad", "data": {"tx_id": "TXN-077F0B0D", "student_id": "STU67048", "amount": 324000.0, "channel": "Bank", "timestamp": "2026-05-07T05:52:13.060738"}}
{"prev_hash": "9439e0607125d659482120651100b0cc89f8690f24d6da538395821c3699ec2f", "data": {"tx_id": "TXN-CA4F8BF2", "student_id": "STU62456", "amount": 123000.0, "channel": "Bank", "timestamp": "2026-05-07T22:33:13.060738"}}
{"prev_hash": "60e48b0ba6c6d73d70036aa2b92801302195c725ad6012ff7541e701f633e103", "data": {"tx_id": "TXN-7E87AB6F", "student_id": "STU91458", "amount": 303000.0, "channel": "Bank", "timestamp": "2026-05-06T19:04:13.060738"}}
{"prev_hash": "35e40deb124cade623166c51b504eee597293aa2b963b8e9867f22966b0169e3", "data": {"tx_id": "TXN-3923E986", "student_id": "STU27034", "amount": 183000.0, "channel": "Bank", "timestamp": "2026-05-08T00:08:13.060738"}}
{"prev_hash": "1c4607add55191e437bc899e6e82ff7d52a613ee5816e22e9667ee3d98b8ea5f", "data": {"tx_id": "TXN-18F76C34", "student_id": "STU15611", "amount": 189000.0, "channel": "Wallet", "timestamp": "2026-05-06T06:40:13.060738"}}
{"prev_hash": "4d7fee8b04e91a297ef2bc438754ee17c698ab39d6584b72c507aa8ced9281fd", "data": {"tx_id": "TXN-0B70136B", "student_id": "STU89549", "amount": 283000.0, "channel": "Wallet", "timestamp": "2026-05-06T16:46:13.060738"}}
{"prev_hash": "a5a63f5f39fc46fa9b91b98b2e5712ef68e4075808fe39b043635e87ff354ca8", "data": {"tx_id": "TXN-5122029A", "student_id": "STU99201", "amount": 249000.0, "channel": "Bank", "timestamp": "2026-05-09T09:23:13.060738"}}
{"prev_hash": "0ba97a17f08df15d6b6b26988e542851998e0608426f280ba78429f56d6eafe8", "data": {"tx_id": "TXN-2024EBB4", "student_id": "STU70040", "amount": 132000.0, "channel": "Bank", "timestamp": "2026-05-05T05:17:13.060738"}}
{"prev_hash": "b8b67687f8b79fa56fa04e3c7202119858e9658a90aea4af20d28ac5f7aaf833", "data": {"tx_id": "TXN-216A9401", "student_id": "STU54998", "amount": 335000.0, "channel": "Bank", "timestamp": "2026-05-06T15:58:13.060738"}}
{"prev_hash": "4cb3ae9ac891fe6cca8184f3aed9de6b2b01603ff15dfc4de5c384640fbc4a28", "data": {"tx_id": "TXN-BB8AC37E", "student_id": "STU11631", "amount": 411000.0, "channel": "Bank", "timestamp": "2026-05-04T21:18:13.060738"}}
{"prev_hash": "d9a7c4c92579b695fd2d0bb4d6d6a3270dc0e5b11c5132374b7f771c033ce52e", "data": {"tx_id": "TXN-393D7F9A", "student_id": "STU62957", "amount": 265000.0, "channel": "Bank", "timestamp": "2026-05-05T07:23:13.060738"}}
{"prev_hash": "360f3210984029f3b31ef97d8ed40d7b1ffba0d692bf671402a2e25014092c2c", "data": {"tx_id": "TXN-9646C0E0", "student_id": "STU97338", "amount": 202000.0, "channel": "Wallet", "timestamp": "2026-05-05T13:04:13.060738"}}
{"prev_hash": "eb5e4b2dac73575982d1dc91a3fcbb7fa0dfbd6fcec43595e9873cbb5ef69e48", "data": {"tx_id": "TXN-2EDD9A53", "student_id": "STU46958", "amount": 339000.0, "channel": "Wallet", "timestamp": "2026-05-08T00:05:13.060738"}}
{"prev_hash": "a909d6eb516a1517b839867de6adfe2bf20d0aefadf38ef882ee1bf176556cbb", "data": {"tx_id": "TXN-5899395A", "student_id": "STU97617", "amount": 242000.0, "channel": "Wallet", "timestamp": "2026-05-10T01:03:13.060738"}}
{"prev_hash": "01bfb4815c80deb84eb8ad6fa334e2c80641964c8290c167953ad53960f16d56", "data": {"tx_id": "TXN-3C2F54E3", "student_id": "STU33847", "amount": 122000.0, "channel": "Bank", "timestamp": "2026-05-05T09:28:13.060738"}}
{"prev_hash": "fe7b8d766ef06df2c43f6c82e4e644f88bd5ae394cce5b448a46dd5650cd3f74", "data": {"tx_id": "TXN-5099F6DF", "student_id": "STU49073", "amount": 72000.0, "channel": "Wallet", "timestamp": "2026-05-11T07:50:13.060738"}}
{"prev_hash": "2792da01b0343e52a40f569078d393978e23768f2cd02cbab52ecb664ff4731f", "data": {"tx_id": "TXN-115632AA", "student_id": "STU33011", "amount": 225000.0, "channel": "Wallet", "timestamp": "2026-05-10T13:44:13.060738"}}
{"prev_hash": "83a2bd340ead970d2f46f71fda9ccf7abf6bb3439e3d6d6c0d5ae2065325149e", "data": {"tx_id": "TXN-39461429", "student_id": "STU54778", "amount": 295000.0, "channel": "Bank", "timestamp": "2026-05-07T02:16:13.060738"}}
{"prev_hash": "772e0cc698bb7e4ac30c9869ebb8815570321d98a29d43532da12749a4068876", "data": {"tx_id": "TXN-80030AA8", "student_id": "STU45705", "amount": 331000.0, "channel": "Bank", "timestamp": "2026-05-10T01:14:13.060738"}}
{"prev_hash": "94cb5ac0dd16e2239cd288ddea5f385eecf693371fc33e96d25b21b19d8ebd9c", "data": {"tx_id": "TXN-FBD079C9", "student_id": "STU71043", "amount": 75000.0, "channel": "Bank", "timestamp": "2026-05-08T18:42:13.060738"}}
{"prev_hash": "78ec6f61510788b2fb7723aece6e85095b7bab4ac716857644de7e8a973a19af", "data": {"tx_id": "TXN-4933B158", "student_id": "STU27711", "amount": 192000.0, "channel": "Bank", "timestamp": "2026-05-10T06:45:13.060738"}}
{"prev_hash": "93d576aed49365996f7903b5395559e3cd7920d88b6a21a092da37319527b6a4", "data": {"tx_id": "TXN-C345CE36", "student_id": "STU32384", "amount": 78000.0, "channel": "Bank", "timestamp": "2026-05-10T10:25:13.060738"}}
{"prev_hash": "d33d34dec3eb87deb383ca73f2e3e68942344e773e4a670b4d5f1a67ae12342e", "data": {"tx_id": "TXN-8468D483", "student_id": "STU93021", "amount": 195000.0, "channel": "Bank", "timestamp": "2026-05-05T04:59:13.060738"}}
{"prev_hash": "7c836871f4efe077c4984a48d0cad8e2dcfb6d341710555449fbba48c6f9249a", "data": {"tx_id": "TXN-6C63F051", "student_id": "STU95329", "amount": 304000.0, "channel": "Wallet", "timestamp": "2026-05-09T08:49:13.060738"}}
{"prev_hash": "757063b4d4b60285ef55b21c3c7a28aa61395e461bcc18bbef7b06305710eaf1", "data": {"tx_id": "TXN-E87476AE", "student_id": "STU80450", "amount": 303000.0, "channel": "Wallet", "timestamp": "2026-05-05T07:15:13.060738"}}
{"prev_hash": "256c352fc911492557aa01e3e064cf04cafd080a31b9b636c346aac9c552ee6b", "data": {"tx_id": "TXN-AA0399FF", "student_id": "STU49446", "amount": 106000.0, "channel": "Bank", "timestamp": "2026-05-11T18:12:13.060738"}}
{"prev_hash": "ba7e957b4dd89f256c641292b56b2f3fd6c7276e68859ff4557c2620616248d6", "data": {"tx_id": "TXN-57FEF754", "student_id": "STU96245", "amount": 328000.0, "channel": "Wallet", "timestamp": "2026-05-05T22:11:13.060738"}}
{"prev_hash": "88f44bef1bf91873d9d662ac24fc58df03f992f6f807781052299deff0946fcd", "data": {"tx_id": "TXN-36479FEE", "student_id": "STU59124", "amount": 227000.0, "channel": "Bank", "timestamp": "2026-05-06T02:07:13.060738"}}
{"prev_hash": "405a2f03e4d22c9edf78a36f4146bd02343895efb74a6460a777e439c9ee2d14", "data": {"tx_id": "TXN-ACD5FB61", "student_id": "STU52746", "amount": 423000.0, "channel": "Wallet", "timestamp": "2026-05-09T02:33:13.060738"}}
{"prev_hash": "1c2ca50c22169e87e77186a4e48c8c7b5c12aaedda3dd58a894cf228e100a40f", "data": {"tx_id": "TXN-C9F875C3", "student_id": "STU59651", "amount": 65000.0, "channel": "Bank", "timestamp": "2026-05-11T08:41:13.060738"}}
{"prev_hash": "26307b4d3e41f93a687c0fd0955d2ae0fe1ca98a81775c81b84450f8e289b971", "data": {"tx_id": "TXN-2981B11F", "student_id": "STU95974", "amount": 232000.0, "channel": "Wallet", "timestamp": "2026-05-11T13:18:13.060738"}}
{"prev_hash": "8f4d37a8bf80d3b913bd340e5b64f4622c48fb1c5c1bd9e94addcbb60d45dc8c", "data": {"tx_id": "TXN-7A36EBD3", "student_id": "STU65199", "amount": 255000.0, "channel": "Wallet", "timestamp": "2026-05-11T12:55:13.060738"}}
{"prev_hash": "26b7f57981a1121e97bb570307b65fabafdd99579230b4aaa150ff6106132cc3", "data": {"tx_id": "TXN-AE1C6F13", "student_id": "STU88778", "amount": 237000.0, "channel": "Wallet", "timestamp": "2026-05-09T13:42:13.060738"}}
{"prev_hash": "19c06ff8328ecfa5bd632e513307dddd2b9688a2f288df8e80771b714d2cba00", "data": {"tx_id": "TXN-FF647E7B", "student_id": "STU81072", "amount": 372000.0, "channel": "Bank", "timestamp": "2026-05-07T07:28:13.060738"}}
{"prev_hash": "644c186bc8162afd64565218d41b46d7a790289464336331d6f7844815f4286e", "data": {"tx_id": "TXN-214A281C", "student_id": "STU41330", "amount": 333000.0, "channel": "Wallet", "timestamp": "2026-05-10T23:10:13.060738"}}
{"prev_hash": "049349aabbda2434de796b5a0a584d49a48e0b06b1657b454776101cd80c9990", "data": {"tx_id": "TXN-437C430C", "student_id": "STU98833", "amount": 484000.0, "channel": "Bank", "timestamp": "2026-05-11T14:46:13.060738"}}
{"prev_hash": "b97a6cccb0f6255d0d63127dca305489e7877d00ff16c8ede3bd08a848c7bb8e", "data": {"tx_id": "TXN-E6C715F8", "student_id": "STU88377", "amount": 92000.0, "channel": "Wallet", "timestamp": "2026-05-05T06:30:13.060738"}}
{"prev_hash": "f7f3df0feb503ef1d29a82c3f26bf5ad7d3efa86b3ae2939d58a1c878294499a", "data": {"tx_id": "TXN-F77FE9F3", "student_id": "STU11029", "amount": 460000.0, "channel": "Wallet", "timestamp": "2026-05-05T00:41:13.060738"}}
{"prev_hash": "0a6edde8df8e9c62ec8dbddc610506516de65b2e9265e23bb795f315f048c3a9", "data": {"tx_id": "TXN-776ADB54", "student_id": "STU62602", "amount": 455000.0, "channel": "Wallet", "timestamp": "2026-05-09T16:43:13.060738"}}
{"prev_hash": "96eff0411ec9868ab5448331b1ce2d217d97fc5e0f54c5dab53fc8176acb0f08", "data": {"tx_id": "TXN-36A88F56", "student_id": "STU61118", "amount": 328000.0, "channel": "Wallet", "timestamp": "2026-05-05T19:52:13.060738"}}
{"prev_hash": "7d44e9891c27b27a5dd73fccacd383b68b36426efecbc836fe0c71922f4e9b9f", "data": {"tx_id": "TXN-FEE2B6E7", "student_id": "STU62066", "amount": 115000.0, "channel": "Bank", "timestamp": "2026-05-07T12:58:13.060738"}}
{"prev_hash": "a240b49106bca90452b003ac8de98f0ca282cebaf6a51c49f4891cfb4f121d4d", "data": {"tx_id": "TXN-29832845", "student_id": "STU84390", "amount": 215000.0, "channel": "Wallet", "timestamp": "2026-05-05T00:03:13.060738"}}
{"prev_hash": "b757886368ec604e413ba1b4b98a187d2af3730ddfec7086cd722f96c52b20a1", "data": {"tx_id": "TXN-0ED12054", "student_id": "STU15818", "amount": 152000.0, "channel": "Bank", "timestamp": "2026-05-06T16:32:13.060738"}}
{"prev_hash": "5e9925b9ed5bf7d2440027fc0ac46c421cb3b5f0bd1bef0e72f758b9f1dfe9ba", "data": {"tx_id": "TXN-892BB55E", "student_id": "STU73618", "amount": 481000.0, "channel": "Bank", "timestamp": "2026-05-05T11:38:13.060738"}}
{"prev_hash": "53a0646e2df2953a9757b6101fbcf0b8320df7536b2c0fd6c183fc4ead7f4e21", "data": {"tx_id": "TXN-AA5DC1A2", "student_id": "STU83324", "amount": 483000.0, "channel": "Wallet", "timestamp": "2026-05-05T16:44:13.060738"}}
{"prev_hash": "741cfa97297ba18435744f9002588c0764108149bc8170cea8d7f70623ce86a9", "data": {"tx_id": "TXN-277D0992", "student_id": "STU31866", "amount": 233000.0, "channel": "Bank", "timestamp": "2026-05-07T19:44:13.060738"}}
{"prev_hash": "0ab82a847d5995e2d503cf0598ae23b170cf67c51dce46bd01b680336c1c1331", "data": {"tx_id": "TXN-6B9FA009", "student_id": "STU97856", "amount": 136000.0, "channel": "Bank", "timestamp": "2026-05-06T10:56:13.060738"}}
{"prev_hash": "1094e2a98929e4bb843bb4f0720e82d6209e205cef70342ed6d2a9d0be1f3014", "data": {"tx_id": "TXN-F5C869AC", "student_id": "STU75517", "amount": 487000.0, "channel": "Bank", "timestamp": "2026-05-09T23:36:13.060738"}}
{"prev_hash": "12abc21d1f865a3bde30f20ba1cf275a0f933c5c195058e7da6fc976a341592b", "data": {"tx_id": "TXN-31E05EC9", "student_id": "STU46668", "amount": 217000.0, "channel": "Wallet", "timestamp": "2026-05-10T10:38:13.060738"}}
{"prev_hash": "83172c757acc15350441a1db408f7851afb0ce621b610122d2bf0d53cfea669f", "data": {"tx_id": "TXN-1EC432E2", "student_id": "STU59063", "amount": 439000.0, "channel": "Bank", "timestamp": "2026-05-08T20:54:13.060738"}}
{"prev_hash": "3a2d69dc0cb63c624e96bd839597cc0a0f618978fe94500bae3fb05db3390503", "data": {"tx_id": "TXN-B2622E61", "student_id": "STU93907", "amount": 254000.0, "channel": "Wallet", "timestamp": "2026-05-10T11:04:13.060738"}}
{"prev_hash": "24068df04603ee0192af6bd5554082df089a7c707e606fad26dbf6fff057c9e5", "data": {"tx_id": "TXN-0F9DD170", "student_id": "STU56420", "amount": 444000.0, "channel": "Wallet", "timestamp": "2026-05-04T21:51:13.060738"}}
{"prev_hash": "e03999e3e70aecd7b38d0109d02e5f6cb0d34f4a6c16fb8759de92c79b9a3f5d", "data": {"tx_id": "TXN-B207F821", "student_id": "STU52224", "amount": 422000.0, "channel": "Bank", "timestamp": "2026-05-11T05:01:13.060738"}}
{"prev_hash": "91d36c940aac64d27017b9ade77dda55b0bb12a421622ddbfb25dc61cfe9cb5f", "data": {"tx_id": "TXN-99A78416", "student_id": "STU56673", "amount": 276000.0, "channel": "Bank", "timestamp": "2026-05-08T14:00:13.060738"}}
{"prev_hash": "d7069e32998feb1ca3dd711abed34eb81ea47686df7cd48347eef0173ab2019a", "data": {"tx_id": "TXN-FEC76848", "student_id": "STU10380", "amount": 493000.0, "channel": "Wallet", "timestamp": "2026-05-11T12:13:13.060738"}}
{"prev_hash": "8f83c465dc71addda759722e8db4f9fcc7bfbff7c3ef11e1f1f2b0cd70ad2808", "data": {"tx_id": "TXN-48AEAD8D", "student_id": "STU31576", "amount": 270000.0, "channel": "Wallet", "timestamp": "2026-05-06T13:48:13.060738"}}
{"prev_hash": "1abc9ce3a00fc9cd8127a50c55e7865ce497fdf2646bf58ebb7a05f0d45870ef", "data": {"tx_id": "TXN-302CF0F4", "student_id": "STU97998", "amount": 142000.0, "channel": "Bank", "timestamp": "2026-05-11T02:11:13.060738"}}
{"prev_hash": "518b403ae38dbfcd31960240abd83c1ab2b9b383ecf22b189d1c7fd16142b20b", "data": {"tx_id": "TXN-085B4818", "student_id": "STU54742", "amount": 262000.0, "channel": "Bank", "timestamp": "2026-05-10T07:47:13.060738"}}
{"prev_hash": "ef740776d88126cabe80281c994c17421e180b6f35a703cf5d0823473c31a365", "data": {"tx_id": "TXN-76ED4952", "student_id": "STU67785", "amount": 304000.0, "channel": "Bank", "timestamp": "2026-05-09T20:07:13.060738"}}
{"prev_hash": "17983d6422efc1921ae1ed21fd05359007b74884a922bfa009f455368153881e", "data": {"tx_id": "TXN-09A554D3", "student_id": "STU49365", "amount": 446000.0, "channel": "Bank", "timestamp": "2026-05-06T15:23:13.060738"}}
{"prev_hash": "5bb38cc1e2de91e7badc88e8a213921c7572cb7635e52a4445e6f2abe575f98a", "data": {"tx_id": "TXN-A2F1E0A2", "student_id": "STU26158", "amount": 108000.0, "channel": "Wallet", "timestamp": "2026-05-11T07:42:13.060738"}}
{"prev_hash": "12b8a7107919e5679745fcef7d47853dbebb5f83f27560f6cb8668ca89ec6d92", "data": {"tx_id": "TXN-45088896", "student_id": "STU67976", "amount": 89000.0, "channel": "Bank", "timestamp": "2026-05-11T03:28:13.060738"}}
{"prev_hash": "42c23902f0ce28d43f718f5da2d851b7aaf1a6d3dcdc5306ea95a3d2b14ab8cb", "data": {"tx_id": "TXN-2DB94CD1", "student_id": "STU59273", "amount": 185000.0, "channel": "Bank", "timestamp": "2026-05-06T02:59:13.060738"}}
{"prev_hash": "47ff9a21543429e05bd493a13d96fa0f8bce814fd8b5c2802e21ce9728af1fa0", "data": {"tx_id": "TXN-9AF47831", "student_id": "STU80387", "amount": 414000.0, "channel": "Bank", "timestamp": "2026-05-05T18:49:13.060738"}}
{"prev_hash": "a877c99d154f48772a8f0b8fe448d45ef304fd8871a308398fc00ff5b799ceef", "data": {"tx_id": "TXN-5F442957", "student_id": "STU38937", "amount": 471000.0, "channel": "Wallet", "timestamp": "2026-05-07T09:10:13.060738"}}
{"prev_hash": "ed453d9e0f596b65b818160adad424fd9ed3f2077cf1b9d44c72789ce3054b53", "data": {"tx_id": "TXN-80C777F9", "student_id": "STU40018", "amount": 183000.0, "channel": "Wallet", "timestamp": "2026-05-07T17:12:13.060738"}}
{"prev_hash": "8d5125d58c69140888ec7d01afd93b0f53e5decbcfa584ee33e6b6d34beccc77", "data": {"tx_id": "TXN-717B7747", "student_id": "STU50518", "amount": 382000.0, "channel": "Wallet", "timestamp": "2026-05-08T01:48:13.060738"}}
{"prev_hash": "6e7e2d8960ec2dd5467c71cdc4c34f681edcce89fb6c6c7ee37e9e7abb4f90f3", "data": {"tx_id": "TXN-4123AEF1", "student_id": "STU20511", "amount": 442000.0, "channel": "Bank", "timestamp": "2026-05-07T20:43:13.060738"}}
{"prev_hash": "29363f8179299ffbc7db0f67e7f7903777ccd95ff553567b17a84c820da4e6de", "data": {"tx_id": "TXN-8919B35F", "student_id": "STU77162", "amount": 68000.0, "channel": "Wallet", "timestamp": "2026-05-08T02:19:13.060738"}}
{"prev_hash": "ae61f1c344d5648233955d26814f8f10dca86185d29179fd383e427e49d68adb", "data": {"tx_id": "TXN-9FB6ED11", "student_id": "STU79037", "amount": 321000.0, "channel": "Bank", "timestamp": "2026-05-07T15:00:13.060738"}}
{"prev_hash": "2eeae5209fa1bf72c85a0783a1dfbe3031e9c101a17a3dd4878e0fc5801f7310", "data": {"tx_id": "TXN-9FDAAB45", "student_id": "STU21341", "amount": 239000.0, "channel": "Bank", "timestamp": "2026-05-08T21:17:13.060738"}}
{"prev_hash": "7fcc6a4fe4a87aaf0d6704f4aec98a4951c0de2e0223a20fc2137c55e1d733e7", "data": {"tx_id": "TXN-BB3E4AA7", "student_id": "STU82588", "amount": 372000.0, "channel": "Bank", "timestamp": "2026-05-06T12:11:13.060738"}}
{"prev_hash": "c0a7c1d6cb01e48aaefbecce5463d448d00302431809bbb57254ae8727addef9", "data": {"tx_id": "TXN-2E94765F", "student_id": "STU97192", "amount": 165000.0, "channel": "Wallet", "timestamp": "2026-05-07T15:44:13.060738"}}
{"prev_hash": "25594ab53cb5c510309a6b26d328dec0d259a76d3e3bedd00b385d88b41d681a", "data": {"tx_id": "TXN-F3F312C3", "student_id": "STU86218", "amount": 424000.0, "channel": "Bank", "timestamp": "2026-05-06T15:43:13.060738"}}
{"prev_hash": "fc6d12b35b9d99c9cc76cc197d6574fc5221694aa674c678613fe0b8902cb88a", "data": {"tx_id": "TXN-CFDCB6CC", "student_id": "STU73156", "amount": 260000.0, "channel": "Wallet", "timestamp": "2026-05-08T16:39:13.060738"}}
{"prev_hash": "97cc95e261740a3908f6e9b9049aef7fa944de70d29fb11bb7406f718103e370", "data": {"tx_id": "TXN-D1601FF1", "student_id": "STU69659", "amount": 88000.0, "channel": "Wallet", "timestamp": "2026-05-11T19:35:13.060738"}}
{"prev_hash": "9d9d539d2b7cebb42e55317d3b8ded69699ece826788602a5d3165f4f48133c1", "data": {"tx_id": "TXN-6AB14817", "student_id": "STU40445", "amount": 306000.0, "channel": "Bank", "timestamp": "2026-05-10T13:21:13.060738"}}
{"prev_hash": "36ae881a1f593a8e7cdcf3726c81cadd84b0fd908d757cc85e06278749d28560", "data": {"tx_id": "TXN-81B38EB6", "student_id": "STU10101", "amount": 473000.0, "channel": "Wallet", "timestamp": "2026-05-09T06:37:13.060738"}}
{"prev_hash": "99f072c69cb540b59f085871271090698e402e1386670fcd9f17e00c2fd124dc", "data": {"tx_id": "TXN-91A08CC3", "student_id": "STU95349", "amount": 183000.0, "channel": "Bank", "timestamp": "2026-05-10T05:32:13.060738"}}
{"prev_hash": "02dd84ee2afe3ff8464b0bb14419482e7d6205d1746366a9356b9608e5d362b0", "data": {"tx_id": "TXN-740E01FC", "student_id": "STU38219", "amount": 59000.0, "channel": "Bank", "timestamp": "2026-05-05T02:42:13.060738"}}
{"prev_hash": "675ae055d003124da335858ac078f03ce8baa33634f7df93a3a423aa0552d928", "data": {"tx_id": "TXN-D0149088", "student_id": "STU17878", "amount": 131000.0, "channel": "Bank", "timestamp": "2026-05-08T02:28:13.060738"}}
{"prev_hash": "62fd9712d0c71f5f153402cfa161a64bbda795f82773d9caf800135462a39da3", "data": {"tx_id": "TXN-8E69CF2A", "student_id": "STU71824", "amount": 346000.0, "channel": "Bank", "timestamp": "2026-05-05T19:03:13.060738"}}
{"prev_hash": "4a386a4c924bf930576f8aa63b8b0bb9b11e31c7d307c1b52c10f31d77ba6fa6", "data": {"tx_id": "TXN-9FEB1470", "student_id": "STU66626", "amount": 410000.0, "channel": "Wallet", "timestamp": "2026-05-08T20:08:13.060738"}}
{"prev_hash": "3cd570f5e25fac149b46ca3397baa885fce5dadb126c2dbe4e4dd7aa769c9d63", "data": {"tx_id": "TXN-0B6FFC32", "student_id": "STU88604", "amount": 52000.0, "channel": "Wallet", "timestamp": "2026-05-11T19:28:13.060738"}}
{"prev_hash": "3015a00f762673da51d9a9bad8de2ff5ee495ad369e9c69e7d0767f11ccc843d", "data": {"tx_id": "TXN-349E6D01", "student_id": "STU22255", "amount": 189000.0, "channel": "Wallet", "timestamp": "2026-05-09T20:14:13.060738"}}
{"prev_hash": "616df880e98f9b350847484bcd9501db45de5be4830219f93c812bf00e80d0d4", "data": {"tx_id": "TXN-C9C55F97", "student_id": "STU99908", "amount": 470000.0, "channel": "Bank", "timestamp": "2026-05-06T19:22:13.060738"}}
{"prev_hash": "5973bd62a2e3eb12437786ece03d1d2a73a542256f53edc86a4df73b964003c6", "data": {"tx_id": "TXN-118E4EF4", "student_id": "STU35020", "amount": 256000.0, "channel": "Bank", "timestamp": "2026-05-09T10:17:13.060738"}}
{"prev_hash": "828449f74e1e6e7de1718b6c3c8fa7d441551fc1c8c23735ef700778868ee083", "data": {"tx_id": "TXN-DA1D506A", "student_id": "STU69108", "amount": 161000.0, "channel": "Bank", "timestamp": "2026-05-08T11:51:13.060738"}}
{"prev_hash": "709100043602b63447230058e0a8dfb93cb7104d209d4bfe9d5f0725f8a60195", "data": {"tx_id": "TXN-2DF0787D", "student_id": "STU57095", "amount": 390000.0, "channel": "Bank", "timestamp": "2026-05-07T06:41:13.060738"}}
{"prev_hash": "723c7bd171b920c84720f8b2ab3efc126118f6c3a8135d58e25cdec4327aa826", "data": {"tx_id": "TXN-B9B1FA41", "student_id": "STU47537", "amount": 171000.0, "channel": "Wallet", "timestamp": "2026-05-06T12:45:13.060738"}}
{"prev_hash": "3c969c76dc0db5fc12ee41257d7cd9ae7a5a2d8357451ea0fa2f60f3ea9706e8", "data": {"tx_id": "TXN-0652CFB4", "student_id": "STU27054", "amount": 94000.0, "channel": "Wallet", "timestamp": "2026-05-07T20:50:13.060738"}}
{"prev_hash": "153421229d047ed79bde2d9898602eb8a8f9ceda94c3116cc6249b91b8b6493d", "data": {"tx_id": "TXN-64401C27", "student_id": "STU61392", "amount": 306000.0, "channel": "Wallet", "timestamp": "2026-05-10T05:03:13.060738"}}
{"prev_hash": "d43994b3d85fa9e6b06c07ccfe004b6d234eff0423217692f70f6a9675b1cfc7", "data": {"tx_id": "TXN-EB3B2839", "student_id": "STU49647", "amount": 478000.0, "channel": "Bank", "timestamp": "2026-05-05T12:40:13.060738"}}
{"prev_hash": "ebc46cb213b66657872836e1b55cc8e46e61708af7b4612738e9f2aad2adb229", "data": {"tx_id": "TXN-747F9019", "student_id": "STU15903", "amount": 385000.0, "channel": "Bank", "timestamp": "2026-05-07T08:28:13.060738"}}
{"prev_hash": "c6c99b7bc04eb00cb39679aa48dcc9b1c4e4f10e3b2e89578d9445fdf984748a", "data": {"tx_id": "TXN-C262E83E", "student_id": "STU59387", "amount": 402000.0, "channel": "Wallet", "timestamp": "2026-05-06T11:10:13.060738"}}
{"prev_hash": "03e72e7f2989ecf3b6881b4468f16bc9627e80ed57badd8b01dff0fd2b5fb687", "data": {"tx_id": "TXN-D8AEE252", "student_id": "STU81587", "amount": 74000.0, "channel": "Bank", "timestamp": "2026-05-06T04:36:13.060738"}}
{"prev_hash": "2a43161102553756c0a3534cbc2a81ebf509d342e41cdc4bf2721c2d7121f6c2", "data": {"tx_id": "TXN-27106F80", "student_id": "STU52554", "amount": 71000.0, "channel": "Bank", "timestamp": "2026-05-11T12:25:13.060738"}}
{"prev_hash": "20d26cf3d7d7b401e4c3780462bc3a44d40e4d3702e9cacfe8b6e15e38ddd77f", "data": {"tx_id": "TXN-A6121B86", "student_id": "STU13440", "amount": 479000.0, "channel": "Bank", "timestamp": "2026-05-10T00:42:13.060738"}}
{"prev_hash": "b3813569490af86a19ce89af7b2203187b81fa0ee9c5d7774de3d7f54f01a10d", "data": {"tx_id": "TXN-C058ED18", "student_id": "STU26858", "amount": 310000.0, "channel": "Bank", "timestamp": "2026-05-09T19:01:13.060738"}}
{"prev_hash": "40fe73b5de8018291b079db29432b7b086890695c4f800af5951c6d048524c89", "data": {"tx_id": "TXN-FE930C97", "student_id": "STU76933", "amount": 341000.0, "channel": "Bank", "timestamp": "2026-05-10T14:01:13.060738"}}
{"prev_hash": "9295f8581e940bce53c25de4465ecfc5adaef2fba8e0e8ff50ff830846ec430d", "data": {"tx_id": "TXN-F347303B", "student_id": "STU56576", "amount": 488000.0, "channel": "Wallet", "timestamp": "2026-05-11T07:42:13.060738"}}
{"prev_hash": "76763b139cdf26528e3596a94e2179e905b77f3c91099dff864b39fd7dcf2e2d", "data": {"tx_id": "TXN-EB974EED", "student_id": "STU14700", "amount": 383000.0, "channel": "Bank", "timestamp": "2026-05-05T07:44:13.060738"}}
{"prev_hash": "510facff60d6615550d4891003bcbfb0a0420aac7dbaa633b5e92556b9c59ca2", "data": {"tx_id": "TXN-DE895AEA", "student_id": "STU98766", "amount": 100000.0, "channel": "Bank", "timestamp": "2026-05-09T09:42:13.060738"}}
{"prev_hash": "fc411981bf82ea3d5e2df4e12ca9e208deb3ac5616144c9caae6c07048896218", "data": {"tx_id": "TXN-BD372D02", "student_id": "STU24517", "amount": 265000.0, "channel": "Bank", "timestamp": "2026-05-07T18:41:13.060738"}}
{"prev_hash": "58498c4ac6a0210649265c70426f98de83cf49296e97a33e64434787019006eb", "data": {"tx_id": "TXN-CB90320A", "student_id": "STU92306", "amount": 144000.0, "channel": "Bank", "timestamp": "2026-05-05T08:23:13.060738"}}
{"prev_hash": "7a7efc57e48f150cc463a92b11d338435e8510170d6be15a829271b15a015969", "data": {"tx_id": "TXN-EE10F4FD", "student_id": "STU16996", "amount": 419000.0, "channel": "Wallet", "timestamp": "2026-05-09T09:31:13.060738"}}
{"prev_hash": "41fe1192b280fdb5da79c130eb3bf226e1a73f399660cffd20dd2dd16d0de7ae", "data": {"tx_id": "TXN-C56B78A9", "student_id": "STU23670", "amount": 271000.0, "channel": "Wallet", "timestamp": "2026-05-10T22:08:13.060738"}}
{"prev_hash": "bde4e70fc5c40856d8a1eeb1de9e1f5010a0c5fc0346c2ea3944f95266a98865", "data": {"tx_id": "TXN-B6226432", "student_id": "STU83481", "amount": 375000.0, "channel": "Wallet", "timestamp": "2026-05-11T16:30:13.060738"}}
{"prev_hash": "a1ff30cc72659d60371b2731a51b922c3009eda63ab6037eb6d969e6ec6c3546", "data": {"tx_id": "TXN-6F11601C", "student_id": "STU24938", "amount": 64000.0, "channel": "Bank", "timestamp": "2026-05-08T18:50:13.060738"}}
{"prev_hash": "14232d01bcc8e841af27d46050ca3218ebf13c921a7cf7c104f2ec2c3f575e8f", "data": {"tx_id": "TXN-B5F8BF2E", "student_id": "STU39965", "amount": 193000.0, "channel": "Wallet", "timestamp": "2026-05-11T17:23:13.060738"}}
{"prev_hash": "3ac4dc48a0577506acdbdd49dc02728cd279fc97bcc16d4f275b0fdf7cdca465", "data": {"tx_id": "TXN-57989196", "student_id": "STU76304", "amount": 445000.0, "channel": "Bank", "timestamp": "2026-05-11T13:06:13.060738"}}
{"prev_hash": "2a6eed5d29b572cbcf2fab9f87b5865cbc99d2c369c1f9de9b3c3267520f4241", "data": {"tx_id": "TXN-B6EC9265", "student_id": "STU34352", "amount": 61000.0, "channel": "Bank", "timestamp": "2026-05-05T12:24:13.060738"}}
{"prev_hash": "669440f92d6d94b89241d761104fdfd8de703a1f5ac60ca83c411d459eaee9a3", "data": {"tx_id": "TXN-467593F4", "student_id": "STU50826", "amount": 392000.0, "channel": "Bank", "timestamp": "2026-05-05T15:10:13.060738"}}
{"prev_hash": "dda9479d8212b573e2cef6ca17d97e23182468df277637ca59a791d705019251", "data": {"tx_id": "TXN-42D4E899", "student_id": "STU15049", "amount": 291000.0, "channel": "Wallet", "timestamp": "2026-05-06T05:48:13.060738"}}
{"prev_hash": "f6a2587fe415f77710d3451c129fd6d6c065b44e5c34ef30072b06d167f3d66b", "data": {"tx_id": "TXN-7016E4B9", "student_id": "STU18583", "amount": 392000.0, "channel": "Bank", "timestamp": "2026-05-08T02:16:13.060738"}}
{"prev_hash": "60939accd568d79bc67aee35af012761fefe4721b1919ed19917fc77285321b6", "data": {"tx_id": "TXN-897E7CF4", "student_id": "STU58211", "amount": 495000.0, "channel": "Wallet", "timestamp": "2026-05-09T14:34:13.060738"}}
{"prev_hash": "019b46eeb22da0a7ea586c20e25abc56fd135001a887645098e9835a8d7533bf", "data": {"tx_id": "TXN-F639F7B1", "student_id": "STU99496", "amount": 431000.0, "channel": "Bank", "timestamp": "2026-05-07T15:34:13.060738"}}
{"prev_hash": "5245adf09f6ece0ab1cd2f833f9fc24962750303443d67bd7f8d12c5b0f85f2f", "data": {"tx_id": "TXN-FBF231A0", "student_id": "STU59379", "amount": 137000.0, "channel": "Wallet", "timestamp": "2026-05-06T17:53:13.060738"}}
{"prev_hash": "14393d143115cbe7debf35fd155ff1d31133475a85d0c023a2f4e7419722b927", "data": {"tx_id": "TXN-310A2433", "student_id": "STU13657", "amount": 276000.0, "channel": "Wallet", "timestamp": "2026-05-05T06:22:13.060738"}}
{"prev_hash": "ce91911f0290fa82fe0c9fec3a673437547c01d8b0e85958d69407ae3255a16c", "data": {"tx_id": "TXN-6E1E22EA", "student_id": "STU84526", "amount": 360000.0, "channel": "Bank", "timestamp": "2026-05-05T09:22:13.060738"}}
{"prev_hash": "accc315a4f5d388c9af1652741751fb01d25831c859ee86e7b2357c3845221fc", "data": {"tx_id": "TXN-18A6CB62", "student_id": "STU74144", "amount": 473000.0, "channel": "Bank", "timestamp": "2026-05-10T00:24:13.060738"}}
{"prev_hash": "a8bda0caa65026a901943c4bb11862736fc34c4f0600b14b1226a93202aca156", "data": {"tx_id": "TXN-6C05D11F", "student_id": "STU75695", "amount": 416000.0, "channel": "Wallet", "timestamp": "2026-05-10T18:33:13.060738"}}
{"prev_hash": "e023da2ba5b37bae1576b3a5c672c08b5bfc4f6a7103081a9de369f4e2d0aea2", "data": {"tx_id": "TXN-DF4F1D98", "student_id": "STU73545", "amount": 394000.0, "channel": "Wallet", "timestamp": "2026-05-11T08:52:13.060738"}}
{"prev_hash": "925e5ba01246d3fe3b905dc3cab1db14832adaeb97864e8f5b65455e8fb2b08d", "data": {"tx_id": "TXN-1DE17082", "student_id": "STU35346", "amount": 445000.0, "channel": "Wallet", "timestamp": "2026-05-11T01:04:13.060738"}}
{"prev_hash": "3a9e4c8d6ffbee0cc76c5c0eb12169e9634573aa983a12f3346e59e43806721d", "data": {"tx_id": "TXN-660785B5", "student_id": "STU34495", "amount": 244000.0, "channel": "Bank", "timestamp": "2026-05-05T16:32:13.060738"}}
{"prev_hash": "c14eaf5dbcbfb047f727888ba3a84fb3961bce1d818f2dc66bd4bdc72ba3518f", "data": {"tx_id": "TXN-37B191E6", "student_id": "STU95451", "amount": 53000.0, "channel": "Bank", "timestamp": "2026-05-06T05:55:13.060738"}}
{"prev_hash": "6b1a9d46a1c0558b2373921a3624f48b5ecf7f02bdb185d0b304ced3d9275027", "data": {"tx_id": "TXN-5AB2E66B", "student_id": "STU65323", "amount": 253000.0, "channel": "Bank", "timestamp": "2026-05-07T17:44:13.060738"}}
{"prev_hash": "1317d44dab14593e7a3e859d3829bc37c7dda34a19413cb9a0bb65f1af31359c", "data": {"tx_id": "TXN-D533F962", "student_id": "STU26889", "amount": 446000.0, "channel": "Wallet", "timestamp": "2026-05-08T19:10:13.060738"}}
{"prev_hash": "78e4a0337d3e0ba558ceee9e2a63bbb71df23e091b352af8165a0ea32ba430ff", "data": {"tx_id": "TXN-45904700", "student_id": "STU19405", "amount": 302000.0, "channel": "Bank", "timestamp": "2026-05-09T17:55:13.060738"}}
{"prev_hash": "dcd221eeefedaf9018af30d26f926bc30f5744bebf10ef8b65a6d3fb986474bb", "data": {"tx_id": "TXN-B417A64D", "student_id": "STU72312", "amount": 487000.0, "channel": "Bank", "timestamp": "2026-05-10T12:28:13.060738"}}
{"prev_hash": "dc9cde681e4f4fd51ba06f0d9f4c970ffa6fcd160a5fd0f001f15898be9ef377", "data": {"tx_id": "TXN-1DDB9FF3", "student_id": "STU57955", "amount": 287000.0, "channel": "Wallet", "timestamp": "2026-05-08T13:54:13.060738"}}
{"prev_hash": "b635668f9704a4417dcb8354893001a2acb4149e2f145396ccf61f1fe081a02d", "data": {"tx_id": "TXN-67292D09", "student_id": "STU51569", "amount": 440000.0, "channel": "Wallet", "timestamp": "2026-05-09T20:51:13.060738"}}
{"prev_hash": "de57eebbe5bcc1652b4c1b6002355adb780427910bfd78a4bcedc1dc628dc50b", "data": {"tx_id": "TXN-CC4BF730", "student_id": "STU13153", "amount": 405000.0, "channel": "Bank", "timestamp": "2026-05-09T14:03:13.060738"}}
{"prev_hash": "6e188c56d2f33662e6f2ecb92ee9f25c47167afad3859d6a09315f33fce4306b", "data": {"tx_id": "TXN-EF055D0C", "student_id": "STU83687", "amount": 345000.0, "channel": "Bank", "timestamp": "2026-05-08T07:59:13.060738"}}
{"prev_hash": "15feebac35a868344a2decb9e42a95128db9d349f5f0a880d95f25548b4dd306", "data": {"tx_id": "TXN-689D9718", "student_id": "STU97175", "amount": 401000.0, "channel": "Wallet", "timestamp": "2026-05-07T01:57:13.060738"}}
{"prev_hash": "b53ec08aa8df23f5bb46a31efac5b2605def80280ee6d9b2efa3676dfcbf4555", "data": {"tx_id": "TXN-27AD2541", "student_id": "STU29671", "amount": 58000.0, "channel": "Wallet", "timestamp": "2026-05-08T04:41:13.060738"}}
{"prev_hash": "a11b30e2ddb2c33622bebe17694fbe1b802b02ed94649dccc7c46a776c46160f", "data": {"tx_id": "TXN-E1F211C0", "student_id": "STU91791", "amount": 214000.0, "channel": "Wallet", "timestamp": "2026-05-09T21:09:13.060738"}}
{"prev_hash": "4bcf3b58e805ff8a3d0ee2b7f656df50656c742fb2d2ce4c2c7bc989b3761cbe", "data": {"tx_id": "TXN-947981AD", "student_id": "STU38672", "amount": 404000.0, "channel": "Bank", "timestamp": "2026-05-10T09:24:13.060738"}}
{"prev_hash": "0075110dc25f2186d4114f1782d6e92f7b8515042827b37fa82b7efa1df94059", "data": {"tx_id": "TXN-90348378", "student_id": "STU57902", "amount": 459000.0, "channel": "Wallet", "timestamp": "2026-05-08T03:08:13.060738"}}
{"prev_hash": "a482f40e48800645c7ea9da51a4e3a976715a8578120698c9082ff3051532e0a", "data": {"tx_id": "TXN-91C5D2AA", "student_id": "STU57792", "amount": 340000.0, "channel": "Bank", "timestamp": "2026-05-07T22:32:13.060738"}}
{"prev_hash": "2880d00ec5c4ea5780643e17c1cd47bd434d9bd7cba875e1502367a1a7cbc0e1", "data": {"tx_id": "TXN-F1ADA3DF", "student_id": "STU25999", "amount": 493000.0, "channel": "Bank", "timestamp": "2026-05-10T20:12:13.060738"}}
{"prev_hash": "baf591270f0fcddc6c12f6f3e562e9e5a87c3812c15be208bbb7778fee2f911a", "data": {"tx_id": "TXN-D3DD5422", "student_id": "STU32152", "amount": 167000.0, "channel": "Wallet", "timestamp": "2026-05-07T01:34:13.060738"}}
{"prev_hash": "6e67e0e7b3c8aa2ea1d5962b6a6c8c25fdb1f2ec9991114854504c10bdee7bb6", "data": {"tx_id": "TXN-C9EA5A65", "student_id": "STU39562", "amount": 50000.0, "channel": "Bank", "timestamp": "2026-05-04T23:18:13.060738"}}
{"prev_hash": "d7d991625f258b3fcf029a90f393f2685143a2d33e512fac665f50899bfa2016", "data": {"tx_id": "TXN-693CC400", "student_id": "STU58967", "amount": 305000.0, "channel": "Bank", "timestamp": "2026-05-05T14:06:13.060738"}}
{"prev_hash": "c0daa7517fd3f9521710efb55002446b466c223218fc9ba9eb75a1434ff0ab0d", "data": {"tx_id": "TXN-95529816", "student_id": "STU75413", "amount": 90000.0, "channel": "Wallet", "timestamp": "2026-05-10T20:30:13.060738"}}
{"prev_hash": "ff83a24b1d84cf84dbca5491c932f423cd6dd9823bf354fd3e98ec2b51e06d20", "data": {"tx_id": "TXN-6B42A299", "student_id": "STU95364", "amount": 491000.0, "channel": "Wallet", "timestamp": "2026-05-06T11:17:13.060738"}}
{"prev_hash": "acf43864957b8d50bcfaebe112401582e16e10f048e609787d71cc9e1756752c", "data": {"tx_id": "TXN-A6B8F87B", "student_id": "STU51587", "amount": 277000.0, "channel": "Bank", "timestamp": "2026-05-10T17:48:13.060738"}}
{"prev_hash": "ee8ecb1e503b86d20ba66f4b3df8b5abf4a844ceceede26c318270405d5aea25", "data": {"tx_id": "TXN-A64B077A", "student_id": "STU17035", "amount": 372000.0, "channel": "Wallet", "timestamp": "2026-05-08T10:13:13.060738"}}
{"prev_hash": "8a39cff72d2bc042dafe0a055823bf54a0f74a339b1c9798a14f44e99e6dab4f", "data": {"tx_id": "TXN-79892F1C", "student_id": "STU74501", "amount": 310000.0, "channel": "Bank", "timestamp": "2026-05-06T21:11:13.060738"}}
{"prev_hash": "3d60b66aea842d03c6cf68615f2ce0ac0385f659f7586002a2ee804238637101", "data": {"tx_id": "TXN-F5094717", "student_id": "STU97907", "amount": 329000.0, "channel": "Wallet", "timestamp": "2026-05-08T11:44:13.060738"}}
{"prev_hash": "b250b96e6fcd827157d8f0f8c69acfa67dcca479a11a5e7782d3cd5e10b0b6ec", "data": {"tx_id": "TXN-4C49F36F", "student_id": "STU68119", "amount": 482000.0, "channel": "Wallet", "timestamp": "2026-05-10T16:32:13.060738"}}
{"prev_hash": "51ce8f0f76ee3101e97beb4efd9ecd4d476f5af309d7dceaeb5e4a84ca6c815c", "data": {"tx_id": "TXN-0FE2CB97", "student_id": "STU37191", "amount": 391000.0, "channel": "Wallet", "timestamp": "2026-05-07T13:38:13.060738"}}
{"prev_hash": "33950ff97bf824b6bcc968de8e8cbda515b6ee1810b450e75171bc88f391ecf9", "data": {"tx_id": "TXN-1E4D08AE", "student_id": "STU72961", "amount": 128000.0, "channel": "Bank", "timestamp": "2026-05-08T19:22:13.060738"}}
{"prev_hash": "4a34378835b6737dfbe68d683d2e472cc3f0315b1eebf263e86640c95c2e5ee1", "data": {"tx_id": "TXN-CAF8ECCB", "student_id": "STU21154", "amount": 402000.0, "channel": "Bank", "timestamp": "2026-05-09T19:40:13.060738"}}
{"prev_hash": "704cafcc55a569e24dd883eb3f651fe8131ee7280cca9702f6812dba2ab51f4b", "data": {"tx_id": "TXN-E53891CD", "student_id": "STU69215", "amount": 95000.0, "channel": "Wallet", "timestamp": "2026-05-10T12:26:13.060738"}}
{"prev_hash": "3960e27021b0301164176e5a5b9ea701b13f0101e7ceb83f765c8a5532a437bf", "data": {"tx_id": "TXN-0932412E", "student_id": "STU29079", "amount": 468000.0, "channel": "Wallet", "timestamp": "2026-05-10T19:50:13.060738"}}
{"prev_hash": "e7bc1c10519e1c24f0cbfd00e6320f89833af38598e2ea121f80dfc035aef714", "data": {"tx_id": "TXN-6158A7CC", "student_id": "STU26059", "amount": 77000.0, "channel": "Bank", "timestamp": "2026-05-11T09:43:13.060738"}}
{"prev_hash": "acdb88ee67e9662bb75ec33141e1efbcec2b7f78c6a7878a311c546b296cda3c", "data": {"tx_id": "TXN-AAA09F8A", "student_id": "STU43477", "amount": 226000.0, "channel": "Wallet", "timestamp": "2026-05-10T06:13:13.060738"}}
{"prev_hash": "388e13dbbb33c185b132c961d8dd6ddc4146e06622fa4c97a85baf41d3287121", "data": {"tx_id": "TXN-B320CF36", "student_id": "STU97889", "amount": 469000.0, "channel": "Bank", "timestamp": "2026-05-08T21:04:13.060738"}}
{"prev_hash": "65c6633f4e8d6dbf2fd93e5ec6f61e9756beb238c0a83a444d23a5c740ca9c4f", "data": {"tx_id": "TXN-C71C2A96", "student_id": "STU48904", "amount": 446000.0, "channel": "Wallet", "timestamp": "2026-05-06T17:06:13.060738"}}
{"prev_hash": "83daf2e577ca07928c4975587e5045c9746b46935612afde82a6a34304626b18", "data": {"tx_id": "TXN-13F32EF6", "student_id": "STU97259", "amount": 79000.0, "channel": "Bank", "timestamp": "2026-05-07T15:09:13.060738"}}
{"prev_hash": "667227509bcb6178ddbd1c8bc50d1a77bd63bd602b7b4dc7fba292a09e53e514", "data": {"tx_id": "TXN-25DB6446", "student_id": "STU34331", "amount": 403000.0, "channel": "Wallet", "timestamp": "2026-05-07T02:42:13.060738"}}
{"prev_hash": "b267ea5db2c8e1eed45d9a6cb4aed5652ff7644e7e621b00529b2cd87d1ae46e", "data": {"tx_id": "TXN-39880975", "student_id": "STU77589", "amount": 238000.0, "channel": "Bank", "timestamp": "2026-05-07T15:29:13.060738"}}
{"prev_hash": "f4c7511d4c0190a47e3e67470ed9c2ed2920fca829d8698dbdd2cf731fdbc601", "data": {"tx_id": "TXN-A996B258", "student_id": "STU83265", "amount": 336000.0, "channel": "Wallet", "timestamp": "2026-05-06T09:11:13.060738"}}
{"prev_hash": "a811aacab030b31e76e4e9611300d6e7c5f7cf36dce4881fea7b802c0fd4ae83", "data": {"tx_id": "TXN-9CDD340A", "student_id": "STU59463", "amount": 209000.0, "channel": "Bank", "timestamp": "2026-05-07T06:59:13.060738"}}
{"prev_hash": "30e6c2300c40b01cc85dfc4c4832fc0d5a4237aa4d42779c69440bcc9a18c13c", "data": {"tx_id": "TXN-47F607E4", "student_id": "STU92816", "amount": 185000.0, "channel": "Wallet", "timestamp": "2026-05-08T08:31:13.060738"}}
{"prev_hash": "851ec4dff7dead230842b9c04a36dc86438077e815ea40111ca9c3d97920c1ce", "data": {"tx_id": "TXN-B2CC660A", "student_id": "STU91949", "amount": 310000.0, "channel": "Bank", "timestamp": "2026-05-11T03:16:13.060738"}}
{"prev_hash": "ff3bd18467e8565f3fc924a026b4cd038795eb2be213827b70a1e17bdd1e7453", "data": {"tx_id": "TXN-F83E9858", "student_id": "STU85320", "amount": 369000.0, "channel": "Bank", "timestamp": "2026-05-11T08:56:13.060738"}}
{"prev_hash": "1d092e60e2b4b0a0b6ebeb6ecb7f9f99917bf96615156ba23081c297f379a161", "data": {"tx_id": "TXN-27DEF30C", "student_id": "STU94158", "amount": 133000.0, "channel": "Wallet", "timestamp": "2026-05-06T17:58:13.060738"}}
{"prev_hash": "51f1bda70d7087f3a0dba0160df48eb240e04ce812c7737215b7f5922b0c7b8f", "data": {"tx_id": "TXN-4E2B3F09", "student_id": "STU85488", "amount": 321000.0, "channel": "Wallet", "timestamp": "2026-05-05T22:56:13.060738"}}
{"prev_hash": "c15db35017c6409d1e3601de65162ddb717d05f2637e25fd8440465e74afda32", "data": {"tx_id": "TXN-A8725CA9", "student_id": "STU60063", "amount": 94000.0, "channel": "Wallet", "timestamp": "2026-05-05T05:31:13.060738"}}
{"prev_hash": "c0cbc74e373298abd9b42329a225b7ad2797e6270e0336840ff4783d2e95ac22", "data": {"tx_id": "TXN-5198F530", "student_id": "STU40896", "amount": 249000.0, "channel": "Wallet", "timestamp": "2026-05-06T00:20:13.060738"}}
{"prev_hash": "e85f3f97aea7c02b1e761b980defdd62c6ab9a696fd52230c7accb17f74cb501", "data": {"tx_id": "TXN-4C303C24", "student_id": "STU22821", "amount": 392000.0, "channel": "Bank", "timestamp": "2026-05-07T11:05:13.060738"}}
{"prev_hash": "d0cc96a04b1731d7f1a7cf020b6d18ebf37bae78030a674e29b0984128a1c1e4", "data": {"tx_id": "TXN-208C66A3", "student_id": "STU99226", "amount": 363000.0, "channel": "Bank", "timestamp": "2026-05-08T01:08:13.060738"}}
{"prev_hash": "b1c9c4cd461e964e6f5541baa6d4ed9b23104590b61784077539084cdb704d85", "data": {"tx_id": "TXN-1BA3608B", "student_id": "STU28199", "amount": 434000.0, "channel": "Bank", "timestamp": "2026-05-08T22:57:13.060738"}}
{"prev_hash": "0fb7d47edc6cc9e1ddbc3a6e2ffee56088c5f30892fdf10180ec1c4a3f21d55a", "data": {"tx_id": "TXN-E08A0BD5", "student_id": "STU67608", "amount": 186000.0, "channel": "Wallet", "timestamp": "2026-05-11T02:19:13.060738"}}
{"prev_hash": "8882f759d2bf3eab7311784669879d28ff5c655d5b4010cc2d6eeaa4c40341ab", "data": {"tx_id": "TXN-B919049B", "student_id": "STU86418", "amount": 146000.0, "channel": "Bank", "timestamp": "2026-05-05T18:07:13.060738"}}
{"prev_hash": "16989eaaf61efe5685f0d0ba1d4ad75d910f4622d7d7363b2d551655a4e9abc1", "data": {"tx_id": "TXN-40B81B78", "student_id": "STU35348", "amount": 397000.0, "channel": "Bank", "timestamp": "2026-05-07T03:21:13.060738"}}
{"prev_hash": "d1076ffd6442ec7d13d0391c16272ea70470987ca0171a7a72ad7e264f1fd094", "data": {"tx_id": "TXN-A97F75A2", "student_id": "STU47390", "amount": 228000.0, "channel": "Wallet", "timestamp": "2026-05-05T19:27:13.060738"}}
{"prev_hash": "9d2ac4e8f8739a16609d5a7f0e1316e6feede93d7070fc78b0e825cfa93d816a", "data": {"tx_id": "TXN-7A99C1DD", "student_id": "STU30132", "amount": 335000.0, "channel": "Wallet", "timestamp": "2026-05-09T18:48:13.060738"}}
{"prev_hash": "91bb920ba066c08fd64f0ff06227133778e606687e49480dad43772f2a338e71", "data": {"tx_id": "TXN-8FB7FFC3", "student_id": "STU75105", "amount": 444000.0, "channel": "Bank", "timestamp": "2026-05-09T00:02:13.060738"}}
{"prev_hash": "950d5fe72bc80092a4feb33ab98663140b82c25beb0d18e0edc2f8aed710ce4d", "data": {"tx_id": "TXN-D43FA59E", "student_id": "STU87063", "amount": 226000.0, "channel": "Bank", "timestamp": "2026-05-10T19:52:13.060738"}}
{"prev_hash": "9cba97eb922ec3fead46023127dbbb73e4b81e194345bbdb60e337aabf27bda2", "data": {"tx_id": "TXN-582BC190", "student_id": "STU14546", "amount": 446000.0, "channel": "Bank", "timestamp": "2026-05-08T02:30:13.060738"}}
{"prev_hash": "71ed09bbc166832d7e7cdaa698c299ba74be57f7d8c8585dd9272b87805e30ea", "data": {"tx_id": "TXN-4D562BAA", "student_id": "STU21390", "amount": 65000.0, "channel": "Wallet", "timestamp": "2026-05-04T23:58:13.060738"}}
{"prev_hash": "085453606c1938c85763b842433790ab8ef1f0418375e71ad64e5f81c252a029", "data": {"tx_id": "TXN-60203052", "student_id": "STU39793", "amount": 73000.0, "channel": "Wallet", "timestamp": "2026-05-08T12:40:13.060738"}}
{"prev_hash": "a097e4e379d974d6677cfa64db056e91b02babc9097f5034e2f0c58b24ebcc17", "data": {"tx_id": "TXN-99F74482", "student_id": "STU84946", "amount": 215000.0, "channel": "Bank", "timestamp": "2026-05-05T10:44:13.060738"}}
{"prev_hash": "28aa776764b548efd446df35474110fa1fb07499d6d48541b61d01a776987488", "data": {"tx_id": "TXN-8A1956FE", "student_id": "STU90438", "amount": 412000.0, "channel": "Wallet", "timestamp": "2026-05-10T09:34:13.060738"}}
{"prev_hash": "156b1320a8469fde16f96306b4fd8222351e312605983e6410d7fdeb8bf1eda8", "data": {"tx_id": "TXN-6AA43AF6", "student_id": "STU38109", "amount": 435000.0, "channel": "Bank", "timestamp": "2026-05-11T07:16:13.060738"}}
{"prev_hash": "8fd2c293c5af9aa3e5ab3418a3553eb8d93af9d10f63f87517fea66e23b77f76", "data": {"tx_id": "TXN-A79FABA4", "student_id": "STU69374", "amount": 402000.0, "channel": "Bank", "timestamp": "2026-05-06T22:41:13.060738"}}
{"prev_hash": "a3f2b512b5d1cb8b7ce6766d8b62cea948bee6f38dbf1179293f11038f72e1f0", "data": {"tx_id": "TXN-0688C3FC", "student_id": "STU23495", "amount": 456000.0, "channel": "Bank", "timestamp": "2026-05-07T06:14:13.060738"}}
{"prev_hash": "d7d15517925ee66cdd92b1ec5912a33753272bf8b33adcbc303e0d53e2db93b2", "data": {"tx_id": "TXN-005C824D", "student_id": "STU70360", "amount": 105000.0, "channel": "Wallet", "timestamp": "2026-05-07T11:55:13.060738"}}
{"prev_hash": "37bb594090141eb23c5825b3605e47973eb8f05205dbf58270ad00aa6947415e", "data": {"tx_id": "TXN-F75ECC3A", "student_id": "STU69809", "amount": 134000.0, "channel": "Bank", "timestamp": "2026-05-07T20:18:13.060738"}}
{"prev_hash": "05247f375fa4a63e775e5f17fcb89bf5eeb9705a3859c6ec56b63375cb9a3a33", "data": {"tx_id": "TXN-11896A80", "student_id": "STU81252", "amount": 227000.0, "channel": "Bank", "timestamp": "2026-05-05T06:15:13.060738"}}
{"prev_hash": "8a7d01c3988508a1f350ed031ff102ae7f0f549351e8254e82123a84b1a3a9ac", "data": {"tx_id": "TXN-4498577F", "student_id": "STU66010", "amount": 61000.0, "channel": "Bank", "timestamp": "2026-05-06T16:38:13.060738"}}
{"prev_hash": "858de3b595485c95bab9ec744c31620cf06f605d6d58ce8ed51b9fbdc13740b0", "data": {"tx_id": "TXN-A3D6D49C", "student_id": "STU98711", "amount": 473000.0, "channel": "Bank", "timestamp": "2026-05-05T11:01:13.060738"}}
{"prev_hash": "3b71e92009f1213ca165147e108815cd27e0de87982a6b6205c30b7273add036", "data": {"tx_id": "TXN-FF29A7A1", "student_id": "STU54235", "amount": 103000.0, "channel": "Bank", "timestamp": "2026-05-08T05:39:13.060738"}}
{"prev_hash": "c7e9e516d5b60e84643bfe3945862aeefee81b0f362254f4edf3501875763b0e", "data": {"tx_id": "TXN-CBD0F4EF", "student_id": "STU29013", "amount": 272000.0, "channel": "Bank", "timestamp": "2026-05-09T17:45:13.060738"}}
{"prev_hash": "9c85f5b79b2d80613afd192fca0fa8f50c93755721397bb469852b065a9ecee4", "data": {"tx_id": "TXN-4270CA11", "student_id": "STU88256", "amount": 428000.0, "channel": "Bank", "timestamp": "2026-05-10T13:58:13.060738"}}
{"prev_hash": "f513ed08853761e620f10186b70c3853e126eacc77bd93f91cc22d57771258e3", "data": {"tx_id": "TXN-68C80DD3", "student_id": "STU37843", "amount": 90000.0, "channel": "Bank", "timestamp": "2026-05-08T13:05:13.060738"}}
{"prev_hash": "6f5ec21172805c66625a880a5fb8e8314e0ef939a80de95d39ce33e68d520099", "data": {"tx_id": "TXN-9AC49F4C", "student_id": "STU26338", "amount": 298000.0, "channel": "Wallet", "timestamp": "2026-05-10T19:10:13.060738"}}
{"prev_hash": "0a9c0ccf77b4f490f0a6cd245aeeba6af7e94b41c47fb39ce18ff4aa15f608d1", "data": {"tx_id": "TXN-2BFE9537", "student_id": "STU64193", "amount": 176000.0, "channel": "Bank", "timestamp": "2026-05-11T08:53:13.060738"}}
{"prev_hash": "537f98029d28d88ec579e0a244fdbf9dad28635615e45d8264b42a004459f17f", "data": {"tx_id": "TXN-38D15E2E", "student_id": "STU81077", "amount": 422000.0, "channel": "Wallet", "timestamp": "2026-05-09T20:23:13.060738"}}
{"prev_hash": "a641c2360a05a537e0bd2027e944254f45edac67baee2a4dd952ee7ba02b011b", "data": {"tx_id": "TXN-B30DDD6A", "student_id": "STU56235", "amount": 309000.0, "channel": "Wallet", "timestamp": "2026-05-11T17:25:13.060738"}}
{"prev_hash": "83ad1d60964d6e81e9e31329cc3ff60bc66e8dc98a54b2483e4c63a832144a63", "data": {"tx_id": "TXN-292C4442", "student_id": "STU83684", "amount": 413000.0, "channel": "Wallet", "timestamp": "2026-05-09T02:09:13.060738"}}
{"prev_hash": "6cafecb9a81fa016b98bc2e7bed79d39ce351d17da89dea08cb7f59d52313cd3", "data": {"tx_id": "TXN-AECE9882", "student_id": "STU99580", "amount": 351000.0, "channel": "Bank", "timestamp": "2026-05-07T19:56:13.060738"}}
{"prev_hash": "59988465e54dc21ef56da2267be1ab6998a5f8fe4e82f04d52aa7715eba3e291", "data": {"tx_id": "TXN-9A19EB8E", "student_id": "STU60881", "amount": 476000.0, "channel": "Bank", "timestamp": "2026-05-08T14:04:13.060738"}}
{"prev_hash": "a9b82624c4176b7df223330ca1fcb54f9da9a3e6a7ca716076d81f08ecbd6b2c", "data": {"tx_id": "TXN-DE044C9F", "student_id": "STU18541", "amount": 453000.0, "channel": "Bank", "timestamp": "2026-05-07T06:14:13.060738"}}
{"prev_hash": "cceb27ed727c2626c9aaaf693b5fa1a1660752bccee9d12d5f28226660acd8fe", "data": {"tx_id": "TXN-3699CC24", "student_id": "STU58987", "amount": 272000.0, "channel": "Wallet", "timestamp": "2026-05-11T04:11:13.060738"}}
{"prev_hash": "aa30325b4c537eac6ed5931e3e02b64d3c760c44d4227a0917b8bd6c5d150379", "data": {"tx_id": "TXN-EB4A0FF2", "student_id": "STU43736", "amount": 150000.0, "channel": "Wallet", "timestamp": "2026-05-11T06:38:13.060738"}}
{"prev_hash": "8d4c3debf0874f0af54dc30b01061fcc4e97df951ced17690eabaed8f40822bb", "data": {"tx_id": "TXN-47DD9DCE", "student_id": "STU50185", "amount": 430000.0, "channel": "Wallet", "timestamp": "2026-05-10T21:59:13.060738"}}
{"prev_hash": "8e5125f62e16db9dac70c1759387512eaed1f4d6ea0268ae381b9f4b5b88d367", "data": {"tx_id": "TXN-931A590A", "student_id": "STU81211", "amount": 430000.0, "channel": "Wallet", "timestamp": "2026-05-07T01:47:13.060738"}}
{"prev_hash": "67b18fc2d3256137f8f831945ffe0083cfc27a30c55f37d921ff72a598fcdbef", "data": {"tx_id": "TXN-219D3E18", "student_id": "STU68156", "amount": 491000.0, "channel": "Bank", "timestamp": "2026-05-10T21:56:13.060738"}}
{"prev_hash": "4bb27b55d8f11959b88ab7555c4ef067cd203186677700ab8692df9da9111a6e", "data": {"tx_id": "TXN-04959917", "student_id": "STU60131", "amount": 425000.0, "channel": "Wallet", "timestamp": "2026-05-06T20:21:13.060738"}}
{"prev_hash": "3d7a202baacfb9c719c5906b784235b16cb2740ea44fe067d33672aae2a88d38", "data": {"tx_id": "TXN-EAEDC56F", "student_id": "STU17645", "amount": 182000.0, "channel": "Bank", "timestamp": "2026-05-07T03:24:13.060738"}}
{"prev_hash": "d600db59c9e6878fd1344396c47b0b580fcbb83ccaa3f9cb8e39d7475f03d43c", "data": {"tx_id": "TXN-DC11507C", "student_id": "STU23664", "amount": 255000.0, "channel": "Wallet", "timestamp": "2026-05-09T20:02:13.060738"}}
{"prev_hash": "bb2277b35fa872756d33cf7fca12ca49b8b182c4dc86d6da8aa1f7114c219fc8", "data": {"tx_id": "TXN-2DBA35EB", "student_id": "STU92220", "amount": 179000.0, "channel": "Wallet", "timestamp": "2026-05-09T11:06:13.060738"}}
{"prev_hash": "af5fc94698a843d1c17d1be1735dfb3b9029cb6fe09ff848c308c19a485ea2d4", "data": {"tx_id": "TXN-8A5508E5", "student_id": "STU20693", "amount": 456000.0, "channel": "Bank", "timestamp": "2026-05-08T19:54:13.060738"}}
{"prev_hash": "7f64f50c239f4087eb2a33e9e1b5d94df7fd54e687b056fdefe2315240843002", "data": {"tx_id": "TXN-C1EB19A4", "student_id": "STU84492", "amount": 105000.0, "channel": "Bank", "timestamp": "2026-05-09T11:55:13.060738"}}
{"prev_hash": "8b5f5aa62aad599b3238ec888a6db26031d2e03f1fcee432467449d16eabf22f", "data": {"tx_id": "TXN-7F4AB170", "student_id": "STU59029", "amount": 70000.0, "channel": "Wallet", "timestamp": "2026-05-05T14:43:13.060738"}}
{"prev_hash": "08119dee8d5c544320f98aff0302647fa3401851d160e3be9d1da0694bd472c7", "data": {"tx_id": "TXN-A1F9A6FA", "student_id": "STU44955", "amount": 274000.0, "channel": "Bank", "timestamp": "2026-05-08T02:16:13.060738"}}
{"prev_hash": "ce9610ba23676d6cb400f79cf684e1d6d5e19f86657744cd4ef1b4b6f2fc44d7", "data": {"tx_id": "TXN-34953893", "student_id": "STU19125", "amount": 165000.0, "channel": "Wallet", "timestamp": "2026-05-06T20:31:13.060738"}}
{"prev_hash": "16b5821cfd0ecd01da48530885e8265e9831ba2874c96d96bcbd3271b7f1fc3c", "data": {"tx_id": "TXN-CC85BC64", "student_id": "STU92310", "amount": 336000.0, "channel": "Bank", "timestamp": "2026-05-09T13:27:13.060738"}}
{"prev_hash": "92ef383516baa8e419d80d21758bd75747e585c6ddd61bc35077830cecc539da", "data": {"tx_id": "TXN-A17BB0C2", "student_id": "STU37034", "amount": 487000.0, "channel": "Wallet", "timestamp": "2026-05-05T07:13:13.060738"}}
{"prev_hash": "400d1f059c99bbe3671dbb4ed44a9aa4a40150dff12ad18dcd250d4706da8fa8", "data": {"tx_id": "TXN-88E5D573", "student_id": "STU51496", "amount": 455000.0, "channel": "Bank", "timestamp": "2026-05-07T17:33:13.060738"}}
{"prev_hash": "6f8eb94c8bae56d09fe08f297a655b9e00e8c2a95e1af735cc1a36225cc4f216", "data": {"tx_id": "TXN-AB02A099", "student_id": "STU25628", "amount": 407000.0, "channel": "Wallet", "timestamp": "2026-05-07T03:13:13.060738"}}
{"prev_hash": "e8f6edb59e522cb02dc88b3738bfc23330c338fa54d3ef5789e7b2ea3ae6b8c9", "data": {"tx_id": "TXN-B8E68E07", "student_id": "STU14745", "amount": 282000.0, "channel": "Wallet", "timestamp": "2026-05-05T08:50:13.060738"}}
{"prev_hash": "98145ea9fa1b69c3c1d21eb42bfb5bae5f183616ecc5e79c9de005e66801f479", "data": {"tx_id": "TXN-5D95F11A", "student_id": "STU60487", "amount": 422000.0, "channel": "Bank", "timestamp": "2026-05-05T21:31:13.060738"}}
{"prev_hash": "914a4453646a7157c1f98901fd648b678377df8e9e1a11305ecd3d13015cfcdd", "data": {"tx_id": "TXN-D2D85A4E", "student_id": "STU88041", "amount": 156000.0, "channel": "Wallet", "timestamp": "2026-05-09T16:25:13.060738"}}
{"prev_hash": "d6e96660245dc8be39152b547c616608c8f9c702ec8b599b3e812ebdf492fe2d", "data": {"tx_id": "TXN-D3DA8613", "student_id": "STU70993", "amount": 295000.0, "channel": "Bank", "timestamp": "2026-05-11T02:54:13.060738"}}
{"prev_hash": "1de5b22f9ee0d4c687bd0e07069dca338d94b54ec8325b03e112b75c01076074", "data": {"tx_id": "TXN-F8C7E06D", "student_id": "STU48571", "amount": 351000.0, "channel": "Wallet", "timestamp": "2026-05-05T11:47:13.060738"}}
{"prev_hash": "74f8afcc514f18e470adb100a851fcaa7d7a0b935cfbc2c231d4edfdc8e618b2", "data": {"tx_id": "TXN-9EC38637", "student_id": "STU42983", "amount": 172000.0, "channel": "Wallet", "timestamp": "2026-05-09T11:32:13.060738"}}
{"prev_hash": "ad2ce6362c43e01c3d6f4f1007fa66c939cc7dbf491803d7ac445efc044c7a8a", "data": {"tx_id": "TXN-C5093327", "student_id": "STU93964", "amount": 203000.0, "channel": "Wallet", "timestamp": "2026-05-11T09:19:13.060738"}}
{"prev_hash": "5900d03cd6177ce8532eef3f44f3a7d1a66a5d1dcbcf2a41a3cf3af5adde1a57", "data": {"tx_id": "TXN-94555B4A", "student_id": "STU24878", "amount": 366000.0, "channel": "Bank", "timestamp": "2026-05-06T13:06:13.060738"}}
{"prev_hash": "c1bdc8e65321e57b9a7e7fee83220cc219b76d6ff43b0e0abfb3cbe264f3b17b", "data": {"tx_id": "TXN-054B0D4C", "student_id": "STU31494", "amount": 184000.0, "channel": "Bank", "timestamp": "2026-05-09T09:40:13.060738"}}
{"prev_hash": "35a92af530915743c8bc050c18dbcd1c94133019d2d7069ed3c12c0013434189", "data": {"tx_id": "TXN-EAF15940", "student_id": "STU16046", "amount": 399000.0, "channel": "Bank", "timestamp": "2026-05-11T13:27:13.060738"}}
{"prev_hash": "ed13f6c2ce61bb4f515d46f833e96e3f716ce14f29ae0110f7517ecd0327b274", "data": {"tx_id": "TXN-B4E6BBFA", "student_id": "STU11030", "amount": 88000.0, "channel": "Bank", "timestamp": "2026-05-09T05:57:13.060738"}}
{"prev_hash": "c6d73b3395f930a94e8ebb4e672176b1c96e66c268bf12ecd236e8b49eaaedc5", "data": {"tx_id": "TXN-0B92F759", "student_id": "STU65333", "amount": 251000.0, "channel": "Bank", "timestamp": "2026-05-06T19:49:13.060738"}}
{"prev_hash": "7502a46bcd7f1a7b594f68b0090f0cef38a2115d6bfb3d4a8ad74b0a24b29563", "data": {"tx_id": "TXN-0ACE55E7", "student_id": "STU60506", "amount": 194000.0, "channel": "Bank", "timestamp": "2026-05-05T00:16:13.060738"}}
{"prev_hash": "545522d0fd97922c750048ccffb6513574af0bca1e995901cce9eeae9529e8d8", "data": {"tx_id": "TXN-8DC33164", "student_id": "STU98022", "amount": 229000.0, "channel": "Bank", "timestamp": "2026-05-05T23:10:13.060738"}}
{"prev_hash": "5092bc9bf6597052b5e059f338348963c993707a0fb323e57243390ca163c99b", "data": {"tx_id": "TXN-8AECDE9F", "student_id": "STU56621", "amount": 258000.0, "channel": "Bank", "timestamp": "2026-05-06T09:26:13.060738"}}
{"prev_hash": "9eea3999b1d81428acf2b05b3b7e3d94b2bee087e495366e39c7aad4dd23ad76", "data": {"tx_id": "TXN-01A3000B", "student_id": "STU90377", "amount": 67000.0, "channel": "Wallet", "timestamp": "2026-05-04T22:05:13.060738"}}
{"prev_hash": "91fbb9a941d21970fc7e92f001df1bf30b6bc462b197bdcbc2dd22c03fd38c7b", "data": {"tx_id": "TXN-4BB4116F", "student_id": "STU89561", "amount": 71000.0, "channel": "Wallet", "timestamp": "2026-05-09T19:21:13.060738"}}
{"prev_hash": "7465e232b15f5f9a12f2cba64793a63c520cc87c79a13027b8f20acfda2a02fc", "data": {"tx_id": "TXN-2291A18C", "student_id": "STU30923", "amount": 355000.0, "channel": "Bank", "timestamp": "2026-05-06T19:17:13.060738"}}
{"prev_hash": "b48fc7f9dc0f316d693911321cc6a06e49c64951b5074abdab33e66c4fec7b38", "data": {"tx_id": "TXN-4C1E8EC6", "student_id": "STU45219", "amount": 194000.0, "channel": "Bank", "timestamp": "2026-05-09T02:19:13.060738"}}
{"prev_hash": "c4d4ce0785287a1ed93011a7a9f878fb9e77008647cba04ab6f00e05ede4cd17", "data": {"tx_id": "TXN-8D0A34CA", "student_id": "STU85062", "amount": 473000.0, "channel": "Bank", "timestamp": "2026-05-07T11:34:13.060738"}}
{"prev_hash": "c9206bcc605677db6699302aa8989def2ff6177f77c0072ef4b3cd170340318b", "data": {"tx_id": "TXN-D796642B", "student_id": "STU58656", "amount": 477000.0, "channel": "Bank", "timestamp": "2026-05-09T04:35:13.060738"}}
{"prev_hash": "17a55fdec52e73979755567280f48854ccd3de2266535192ac9f606325ea00e2", "data": {"tx_id": "TXN-02D273DE", "student_id": "STU67366", "amount": 229000.0, "channel": "Bank", "timestamp": "2026-05-08T04:02:13.060738"}}
{"prev_hash": "f46a8593f24334b4685096cfef59863103b5b3d947f2fe4e6a217f1eb0f8ca24", "data": {"tx_id": "TXN-62CB8A36", "student_id": "STU93280", "amount": 255000.0, "channel": "Bank", "timestamp": "2026-05-07T08:38:13.060738"}}
{"prev_hash": "d616eb7fd2b4a9aadfef481f0f6d2fff415a482c9ab233e6bbb097945dfaffc7", "data": {"tx_id": "TXN-D2BE9BAB", "student_id": "STU38240", "amount": 465000.0, "channel": "Wallet", "timestamp": "2026-05-09T04:54:13.060738"}}
{"prev_hash": "9c0b237d71d3ccd0e9814898685ce0581e97ceb118a6a790c4b282d7bd0d2553", "data": {"tx_id": "TXN-FD4C4894", "student_id": "STU11524", "amount": 123000.0, "channel": "Bank", "timestamp": "2026-05-11T01:09:13.060738"}}
{"prev_hash": "64afcc4c58c9fddb250e0c6e219d761760fc4b56fab47e85ae93b41982244c6d", "data": {"tx_id": "TXN-ECCC22A2", "student_id": "STU71777", "amount": 99000.0, "channel": "Wallet", "timestamp": "2026-05-09T07:04:13.060738"}}
{"prev_hash": "a9c3d70166b03e333e0083dae668fc398940dd6e6db0117495b78977900774e3", "data": {"tx_id": "TXN-584C2489", "student_id": "STU59950", "amount": 404000.0, "channel": "Bank", "timestamp": "2026-05-08T16:38:13.060738"}}
{"prev_hash": "c5e57b61e2bbaa9577812d639c6d113a4915123c07a406460f96db66e4d09aa9", "data": {"tx_id": "TXN-1AC66F80", "student_id": "STU19850", "amount": 269000.0, "channel": "Wallet", "timestamp": "2026-05-09T22:12:13.060738"}}
{"prev_hash": "1246111e80c63aad750c41f7a6e26c43f6290ec2c05325db3444419320032bab", "data": {"tx_id": "TXN-53F00058", "student_id": "STU19052", "amount": 318000.0, "channel": "Wallet", "timestamp": "2026-05-07T08:21:13.060738"}}
{"prev_hash": "b7edcf845dea843008fdbbea019c056d67c62cd6151570c30dace377585e349e", "data": {"tx_id": "TXN-2A9622ED", "student_id": "STU82949", "amount": 500000.0, "channel": "Wallet", "timestamp": "2026-05-10T09:48:13.060738"}}
{"prev_hash": "7c09e8ce55229dfb6a34d66783007663ae1296826dd62752974fa728f6cba8ba", "data": {"tx_id": "TXN-CB88E59E", "student_id": "STU73007", "amount": 226000.0, "channel": "Bank", "timestamp": "2026-05-08T02:24:13.060738"}}
{"prev_hash": "1f0dae48df37d2e0ecdd39a66ddf153148c87fe75de72b486915353a22ce640c", "data": {"tx_id": "TXN-4302F550", "student_id": "STU70247", "amount": 107000.0, "channel": "Wallet", "timestamp": "2026-05-07T02:31:13.060738"}}
{"prev_hash": "f9dc80b633a843bec3b5686e4062edb7ef571a40e3c9111f8e6946677c1052b7", "data": {"tx_id": "TXN-C6784853", "student_id": "STU64397", "amount": 88000.0, "channel": "Bank", "timestamp": "2026-05-06T03:29:13.060738"}}
{"prev_hash": "49f17a207a375006beb09297b7ff25ab546ba393143cbd05b08525567f845db5", "data": {"tx_id": "TXN-1BEFD559", "student_id": "STU33045", "amount": 300000.0, "channel": "Bank", "timestamp": "2026-05-06T18:24:13.060738"}}
{"prev_hash": "147af0df5147fced4c5a468d65844e6b4ef7f7b4a126627fc6c792cc5899f11e", "data": {"tx_id": "TXN-812CEDD6", "student_id": "STU50809", "amount": 382000.0, "channel": "Wallet", "timestamp": "2026-05-10T10:00:13.060738"}}
{"prev_hash": "da90fd846284d8b58e7f607cc8015dee96265acd2663023877fbe0265e46e501", "data": {"tx_id": "TXN-35C9CDE9", "student_id": "STU76057", "amount": 332000.0, "channel": "Bank", "timestamp": "2026-05-05T12:55:13.060738"}}
{"prev_hash": "846885c91774e98ca590c370a353d8b948d37730ca777d9a6b3703426326e0ce", "data": {"tx_id": "TXN-4C1ACC10", "student_id": "STU52149", "amount": 379000.0, "channel": "Bank", "timestamp": "2026-05-08T18:29:13.060738"}}
{"prev_hash": "b8120ca9063fbac7f186d49df08f3497f0a092e4c681e7fc7f78ec82fe1b9dbc", "data": {"tx_id": "TXN-C7252822", "student_id": "STU31228", "amount": 121000.0, "channel": "Wallet", "timestamp": "2026-05-10T18:51:13.060738"}}
{"prev_hash": "6891e7c0421cfe5dccb3870abc2d2ac7cce02ce72e975e2faf5a9cd24339e065", "data": {"tx_id": "TXN-1053F9FE", "student_id": "STU72731", "amount": 482000.0, "channel": "Bank", "timestamp": "2026-05-05T08:56:13.060738"}}
{"prev_hash": "a4cf511ab7555fa5f3a40931939a464954db821b414d037820622eaa34f3c5c6", "data": {"tx_id": "TXN-3807D079", "student_id": "STU15265", "amount": 463000.0, "channel": "Wallet", "timestamp": "2026-05-08T12:27:13.060738"}}
{"prev_hash": "00a684575ea0189c5f34eb722478fcacddf1623b4298799f1ea379958ffffbeb", "data": {"tx_id": "TXN-2BACC866", "student_id": "STU79771", "amount": 387000.0, "channel": "Bank", "timestamp": "2026-05-05T18:59:13.060738"}}
{"prev_hash": "014bcc8f96a2b638a1f73d8d31220cd11d0bf4030e8bae1ea139df691758e915", "data": {"tx_id": "TXN-B1CA2607", "student_id": "STU33037", "amount": 271000.0, "channel": "Bank", "timestamp": "2026-05-08T01:25:13.060738"}}
{"prev_hash": "756d9f56cdf421e6b07c9d7982cc6775d377ffd7e427220c4d0be6ef337fb32f", "data": {"tx_id": "TXN-08CA6EDC", "student_id": "STU45754", "amount": 65000.0, "channel": "Wallet", "timestamp": "2026-05-08T01:13:13.060738"}}
{"prev_hash": "1c089d660ab49e4e95998ba070ae10c3a267d57520a2f7aad0efdcb611e285b7", "data": {"tx_id": "TXN-EEF282D7", "student_id": "STU13164", "amount": 184000.0, "channel": "Wallet", "timestamp": "2026-05-09T06:21:13.060738"}}
{"prev_hash": "78a5b3616802b7833296b2f8d4ddaa2020de423bfe49de008c6f72576952c014", "data": {"tx_id": "TXN-85418D2E", "student_id": "STU38000", "amount": 182000.0, "channel": "Wallet", "timestamp": "2026-05-09T01:47:13.060738"}}
{"prev_hash": "4f9b06e64ef5131f010bff772174eb910cdb91bcdaaa5c6914bb14c0b4021dbe", "data": {"tx_id": "TXN-1EA4AD6E", "student_id": "STU89146", "amount": 161000.0, "channel": "Wallet", "timestamp": "2026-05-05T12:37:13.060738"}}
{"prev_hash": "88c361db9b17c1a78aebc7381c465b71fa457fafa4aedcd4b1e0b02d755a3782", "data": {"tx_id": "TXN-6CAF3769", "student_id": "STU18729", "amount": 487000.0, "channel": "Wallet", "timestamp": "2026-05-08T00:40:13.060738"}}
{"prev_hash": "d528f9abee433c83b2ed0ab86ab7c8137eed980b1416ec884ebab8b611d483f2", "data": {"tx_id": "TXN-225E7FDA", "student_id": "STU96218", "amount": 53000.0, "channel": "Bank", "timestamp": "2026-05-08T05:19:13.060738"}}
{"prev_hash": "708efad441ec1319a6e7e01906869ddad8b5d4f9a0a499266ffa7821c4ecc5a4", "data": {"tx_id": "TXN-0AD8DBD3", "student_id": "STU33186", "amount": 201000.0, "channel": "Wallet", "timestamp": "2026-05-05T05:26:13.060738"}}
{"prev_hash": "0c288e25d903a69bffa3dee08e0ed3295796810a8a3fa9b029d4445e0db2b8c2", "data": {"tx_id": "TXN-71FCC213", "student_id": "STU78287", "amount": 58000.0, "channel": "Bank", "timestamp": "2026-05-11T04:38:13.060738"}}
{"prev_hash": "7ff0218b6c296d04a051b9b2aa11949f143beb3b741fe12361a16b728192e2c9", "data": {"tx_id": "TXN-C6774F07", "student_id": "STU44350", "amount": 409000.0, "channel": "Bank", "timestamp": "2026-05-06T08:30:13.060738"}}
{"prev_hash": "84efbed41721be5ed0d0e62b901721a3a11cfeb317fd7f4213e8b508da64aeab", "data": {"tx_id": "TXN-70FA5A7F", "student_id": "STU92337", "amount": 172000.0, "channel": "Wallet", "timestamp": "2026-05-10T01:40:13.060738"}}
{"prev_hash": "fd3773af527e917337c6c4b636076ed0afbe26a6541fdd84003c75da99f5b19b", "data": {"tx_id": "TXN-89703A92", "student_id": "STU21615", "amount": 345000.0, "channel": "Wallet", "timestamp": "2026-05-08T10:40:13.060738"}}
{"prev_hash": "7376d9b84998a36a706ff161b4c1b116b2bd96867bc54a3c92898a02de1d94d6", "data": {"tx_id": "TXN-21BB03ED", "student_id": "STU65575", "amount": 167000.0, "channel": "Wallet", "timestamp": "2026-05-08T15:53:13.060738"}}
{"prev_hash": "a62878399fce528b328877fa517b82af4118becdcc0b45c1ec5b5372599199ca", "data": {"tx_id": "TXN-F96BC408", "student_id": "STU16854", "amount": 306000.0, "channel": "Bank", "timestamp": "2026-05-05T13:42:13.060738"}}
{"prev_hash": "74f8905289ad9053789760735ab1768186238ae5e9bb008f96f0ad37ac0a189a", "data": {"tx_id": "TXN-8FCC44A0", "student_id": "STU89061", "amount": 466000.0, "channel": "Wallet", "timestamp": "2026-05-11T16:47:13.060738"}}
{"prev_hash": "1bfea79a23271a24475a8a8b50037190e6e919a6c793201864e83b927105a6ff", "data": {"tx_id": "TXN-80C43B84", "student_id": "STU10711", "amount": 424000.0, "channel": "Bank", "timestamp": "2026-05-09T20:29:13.060738"}}
{"prev_hash": "82afde68e8183792fc2e41361564fb4ca7f61324a529905c156bc2285e3d80dd", "data": {"tx_id": "TXN-442B40D6", "student_id": "STU70996", "amount": 270000.0, "channel": "Wallet", "timestamp": "2026-05-05T23:15:13.060738"}}
{"prev_hash": "aa5e04773a698e1e7bbdbd4f106fd3b9243fbfb54d2ebfb8811997909cf77285", "data": {"tx_id": "TXN-5E896A16", "student_id": "STU89304", "amount": 432000.0, "channel": "Wallet", "timestamp": "2026-05-10T11:20:13.060738"}}
{"prev_hash": "9ef620ee30e4c923a81a83ddcf9077f386d15cfd877cd577cdd90cf8e37f3f34", "data": {"tx_id": "TXN-F9E18284", "student_id": "STU27161", "amount": 302000.0, "channel": "Bank", "timestamp": "2026-05-06T11:25:13.060738"}}
{"prev_hash": "57dbfcc2b019eb864ef588443be5df3712d8a186c34e6eed9868f4462a04e2b0", "data": {"tx_id": "TXN-98A5ACB4", "student_id": "STU77133", "amount": 70000.0, "channel": "Wallet", "timestamp": "2026-05-10T11:24:13.060738"}}
{"prev_hash": "5671e45cf58b4efe2632be8b23911f047c358561d528ca16f3d5e7d9014232f0", "data": {"tx_id": "TXN-D59A799E", "student_id": "STU21501", "amount": 244000.0, "channel": "Wallet", "timestamp": "2026-05-06T01:31:13.060738"}}
{"prev_hash": "a49ef5d6569ce86f63220aceb89163aff8bad376c65fd260095f142844406d51", "data": {"tx_id": "TXN-E8E9F680", "student_id": "STU72220", "amount": 196000.0, "channel": "Bank", "timestamp": "2026-05-05T10:14:13.060738"}}
{"prev_hash": "31bea0ab4e190ec1fbd6b668ba77fef10dfc58c6d9ac1b99df61763388ce421c", "data": {"tx_id": "TXN-632A01F9", "student_id": "STU50625", "amount": 298000.0, "channel": "Wallet", "timestamp": "2026-05-06T23:19:13.060738"}}
{"prev_hash": "3e52edb34803ee0a1b86a7b9ee0021084f693a6363fa35de2fdd1c795dae249c", "data": {"tx_id": "TXN-E5A9394A", "student_id": "STU21198", "amount": 200000.0, "channel": "Wallet", "timestamp": "2026-05-10T18:27:13.060738"}}
{"prev_hash": "c7941fb11b5e219cc551cf0ee92a216ff3c4bcdc4b71fa60854d41fc7d2f03ed", "data": {"tx_id": "TXN-75A1ACD0", "student_id": "STU64969", "amount": 386000.0, "channel": "Wallet", "timestamp": "2026-05-08T20:56:13.060738"}}
{"prev_hash": "a3af107eba2b37509e4df378524a2972177fb7cec06fb24d252ed3f18ee9c23b", "data": {"tx_id": "TXN-7BDC0AA0", "student_id": "STU34829", "amount": 321000.0, "channel": "Wallet", "timestamp": "2026-05-05T19:08:13.060738"}}
{"prev_hash": "9f79ab2763c3bbefcf27afc5b16506d5a598a26e17ee3df27ff3cebcabfdf4a6", "data": {"tx_id": "TXN-51FD5A1C", "student_id": "STU11159", "amount": 431000.0, "channel": "Bank", "timestamp": "2026-05-06T11:50:13.060738"}}
{"prev_hash": "a82204f8fea456f06aeeaa239485c9e74f1438e6ca029ab17eaae2b4675012d5", "data": {"tx_id": "TXN-3ECB860D", "student_id": "STU93873", "amount": 147000.0, "channel": "Wallet", "timestamp": "2026-05-06T13:10:13.060738"}}
{"prev_hash": "47e15b4dc99cce8937bae03c7eb252ff9e0bec1674510f77c3a960cc38e1d052", "data": {"tx_id": "TXN-F60F04D2", "student_id": "STU90581", "amount": 166000.0, "channel": "Wallet", "timestamp": "2026-05-05T02:05:13.060738"}}
{"prev_hash": "f8423db3b06bbd17afcb5aa5c824d176c708942587f7db89fca00f6fc538f345", "data": {"tx_id": "TXN-F2B64BF8", "student_id": "STU61067", "amount": 451000.0, "channel": "Wallet", "timestamp": "2026-05-10T06:35:13.060738"}}
{"prev_hash": "eda0cd496b1c15b1d1ac626f079578a60de2dca71f9854ec1f0906a5f34a2242", "data": {"tx_id": "TXN-D79E53FA", "student_id": "STU42215", "amount": 92000.0, "channel": "Bank", "timestamp": "2026-05-10T17:08:13.060738"}}
{"prev_hash": "8f497a4a9acc062284a925c523576e2272bf16ab879471312699adf3d9a800f4", "data": {"tx_id": "TXN-60173D81", "student_id": "STU82149", "amount": 214000.0, "channel": "Bank", "timestamp": "2026-05-07T20:51:13.060738"}}
{"prev_hash": "85dbc06699867623781d3d23e76594c8fd63a5c8473e0ecd901cd3f188775448", "data": {"tx_id": "TXN-1EAA93B0", "student_id": "STU64361", "amount": 58000.0, "channel": "Wallet", "timestamp": "2026-05-06T14:34:13.060738"}}
{"prev_hash": "4317111e3878c8910f6d1fd168b5a1bb1fe455710d577faad493697ac75a5b77", "data": {"tx_id": "TXN-CDB8B5D3", "student_id": "STU88777", "amount": 166000.0, "channel": "Bank", "timestamp": "2026-05-05T21:42:13.060738"}}
{"prev_hash": "57f79f81d48491d320f79d3396ab50594cbcfbbe4aed1b6d0adb880a5981c213", "data": {"tx_id": "TXN-A927B063", "student_id": "STU79833", "amount": 91000.0, "channel": "Bank", "timestamp": "2026-05-11T11:10:13.060738"}}
{"prev_hash": "bc65baac852371f169695e868e6ec7cb7bd227d5e9be6108b4751614093cb590", "data": {"tx_id": "TXN-E83B2178", "student_id": "STU42224", "amount": 484000.0, "channel": "Bank", "timestamp": "2026-05-05T01:24:13.060738"}}
{"prev_hash": "8cf6da5f7d29890557368866eaaac18e454a13686aafef5108bb2b573a7ef443", "data": {"tx_id": "TXN-76BD1E9A", "student_id": "STU94272", "amount": 175000.0, "channel": "Wallet", "timestamp": "2026-05-09T17:00:13.060738"}}
{"prev_hash": "8233ed02806221fe1d917ebe72746eebc56ad3260d17b621cacfd10056dee380", "data": {"tx_id": "TXN-E221B25D", "student_id": "STU20814", "amount": 462000.0, "channel": "Bank", "timestamp": "2026-05-07T18:03:13.060738"}}
{"prev_hash": "36e518ca16b203cf99c76dc155d4246efca0d77d4e40581dcd5b56e8dfa56bbd", "data": {"tx_id": "TXN-4073B1FF", "student_id": "STU68217", "amount": 78000.0, "channel": "Bank", "timestamp": "2026-05-10T05:57:13.060738"}}
{"prev_hash": "6fd00b7a4249f852e445284b709ed9c5b86a13ecce05f52d45c486df4c9d7223", "data": {"tx_id": "TXN-81CF77A5", "student_id": "STU95247", "amount": 378000.0, "channel": "Wallet", "timestamp": "2026-05-08T03:06:13.060738"}}
{"prev_hash": "8f8d06c452d1ffc6074f2c4d0e5efcbee4458e5931405f6ef165e9a4bec40de9", "data": {"tx_id": "TXN-02D58A65", "student_id": "STU39611", "amount": 476000.0, "channel": "Bank", "timestamp": "2026-05-05T16:29:13.060738"}}
{"prev_hash": "0c3715204b0504dea8311d87194b5aec9b027ed678691c05b8127b1c960bee23", "data": {"tx_id": "TXN-62090C52", "student_id": "STU26307", "amount": 129000.0, "channel": "Bank", "timestamp": "2026-05-08T14:39:13.060738"}}
{"prev_hash": "430c18b7f96e2090d07ae2fc974e0d2ca8c7762923cf4754f8de92d64edef2db", "data": {"tx_id": "TXN-8B77530C", "student_id": "STU49905", "amount": 279000.0, "channel": "Bank", "timestamp": "2026-05-06T09:19:13.060738"}}
{"prev_hash": "e1a41cf3822f13c9459d1a134aed0311f9da13ff77cfd966dd2d7157dd0ccba5", "data": {"tx_id": "TXN-0CD4D1B9", "student_id": "STU42662", "amount": 91000.0, "channel": "Bank", "timestamp": "2026-05-06T17:01:13.060738"}}
{"prev_hash": "eb9ddb9b7af757c8de2cf512f3dda983b8d2645952b5aa7009b1946cd4227341", "data": {"tx_id": "TXN-347D7B9E", "student_id": "STU63964", "amount": 88000.0, "channel": "Wallet", "timestamp": "2026-05-09T14:53:13.060738"}}
{"prev_hash": "42be1b5bf832bc15f97f4e851c699499880fd7708ea6e2f6f22474c5fcf170c5", "data": {"tx_id": "TXN-70A91A24", "student_id": "STU88267", "amount": 311000.0, "channel": "Bank", "timestamp": "2026-05-06T18:14:13.060738"}}
{"prev_hash": "02cc3528eae7a3ed1d51862ef1c4f7039db98e667943817ea2237ea48e33b73f", "data": {"tx_id": "TXN-DF90FEA1", "student_id": "STU67314", "amount": 422000.0, "channel": "Bank", "timestamp": "2026-05-11T09:01:13.060738"}}
{"prev_hash": "c86d9ec0383095008158f735379aa547d8a139b985fedbfd685778134c3de0ff", "data": {"tx_id": "TXN-9BF27B46", "student_id": "STU83257", "amount": 278000.0, "channel": "Wallet", "timestamp": "2026-05-06T22:24:13.060738"}}
{"prev_hash": "f0d9fba7a983a81adc798415f788e03566934f26c20af40ec13e9cab653b0d5c", "data": {"tx_id": "TXN-B1A21215", "student_id": "STU58128", "amount": 165000.0, "channel": "Wallet", "timestamp": "2026-05-07T10:57:13.060738"}}
{"prev_hash": "e11d1c2638e202ab0a12ebc2f77eec80ff92b0978c5bc11a2bf38471733b1b57", "data": {"tx_id": "TXN-2DCFA67A", "student_id": "STU70899", "amount": 453000.0, "channel": "Bank", "timestamp": "2026-05-10T15:22:13.060738"}}
{"prev_hash": "a35efe8e80826ed40c9f51f1b7afb1c8f2bacd7598697c384fc4456a0d558822", "data": {"tx_id": "TXN-62515A2F", "student_id": "STU87353", "amount": 209000.0, "channel": "Wallet", "timestamp": "2026-05-05T08:21:13.060738"}}
{"prev_hash": "5ed204b562bf9d411f26350b6bd4bce3782f3d9915d65e8a69ab7135375b7f0c", "data": {"tx_id": "TXN-82F83920", "student_id": "STU20524", "amount": 176000.0, "channel": "Wallet", "timestamp": "2026-05-11T01:33:13.060738"}}
{"prev_hash": "6d68be3c1799ac7c9f922b2e1c5b846bcf320e8d27d6cfaf42ac8262a1488d35", "data": {"tx_id": "TXN-E0EA272A", "student_id": "STU75034", "amount": 70000.0, "channel": "Bank", "timestamp": "2026-05-09T02:34:13.060738"}}
{"prev_hash": "e36c0a0d50425b29fa08b5b057f9d5b730d7870a5b259eb36e42eaae62dfb820", "data": {"tx_id": "TXN-830BB641", "student_id": "STU70134", "amount": 304000.0, "channel": "Wallet", "timestamp": "2026-05-05T05:13:13.060738"}}
{"prev_hash": "9343b6ce5d60364ac6a8eb2ea6495cb7ab864c4713de9512d104020b65141ea7", "data": {"tx_id": "TXN-40D40C23", "student_id": "STU54780", "amount": 272000.0, "channel": "Wallet", "timestamp": "2026-05-08T06:46:13.060738"}}
{"prev_hash": "0fda2d8f60d7a21327057e07e8707cfe25eeb8d1bcfd4999cadd8bd8bb7ca55d", "data": {"tx_id": "TXN-97B3CF13", "student_id": "STU53012", "amount": 389000.0, "channel": "Wallet", "timestamp": "2026-05-08T10:39:13.060738"}}
{"prev_hash": "3bd67a3a6503e9a4ece5cde618313ac0f8b5d4751172e4a421740b3e35bd831a", "data": {"tx_id": "TXN-31246E63", "student_id": "STU39726", "amount": 284000.0, "channel": "Bank", "timestamp": "2026-05-10T03:58:13.060738"}}
{"prev_hash": "17772a86e4221573d2d788db151af6c2d7009d6602154148a2d3fe40648e353b", "data": {"tx_id": "TXN-C7942AE6", "student_id": "STU43587", "amount": 88000.0, "channel": "Bank", "timestamp": "2026-05-07T21:26:13.060738"}}
{"prev_hash": "58756bcef0aa513a5f6816c9d7e9c377eff33dab459933d58689d316951e6287", "data": {"tx_id": "TXN-536651FC", "student_id": "STU97324", "amount": 234000.0, "channel": "Bank", "timestamp": "2026-05-07T17:39:13.060738"}}
{"prev_hash": "37c5037ffe97d45ddb60540b39a844cd3a147d887268e1f8d22cd3d9a6c6c7d1", "data": {"tx_id": "TXN-5C0B5280", "student_id": "STU55192", "amount": 490000.0, "channel": "Bank", "timestamp": "2026-05-08T21:15:13.060738"}}
{"prev_hash": "63c745c7ac96da8b2b8aa2bc565b204a3e33633a920235fa487b77201d072c35", "data": {"tx_id": "TXN-FCD64575", "student_id": "STU26750", "amount": 313000.0, "channel": "Wallet", "timestamp": "2026-05-11T19:23:13.060738"}}
{"prev_hash": "bc906f2ae48a095be388f7aa151959094d56ad79282ff86e30a3f15c2c1f667d", "data": {"tx_id": "TXN-D40E2C5C", "student_id": "STU41449", "amount": 374000.0, "channel": "Wallet", "timestamp": "2026-05-05T15:25:13.060738"}}
{"prev_hash": "e90a41a1776b11768df658b0872d3f6ebb7e3e60b411c588e1688887c3e8e6a9", "data": {"tx_id": "TXN-2221905F", "student_id": "STU63200", "amount": 218000.0, "channel": "Wallet", "timestamp": "2026-05-10T01:02:13.060738"}}
{"prev_hash": "213b48b4c1106471954e62f9ed41760e39b0542c3621e636b761017486c8faa3", "data": {"tx_id": "TXN-CF8E6A7C", "student_id": "STU63360", "amount": 227000.0, "channel": "Bank", "timestamp": "2026-05-07T19:50:13.060738"}}
{"prev_hash": "4ff954a6de281d34bc8811861a1dda792b69f704b9b11c5fda3a72aa9fda453f", "data": {"tx_id": "TXN-519E6D5B", "student_id": "STU78064", "amount": 246000.0, "channel": "Wallet", "timestamp": "2026-05-05T04:48:13.060738"}}
{"prev_hash": "12141c55b5ceaa22829b3f371b698792387e8b49cf3422eb074b52a23192f983", "data": {"tx_id": "TXN-6F5B7149", "student_id": "STU83900", "amount": 154000.0, "channel": "Bank", "timestamp": "2026-05-10T19:33:13.060738"}}
{"prev_hash": "76d3b9b56c1bb3e96751c03f852a06cc48127bfdc034f87b3f6b77a9cb905243", "data": {"tx_id": "TXN-C5909C4D", "student_id": "STU86831", "amount": 81000.0, "channel": "Bank", "timestamp": "2026-05-06T16:24:13.060738"}}
{"prev_hash": "69681d1be038369ddb44d8a6a94d6bd3337ad16328caac4cb1783baaecf05cbf", "data": {"tx_id": "TXN-D3A75952", "student_id": "STU29689", "amount": 386000.0, "channel": "Wallet", "timestamp": "2026-05-05T11:28:13.060738"}}
{"prev_hash": "e44fdc7f74dee1a1950ed09c2a0ea7885a4802e6802d4205b6d2f0097ca28d3a", "data": {"tx_id": "TXN-FF284CB2", "student_id": "STU43077", "amount": 174000.0, "channel": "Bank", "timestamp": "2026-05-06T14:39:13.060738"}}
{"prev_hash": "c51ba190672d96696cb354b55c041e6644e40bd6e826fb00af1329a3885487f6", "data": {"tx_id": "TXN-3F486A7F", "student_id": "STU60528", "amount": 129000.0, "channel": "Bank", "timestamp": "2026-05-06T07:00:13.060738"}}
{"prev_hash": "e6cbcb095377c46ce6a0c0442f8c8db26b0b1366bfd9c2a1b6fcef3650d9abc6", "data": {"tx_id": "TXN-BF35C932", "student_id": "STU90043", "amount": 214000.0, "channel": "Wallet", "timestamp": "2026-05-08T13:02:13.060738"}}
{"prev_hash": "6a27f56c00e6774c90ecc822f4cf558f622f359d866b903078caeeafc52f6438", "data": {"tx_id": "TXN-1374DBFE", "student_id": "STU79194", "amount": 255000.0, "channel": "Bank", "timestamp": "2026-05-07T22:43:13.060738"}}
{"prev_hash": "c92a78409879a7ae95d55ba3785e780183c015024675726ad1cbb9b5056c2343", "data": {"tx_id": "TXN-4D8CE634", "student_id": "STU52072", "amount": 247000.0, "channel": "Wallet", "timestamp": "2026-05-07T14:05:13.060738"}}
{"prev_hash": "17e5253bf877c6906be2c2796fa38747929b21350293167f25fb47aee93cddd3", "data": {"tx_id": "TXN-91E70D97", "student_id": "STU86027", "amount": 260000.0, "channel": "Bank", "timestamp": "2026-05-10T17:20:13.060738"}}
{"prev_hash": "b54c7dc96658196caff029594e261487f29e7099e77c0194bbfd6aaf0dabdefb", "data": {"tx_id": "TXN-8DF56EF5", "student_id": "STU92127", "amount": 267000.0, "channel": "Wallet", "timestamp": "2026-05-05T03:36:13.060738"}}
{"prev_hash": "dec43d10ea933a6a89ea389ebfa45ec60fb952ee00862c92fba583e5b5a7f250", "data": {"tx_id": "TXN-51319EE9", "student_id": "STU66710", "amount": 244000.0, "channel": "Bank", "timestamp": "2026-05-07T11:54:13.060738"}}
{"prev_hash": "b8c883bf4facf5e4e5c1c940f7b32b5a590c7d2f906a71f0e74f525ad58e3daa", "data": {"tx_id": "TXN-3CE0E790", "student_id": "STU53977", "amount": 148000.0, "channel": "Bank", "timestamp": "2026-05-08T11:54:13.060738"}}
{"prev_hash": "5ef5b916f7b8f3466c3cb862ab75e9bfe95b8956bbef4a1ad02d61e69457f950", "data": {"tx_id": "TXN-4A5824B5", "student_id": "STU13797", "amount": 61000.0, "channel": "Bank", "timestamp": "2026-05-08T06:19:13.060738"}}
{"prev_hash": "ca69b5ac60091183e4d4229660c7301d8d428e6d8079da830bfd2f08e581c0ac", "data": {"tx_id": "TXN-1F777539", "student_id": "STU30548", "amount": 231000.0, "channel": "Bank", "timestamp": "2026-05-09T18:56:13.060738"}}
{"prev_hash": "da4d426ab50c7aa0ea92ba58ee912e7dba54f356f547bcfdd690894c5bc99f46", "data": {"tx_id": "TXN-D4A1D47A", "student_id": "STU74145", "amount": 119000.0, "channel": "Wallet", "timestamp": "2026-05-07T03:22:13.060738"}}
{"prev_hash": "335779e1382cc10dea59a4f66fbceda026a9991ff3db848050456e91000054a0", "data": {"tx_id": "TXN-3176CA9F", "student_id": "STU35081", "amount": 184000.0, "channel": "Bank", "timestamp": "2026-05-07T23:33:13.060738"}}
{"prev_hash": "3bd24ac52784ed6255360e7434ec167c82cb5ba326b3d2d1d0ca91220537df11", "data": {"tx_id": "TXN-E9A39D4F", "student_id": "STU25221", "amount": 149000.0, "channel": "Wallet", "timestamp": "2026-05-10T10:39:13.060738"}}
{"prev_hash": "1b6e5cdc839e4bc34db81ee3a70b30c4f44a329d60585cc538667bba832b5b20", "data": {"tx_id": "TXN-5E23FFB1", "student_id": "STU82046", "amount": 97000.0, "channel": "Wallet", "timestamp": "2026-05-09T04:11:13.060738"}}
{"prev_hash": "ea8d60b784442804b893bf3c1f693b276be851207fcc1ec37f038cee3130825a", "data": {"tx_id": "TXN-1FDD3F0B", "student_id": "STU45011", "amount": 271000.0, "channel": "Wallet", "timestamp": "2026-05-09T15:44:13.060738"}}
{"prev_hash": "0f81b79bb61e95f2d353ebdd027a33ab360e2ccaafd7dc5e14762e7608e74f38", "data": {"tx_id": "TXN-863F066A", "student_id": "STU54697", "amount": 193000.0, "channel": "Wallet", "timestamp": "2026-05-10T23:11:13.060738"}}
{"prev_hash": "954b3154844d1a74e4598c62db7ecd69606ed2dafdde5581c0e3da6e5253aaa2", "data": {"tx_id": "TXN-4931DABB", "student_id": "STU50429", "amount": 427000.0, "channel": "Wallet", "timestamp": "2026-05-05T23:11:13.060738"}}
{"prev_hash": "e69fe782274ae1ab0f18a4a9ad7cf87e58a34dd04411c960f91722016514919b", "data": {"tx_id": "TXN-8C8C797A", "student_id": "STU28909", "amount": 275000.0, "channel": "Wallet", "timestamp": "2026-05-08T23:25:13.060738"}}
{"prev_hash": "f41bac684302d1ead5e84dae6583bc9bb9b725a48f49b4a39ab3ff2c33fa7081", "data": {"tx_id": "TXN-99E51130", "student_id": "STU94534", "amount": 351000.0, "channel": "Bank", "timestamp": "2026-05-10T20:58:13.060738"}}
{"prev_hash": "c15d74fa027a5bd38a710a367142c0572469a9fc2dcd0f9bbf2632dd5483cc63", "data": {"tx_id": "TXN-8FD0E7B2", "student_id": "STU52575", "amount": 251000.0, "channel": "Wallet", "timestamp": "2026-05-11T00:57:13.060738"}}
{"prev_hash": "5cdc4e0cc27c183caa43f6ee99ec58a98e4590dccd1fb821c77e8292ffd991a2", "data": {"tx_id": "TXN-A23CDA18", "student_id": "STU34160", "amount": 494000.0, "channel": "Wallet", "timestamp": "2026-05-07T19:38:13.060738"}}
{"prev_hash": "6bcb76f5f1c4b60642ca847be899da266c4875b69494a6c7171787b311717211", "data": {"tx_id": "TXN-767B92B9", "student_id": "STU74891", "amount": 73000.0, "channel": "Bank", "timestamp": "2026-05-10T03:56:13.060738"}}
{"prev_hash": "cf6a156424122366d45287bf29b51b3822219f7db3031cf7008a05426befaf04", "data": {"tx_id": "TXN-812E9961", "student_id": "STU92275", "amount": 379000.0, "channel": "Bank", "timestamp": "2026-05-07T01:47:13.060738"}}
{"prev_hash": "0f24186d871847d8a92f47f64ee25f35f35d8b20fc48388a99db07604aefa4e3", "data": {"tx_id": "TXN-7BF6785A", "student_id": "STU58591", "amount": 262000.0, "channel": "Bank", "timestamp": "2026-05-08T01:05:13.060738"}}
{"prev_hash": "0872753151d79e2e80a84b5291aac55a22469742163328b1713ff05cbfa4a87d", "data": {"tx_id": "TXN-5E995805", "student_id": "STU58533", "amount": 301000.0, "channel": "Bank", "timestamp": "2026-05-07T04:12:13.060738"}}
{"prev_hash": "a530606175ae80582687e534336597575e4b00e053ff2d6b2e412a73643c515b", "data": {"tx_id": "TXN-23757A61", "student_id": "STU74122", "amount": 316000.0, "channel": "Bank", "timestamp": "2026-05-05T22:24:13.060738"}}
{"prev_hash": "d4b07945726994d07e4ecf7283438104b0fa94b087af8f74fef47c373c087ef7", "data": {"tx_id": "TXN-C3D09E6C", "student_id": "STU16850", "amount": 346000.0, "channel": "Wallet", "timestamp": "2026-05-07T13:35:13.060738"}}
{"prev_hash": "56f92a2399d84ef9d9101209b4082ebf61b116289d0efb780a08b5464cf51ec8", "data": {"tx_id": "TXN-2D56C993", "student_id": "STU59888", "amount": 106000.0, "channel": "Bank", "timestamp": "2026-05-11T06:19:13.060738"}}
{"prev_hash": "b5c4fcc333a557d2f4623ce079889da90810d82549b5f7e506344fddcc724b3b", "data": {"tx_id": "TXN-410F2583", "student_id": "STU64118", "amount": 220000.0, "channel": "Wallet", "timestamp": "2026-05-09T01:11:13.060738"}}
{"prev_hash": "4c802819940ceb83f35dcdeb9ce0f07f2d042a4eda87261e0b3392dcc03fd5de", "data": {"tx_id": "TXN-3B386B61", "student_id": "STU15594", "amount": 321000.0, "channel": "Wallet", "timestamp": "2026-05-07T01:07:13.060738"}}
{"prev_hash": "7ef7ae9e7e1b296743484e4c0517c3485a025a2c7b0f52c8e365ed2acc662684", "data": {"tx_id": "TXN-4849FB25", "student_id": "STU49835", "amount": 329000.0, "channel": "Bank", "timestamp": "2026-05-07T10:36:13.060738"}}
{"prev_hash": "e9b998202872739cb572b810788b4ef3bf7a5edebcdff69bd59e965a2e2bf496", "data": {"tx_id": "TXN-C1C008E9", "student_id": "STU96078", "amount": 183000.0, "channel": "Bank", "timestamp": "2026-05-08T00:05:13.060738"}}
{"prev_hash": "fa211476185805027139e7e230e314d6f27cbae7683090cd6ca2ffeced48dc35", "data": {"tx_id": "TXN-44B81032", "student_id": "STU21578", "amount": 422000.0, "channel": "Bank", "timestamp": "2026-05-10T22:13:13.060738"}}
{"prev_hash": "5315a65024d8b5ed079d211e1e6ddd2c0f3aca798630b29fc5ce6798aa582e0a", "data": {"tx_id": "TXN-41363537", "student_id": "STU90856", "amount": 350000.0, "channel": "Wallet", "timestamp": "2026-05-09T12:29:13.060738"}}
{"prev_hash": "52f40bc8bd836c1c923bf2413a2811f613391944d535bc9b4f38cdf0586d85fd", "data": {"tx_id": "TXN-9D17C21D", "student_id": "STU62649", "amount": 138000.0, "channel": "Wallet", "timestamp": "2026-05-09T03:47:13.060738"}}
{"prev_hash": "24398f45821666a884fdfed1da26a93c8f2dbeb0a2b9d5ed462f8df9163de030", "data": {"tx_id": "TXN-EEB4A7AF", "student_id": "STU58243", "amount": 348000.0, "channel": "Bank", "timestamp": "2026-05-05T21:59:13.060738"}}
{"prev_hash": "d525ba4a475feb180ab93f7dfbd85444b0838493e3d2ea0d8a90d45f2b8f6f9a", "data": {"tx_id": "TXN-1212FEC9", "student_id": "STU71286", "amount": 107000.0, "channel": "Bank", "timestamp": "2026-05-06T02:17:13.060738"}}
{"prev_hash": "5d014827aa8f6ec8a4d2683a1093c3f223943a0739bf7c54085ef62c29169077", "data": {"tx_id": "TXN-C8C2EAA9", "student_id": "STU26149", "amount": 118000.0, "channel": "Wallet", "timestamp": "2026-05-08T17:37:13.060738"}}
{"prev_hash": "abb75ccc3ffe7b4173a6bc96cce9419539599019d6a27ba8cf0219f225ba0ec5", "data": {"tx_id": "TXN-B12631B1", "student_id": "STU60986", "amount": 406000.0, "channel": "Bank", "timestamp": "2026-05-09T11:00:13.060738"}}
{"prev_hash": "15fec8d05cbb3037a7dfbd52336ee14bde7b2dcaef82115a4e74a2f9be64efc3", "data": {"tx_id": "TXN-E1E5484D", "student_id": "STU38221", "amount": 387000.0, "channel": "Wallet", "timestamp": "2026-05-08T18:04:13.060738"}}
{"prev_hash": "191a21d95e93b2d02f56df550fd4c202ad5969b68dd7227fd1891faac3462fd5", "data": {"tx_id": "TXN-C22F9BF0", "student_id": "STU45165", "amount": 336000.0, "channel": "Bank", "timestamp": "2026-05-11T16:20:13.060738"}}
{"prev_hash": "a6667ecd293347fb601079f887e26082ed912b01dc5199fe4c719154c346e855", "data": {"tx_id": "TXN-80F50FA1", "student_id": "STU57552", "amount": 130000.0, "channel": "Wallet", "timestamp": "2026-05-11T00:42:13.060738"}}
{"prev_hash": "a7fd56f6bc780ab13b904bc85649c4c618b6558017c6c8ffb3a158939e9d691b", "data": {"tx_id": "TXN-E753AE2A", "student_id": "STU84903", "amount": 360000.0, "channel": "Wallet", "timestamp": "2026-05-10T00:48:13.060738"}}
{"prev_hash": "0b9e5e4fa6ad79594e7575eb842c01ac3610ebae72f357e61609e68c45bf6c38", "data": {"tx_id": "TXN-352D6040", "student_id": "STU17085", "amount": 487000.0, "channel": "Wallet", "timestamp": "2026-05-11T01:30:13.060738"}}
{"prev_hash": "864d9257dfca0981f671606c59e67d979baec3f4ec93a8645db029b055329f08", "data": {"tx_id": "TXN-D0A9869D", "student_id": "STU24997", "amount": 162000.0, "channel": "Bank", "timestamp": "2026-05-11T08:11:13.060738"}}
{"prev_hash": "6caebfaa08e0d71dda9c85f2361b13803603e376d907e5609aac770fe700482e", "data": {"tx_id": "TXN-F7DFCB9D", "student_id": "STU90192", "amount": 304000.0, "channel": "Bank", "timestamp": "2026-05-10T18:49:13.060738"}}
{"prev_hash": "dbca910f356d262d4721089c1398ea7a33bc71840fe09372e04352db39cbaeda", "data": {"tx_id": "TXN-9BFDD60A", "student_id": "STU67610", "amount": 181000.0, "channel": "Bank", "timestamp": "2026-05-05T08:10:13.060738"}}
{"prev_hash": "32d66725c796120513e05977ec36fa729c470307b5df417a75e138cabc8f22b6", "data": {"tx_id": "TXN-420C9DF6", "student_id": "STU40669", "amount": 437000.0, "channel": "Wallet", "timestamp": "2026-05-06T16:19:13.060738"}}
{"prev_hash": "dddf6b6b9e0d75b655471c5f0e3809f1cfa01c7d20230fb1f92e5bd635e3a7df", "data": {"tx_id": "TXN-19314116", "student_id": "STU32682", "amount": 479000.0, "channel": "Bank", "timestamp": "2026-05-06T12:16:13.060738"}}
{"prev_hash": "c23df6fa94bce9a62cc70a7759ed28a5017217059011b80977e1f1851d8cd6de", "data": {"tx_id": "TXN-5CE9E246", "student_id": "STU23808", "amount": 57000.0, "channel": "Bank", "timestamp": "2026-05-06T20:55:13.060738"}}
{"prev_hash": "da239cad24cdf91e566d22af36d168a7b25a7910ed431236c2a122a1d19fca3b", "data": {"tx_id": "TXN-10D25647", "student_id": "STU76528", "amount": 102000.0, "channel": "Bank", "timestamp": "2026-05-11T04:07:13.060738"}}
{"prev_hash": "7c10a70d863970645746b3fae310aa068cfbfed5833cca20faa60e79af36cd00", "data": {"tx_id": "TXN-DF1F9BC7", "student_id": "STU98811", "amount": 375000.0, "channel": "Bank", "timestamp": "2026-05-07T20:47:13.060738"}}
{"prev_hash": "1536116248d8b869df90ad2d114fa53945fa4b942a07bb94f3c079238ba68d21", "data": {"tx_id": "TXN-CDCA52D9", "student_id": "STU37071", "amount": 314000.0, "channel": "Wallet", "timestamp": "2026-05-11T03:29:13.060738"}}
{"prev_hash": "5d057c9a7fba10f9c45fad3eb3922103767b72a8cadb7320f4ddcb54dfac520f", "data": {"tx_id": "TXN-F2CDF193", "student_id": "STU93177", "amount": 160000.0, "channel": "Wallet", "timestamp": "2026-05-06T02:37:13.060738"}}
{"prev_hash": "2a5382e3b08baf3e9a5b576a5ed4724240bfa23884e53e7ae704afeb48cf419f", "data": {"tx_id": "TXN-4FE994E8", "student_id": "STU66062", "amount": 90000.0, "channel": "Wallet", "timestamp": "2026-05-11T17:10:13.060738"}}
{"prev_hash": "6b5bbcba4359e79d9fbb76679b0421a54c7b38dfd67d85cae22f3afde941aee8", "data": {"tx_id": "TXN-4BBCCE0F", "student_id": "STU28019", "amount": 59000.0, "channel": "Wallet", "timestamp": "2026-05-10T10:52:13.060738"}}
{"prev_hash": "1922c822169781488aaf1e307237e0d0a1d03cad17536e1cd64d98eae99c2e7e", "data": {"tx_id": "TXN-B829A938", "student_id": "STU32283", "amount": 343000.0, "channel": "Wallet", "timestamp": "2026-05-08T02:58:13.060738"}}
{"prev_hash": "e6841bf63a4de34c761b53027add5033ca689a1c669773aed816b76224026c66", "data": {"tx_id": "TXN-6CBCE708", "student_id": "STU38352", "amount": 371000.0, "channel": "Bank", "timestamp": "2026-05-07T05:58:13.060738"}}
{"prev_hash": "b272f1f11a1362da0851e5e3a6b7adcf4fa86a5a1e1155d76fcea5a17e9ab754", "data": {"tx_id": "TXN-886558C0", "student_id": "STU17866", "amount": 150000.0, "channel": "Bank", "timestamp": "2026-05-08T16:15:13.060738"}}
{"prev_hash": "d46b601cfe058e013c72d30da1150920335292283ce0ecf95feb45e7f30d6a41", "data": {"tx_id": "TXN-8B66AFE6", "student_id": "STU95458", "amount": 414000.0, "channel": "Wallet", "timestamp": "2026-05-05T18:43:13.060738"}}
{"prev_hash": "c8e62e27a3d65d020f7a9dd1a71cd671cccdd0e758b1e6fe0d3a1e75a4708615", "data": {"tx_id": "TXN-E1D19D6A", "student_id": "STU64426", "amount": 287000.0, "channel": "Wallet", "timestamp": "2026-05-05T14:19:13.060738"}}
{"prev_hash": "d4ba495be65586d03b39f6742fcfd98418270276b054e61f49e74f447767e67f", "data": {"tx_id": "TXN-82D10702", "student_id": "STU42290", "amount": 182000.0, "channel": "Wallet", "timestamp": "2026-05-07T12:44:13.060738"}}
{"prev_hash": "6c2ec963eaffdb7ab46baf83ead309668440aadd38f79160849552581439c8f2", "data": {"tx_id": "TXN-F7450747", "student_id": "STU16010", "amount": 284000.0, "channel": "Wallet", "timestamp": "2026-05-11T01:10:13.060738"}}
{"prev_hash": "386256d4317c8c87553c6b15d31ef61d2d21693bd41eee63292f7ba3599aae33", "data": {"tx_id": "TXN-C8BCA528", "student_id": "STU42253", "amount": 457000.0, "channel": "Wallet", "timestamp": "2026-05-11T13:01:13.060738"}}
{"prev_hash": "708d490fc7a1861f63d1e49edd8635e6ffa76acc11eda0c9c99e2f68bcae0ab7", "data": {"tx_id": "TXN-4C22B0CD", "student_id": "STU66289", "amount": 141000.0, "channel": "Wallet", "timestamp": "2026-05-05T18:55:13.060738"}}
{"prev_hash": "ddab3a3a72dbc273c03ac2b9e8c067589dde257cd0ba273869f9ec92ad175286", "data": {"tx_id": "TXN-6208CFF5", "student_id": "STU24971", "amount": 132000.0, "channel": "Wallet", "timestamp": "2026-05-09T10:24:13.060738"}}
{"prev_hash": "e47b8be31072a758d2ec8362e7524c39f82d938db6e713390a47263422cd879b", "data": {"tx_id": "TXN-0FCA092E", "student_id": "STU87597", "amount": 332000.0, "channel": "Wallet", "timestamp": "2026-05-06T20:22:13.060738"}}
{"prev_hash": "c6af851858ae379dab83cb2099a5e1df95d83cafeb9e5f58e29a48de89f226b0", "data": {"tx_id": "TXN-38CB6058", "student_id": "STU95818", "amount": 253000.0, "channel": "Wallet", "timestamp": "2026-05-05T10:45:13.060738"}}
{"prev_hash": "0cc1e8d2356fcd406129c1e42fcaa62a83914435c97c3475f5d5639bd061aa57", "data": {"tx_id": "TXN-F04D50F8", "student_id": "STU91250", "amount": 372000.0, "channel": "Bank", "timestamp": "2026-05-10T05:41:13.060738"}}
{"prev_hash": "ca9d2ed17bf624baf1c2b846a091d7a5ba07040dfebf97e085c913181dbdbbb2", "data": {"tx_id": "TXN-386127B0", "student_id": "STU75268", "amount": 268000.0, "channel": "Wallet", "timestamp": "2026-05-10T05:39:13.060738"}}
{"prev_hash": "297b56f51b06ba545c49b0289e65ceb780d128de36af28c09f0e8f084ae1c3d3", "data": {"tx_id": "TXN-17DB4420", "student_id": "STU41245", "amount": 169000.0, "channel": "Bank", "timestamp": "2026-05-10T08:18:13.060738"}}
{"prev_hash": "83af4db753c34a60a15d01a1eb127d1a5bc1aa96ce2d282d843899e1c55f3664", "data": {"tx_id": "TXN-1CF85AEC", "student_id": "STU93071", "amount": 403000.0, "channel": "Wallet", "timestamp": "2026-05-07T04:14:13.060738"}}
{"prev_hash": "762a0a736cad922114cceadaf9cfebfb02f3ac61ec2d5a924da2693a7f87ec73", "data": {"tx_id": "TXN-27477326", "student_id": "STU97850", "amount": 231000.0, "channel": "Bank", "timestamp": "2026-05-11T09:56:13.060738"}}
{"prev_hash": "b3a5c4f68777551090fd9b945964bdba9d00a4348d2827c361c89b0bd7166510", "data": {"tx_id": "TXN-F4DB53BC", "student_id": "STU99139", "amount": 271000.0, "channel": "Bank", "timestamp": "2026-05-08T04:53:13.060738"}}
{"prev_hash": "536a1f9d1d2094b59211fa42af2e3abb7555c5f62329c6599567bb0fc6c5437f", "data": {"tx_id": "TXN-9E4AFE72", "student_id": "STU92377", "amount": 269000.0, "channel": "Wallet", "timestamp": "2026-05-10T09:09:13.060738"}}
{"prev_hash": "1ed8a4644e2585648bf3bf011a955b0ccfedf51dfac564feb9a6fdadda7bdba0", "data": {"tx_id": "TXN-6836510A", "student_id": "STU59957", "amount": 294000.0, "channel": "Wallet", "timestamp": "2026-05-09T00:27:13.060738"}}
{"prev_hash": "f6b7ef09d85eb774c72e89d115d8ebe2568cb8bfe6c01c3fa0ceb582103d1d9d", "data": {"tx_id": "TXN-22FFBAB7", "student_id": "STU82358", "amount": 277000.0, "channel": "Wallet", "timestamp": "2026-05-10T13:56:13.060738"}}
{"prev_hash": "25a842b8f1296cffb5a5f6f5824a47cd7de7f62d6f354c75b34f23347f0f7aa2", "data": {"tx_id": "TXN-0D94FF83", "student_id": "STU73362", "amount": 231000.0, "channel": "Wallet", "timestamp": "2026-05-08T10:14:13.060738"}}
{"prev_hash": "d740d3b2404238319b72e0af915912ea3f56a49e7ad92b528904efec6f24b969", "data": {"tx_id": "TXN-A0ECAB63", "student_id": "STU78285", "amount": 112000.0, "channel": "Wallet", "timestamp": "2026-05-05T09:16:13.060738"}}
{"prev_hash": "034f599868400e516c3755f0f5b3ee46e4dc5d1909b61a4091725187c147ffaa", "data": {"tx_id": "TXN-826CE965", "student_id": "STU44419", "amount": 126000.0, "channel": "Wallet", "timestamp": "2026-05-10T17:16:13.060738"}}
{"prev_hash": "255962783da650ff581f8a0989c9f712cd5e06938222b9c1b5922255a905ad10", "data": {"tx_id": "TXN-256E07AF", "student_id": "STU74638", "amount": 394000.0, "channel": "Wallet", "timestamp": "2026-05-07T10:50:13.060738"}}
{"prev_hash": "a1978e95cee7056395e8a3a280cba16c6f486052ee5fe22bb677a78194c599d3", "data": {"tx_id": "TXN-847BA833", "student_id": "STU59517", "amount": 176000.0, "channel": "Wallet", "timestamp": "2026-05-11T15:09:13.060738"}}
{"prev_hash": "9a5d03062c8c2eaf624a7879dd54c91ea8e2174270dab477db2b39dc196e0a51", "data": {"tx_id": "TXN-93337BB8", "student_id": "STU61901", "amount": 411000.0, "channel": "Bank", "timestamp": "2026-05-08T12:36:13.060738"}}
{"prev_hash": "9fcac279dd2d7757650e9e394e762a77572a0af23c22ec1ed974091f31bd61de", "data": {"tx_id": "TXN-F0AD60E4", "student_id": "STU57202", "amount": 155000.0, "channel": "Wallet", "timestamp": "2026-05-07T18:47:13.060738"}}
{"prev_hash": "5c92463f6ca1731fe5bb0bf3332387b77e0d500bdadcdfc7c5e1c5972c952161", "data": {"tx_id": "TXN-70269B87", "student_id": "STU40583", "amount": 386000.0, "channel": "Bank", "timestamp": "2026-05-07T09:43:13.060738"}}
{"prev_hash": "47ffd992416bb343aba9842a3b8b36c762b6bcbbd417699f297cfaea7befffb9", "data": {"tx_id": "TXN-D66DAAE1", "student_id": "STU88168", "amount": 390000.0, "channel": "Wallet", "timestamp": "2026-05-05T19:16:13.060738"}}
{"prev_hash": "04e898b5d36ac12f3d326847b181f3e0acd33a820f0f701d1ab414db56cc524e", "data": {"tx_id": "TXN-C2B487D4", "student_id": "STU42640", "amount": 59000.0, "channel": "Bank", "timestamp": "2026-05-10T08:15:13.060738"}}
{"prev_hash": "25f1ec90df05517017a63ef0530d72710f015259393b5905025f9569eaaaad99", "data": {"tx_id": "TXN-FC9B195B", "student_id": "STU73753", "amount": 274000.0, "channel": "Bank", "timestamp": "2026-05-05T08:19:13.060738"}}
{"prev_hash": "4ec6de82d8a5e8604c5dc4a8d08e6e5de7e1324266c887249b3b952dfccc5cb2", "data": {"tx_id": "TXN-CEBDE5E2", "student_id": "STU51241", "amount": 439000.0, "channel": "Bank", "timestamp": "2026-05-05T05:28:13.060738"}}
{"prev_hash": "4f5d0da440a8756de006678eb30e7abc0a8724462f908cf12f4e9dbb8f518f12", "data": {"tx_id": "TXN-00C72A02", "student_id": "STU22478", "amount": 179000.0, "channel": "Bank", "timestamp": "2026-05-11T06:49:13.060738"}}
{"prev_hash": "188f3e786087781f502f8b43c6cb6601724bc6c42d5cba9f03d024b3194c4230", "data": {"tx_id": "TXN-A8779F4A", "student_id": "STU46139", "amount": 177000.0, "channel": "Wallet", "timestamp": "2026-05-11T16:10:13.060738"}}
{"prev_hash": "72f92da2cd136ad819ce157993e7cae12cace7dd6a1f59d45e249d8a79211b5d", "data": {"tx_id": "TXN-CDAED6B6", "student_id": "STU31034", "amount": 117000.0, "channel": "Bank", "timestamp": "2026-05-05T23:48:13.060738"}}
{"prev_hash": "11bc9702fb9827405ebc3f1405e706d34c27adcca0ba7d0eb5537f8ff75a4cf0", "data": {"tx_id": "TXN-C67F2ADC", "student_id": "STU39746", "amount": 434000.0, "channel": "Bank", "timestamp": "2026-05-06T05:59:13.060738"}}
{"prev_hash": "4527b4603ac9b68474e5bbb58b211f4311ddfd6907f9c8525901821f6dd58a7a", "data": {"tx_id": "TXN-777EC1C1", "student_id": "STU58663", "amount": 188000.0, "channel": "Wallet", "timestamp": "2026-05-11T05:38:13.060738"}}
{"prev_hash": "4f067485344749ddd3f4377cc3404db30f95431aa3c3289db2edd4a45f7bf382", "data": {"tx_id": "TXN-C978484C", "student_id": "STU55678", "amount": 262000.0, "channel": "Wallet", "timestamp": "2026-05-08T21:56:13.060738"}}
{"prev_hash": "6ba0c4c0d107bf8f1068288abddbd9ae12776fdee9773491941f5a7008f99e4c", "data": {"tx_id": "TXN-FDE6E743", "student_id": "STU74190", "amount": 127000.0, "channel": "Wallet", "timestamp": "2026-05-07T04:34:13.060738"}}
{"prev_hash": "b0fdb288bd6d750bde27def111f9c2faad5a0c88bf0c892dda4b23e5705c4ebf", "data": {"tx_id": "TXN-D24887D3", "student_id": "STU90548", "amount": 82000.0, "channel": "Bank", "timestamp": "2026-05-06T15:06:13.060738"}}
{"prev_hash": "0334797e6d68fea158329ed7447f2474b6a485899f8d4d45931259b4de775933", "data": {"tx_id": "TXN-31875901", "student_id": "STU86509", "amount": 367000.0, "channel": "Wallet", "timestamp": "2026-05-08T03:21:13.060738"}}
{"prev_hash": "7d182f0bad8c2771662ab02a9f89f2b0011dd5f79d3d28c6536a06ebf0eee8c6", "data": {"tx_id": "TXN-04802361", "student_id": "STU63884", "amount": 86000.0, "channel": "Wallet", "timestamp": "2026-05-06T09:50:13.060738"}}
{"prev_hash": "412e9af43eb0c1ab96722d080ca2d61a6b82cef6e24c16242cd7b685f4c5f2dc", "data": {"tx_id": "TXN-96489C34", "student_id": "STU15679", "amount": 468000.0, "channel": "Bank", "timestamp": "2026-05-09T21:11:13.060738"}}
{"prev_hash": "3a84a30883110275c537682255e8a289ac3e60ebf0da7ac651c98d640b971ad4", "data": {"tx_id": "TXN-9B2A5ADC", "student_id": "STU32702", "amount": 401000.0, "channel": "Wallet", "timestamp": "2026-05-10T00:39:13.060738"}}
{"prev_hash": "d4de32470f9d2acc1574cc86e18f6b2bae222fc069b3a066d1ce8807e1ccbe35", "data": {"tx_id": "TXN-45F4BEAA", "student_id": "STU28041", "amount": 283000.0, "channel": "Wallet", "timestamp": "2026-05-06T20:47:13.060738"}}
{"prev_hash": "7337101e22d84406ce19e7fb0553f8f1de85ef7fb823f1fb44e7ef248d3da2ef", "data": {"tx_id": "TXN-F87E7E3B", "student_id": "STU30245", "amount": 381000.0, "channel": "Bank", "timestamp": "2026-05-05T23:24:13.060738"}}
{"prev_hash": "669490889569424a71ef1ed67c59f04453cac72942fa35aadfb61e60857362da", "data": {"tx_id": "TXN-4293E079", "student_id": "STU86353", "amount": 58000.0, "channel": "Wallet", "timestamp": "2026-05-10T18:00:13.060738"}}
{"prev_hash": "5719c70f039e321ac95c1c3d6f6a185b63d5b054e6fd24ae3fc7317915603901", "data": {"tx_id": "TXN-57A83B5C", "student_id": "STU80095", "amount": 476000.0, "channel": "Bank", "timestamp": "2026-05-11T08:34:13.060738"}}
{"prev_hash": "0502c533eef103844300be7f35fa25ac7f2158448edb39599f181c3f75d8e448", "data": {"tx_id": "TXN-08289B8B", "student_id": "STU43683", "amount": 140000.0, "channel": "Bank", "timestamp": "2026-05-08T12:01:13.060738"}}
{"prev_hash": "14c2dc536f13467179eb71d58677d513d3c04a9cd2071b0a9320f3b07fa47eb2", "data": {"tx_id": "TXN-851A64CB", "student_id": "STU59167", "amount": 379000.0, "channel": "Bank", "timestamp": "2026-05-09T05:44:13.060738"}}
{"prev_hash": "304cb19d4918328b33ecbb813e26c3bbf03df719cee9942d13def3d60a32e96f", "data": {"tx_id": "TXN-41280D50", "student_id": "STU14803", "amount": 283000.0, "channel": "Wallet", "timestamp": "2026-05-07T00:39:13.060738"}}
{"prev_hash": "21f7e705d7da908d0b541ecdf94ab5075caa6811f44f71b7012266cd19e8e1a2", "data": {"tx_id": "TXN-0D47E439", "student_id": "STU65811", "amount": 102000.0, "channel": "Bank", "timestamp": "2026-05-05T06:33:13.060738"}}
{"prev_hash": "6f1d511e20a54dea85e5eeea13b3d0e19e4b669827c9c4850d56305294d2082f", "data": {"tx_id": "TXN-116BAC65", "student_id": "STU90236", "amount": 432000.0, "channel": "Wallet", "timestamp": "2026-05-08T16:52:13.060738"}}
{"prev_hash": "b38276c03df3d548f3b2ff95d7366bbd9c72ab8f7d64bba5e526a03f6498191e", "data": {"tx_id": "TXN-8A41DC5E", "student_id": "STU57575", "amount": 165000.0, "channel": "Bank", "timestamp": "2026-05-05T21:54:13.060738"}}
{"prev_hash": "168deaf8bfba513dc79b7bee1b31bc3dcbd13031d6e46446d6e10e74412dd0d2", "data": {"tx_id": "TXN-F1F8FBDE", "student_id": "STU66044", "amount": 187000.0, "channel": "Bank", "timestamp": "2026-05-09T21:11:13.060738"}}
{"prev_hash": "b312f63d29cd7c58806501c48e1737a13db27ac35c8ebd757326983747a770c1", "data": {"tx_id": "TXN-CB377825", "student_id": "STU64237", "amount": 201000.0, "channel": "Bank", "timestamp": "2026-05-05T09:34:13.060738"}}
{"prev_hash": "efdc9cb04d04e51fc26d4d1f349d8645dada4433e4aa7de1cbd75f1975087983", "data": {"tx_id": "TXN-E3F3E754", "student_id": "STU54570", "amount": 61000.0, "channel": "Bank", "timestamp": "2026-05-08T07:35:13.060738"}}
{"prev_hash": "18a5ba216713c4b9ec73d5f9a1958001664e65f3f4b85c8bf16a5c0a0a7e1b17", "data": {"tx_id": "TXN-3FF542E4", "student_id": "STU33555", "amount": 71000.0, "channel": "Wallet", "timestamp": "2026-05-10T18:11:13.060738"}}
{"prev_hash": "fb8623b6711b7ebd528e88a54f47b9c450a6c3dadfdf4339e9e688c6295d116b", "data": {"tx_id": "TXN-B26DF8E1", "student_id": "STU98933", "amount": 71000.0, "channel": "Wallet", "timestamp": "2026-05-08T14:24:13.060738"}}
{"prev_hash": "9f521f0e357f137092bed1098d3ff251f977cfd5fc42837e28c558a62eacfc1a", "data": {"tx_id": "TXN-4E6D87C6", "student_id": "STU77310", "amount": 53000.0, "channel": "Bank", "timestamp": "2026-05-11T18:19:13.060738"}}
{"prev_hash": "67290e9c30ba87b35b4918550205422ef8f5924ed97968268e5a8876ad11e3e4", "data": {"tx_id": "TXN-CDE3C8EA", "student_id": "STU45695", "amount": 105000.0, "channel": "Wallet", "timestamp": "2026-05-05T02:55:13.060738"}}
{"prev_hash": "e8c789e268f95b38d698b9a8f271bfd844cfa1e550910f31ae23ed237dd73b30", "data": {"tx_id": "TXN-18BAE5C0", "student_id": "STU25611", "amount": 179000.0, "channel": "Bank", "timestamp": "2026-05-06T02:41:13.060738"}}
{"prev_hash": "cb727181156232890751693dc27ac420532c501cfa99d3c0c79c96094dce9291", "data": {"tx_id": "TXN-1CE64279", "student_id": "STU32939", "amount": 194000.0, "channel": "Bank", "timestamp": "2026-05-09T19:45:13.060738"}}
{"prev_hash": "4908bfd236da23cdd239e1a3f9fb0df7548a5acf9d95319e39a4a3a4969454d1", "data": {"tx_id": "TXN-406C4359", "student_id": "STU84609", "amount": 357000.0, "channel": "Bank", "timestamp": "2026-05-08T17:33:13.060738"}}
{"prev_hash": "0b155fd9711a9e41fc97a8e0bbac1bba7f4bb710c2d6170d996db0751bbd30eb", "data": {"tx_id": "TXN-525B6563", "student_id": "STU30929", "amount": 396000.0, "channel": "Bank", "timestamp": "2026-05-07T09:33:13.060738"}}
{"prev_hash": "f9bfda6487658e8ea368e2441b4871e4499181dea26a20e9833012c91cc725cf", "data": {"tx_id": "TXN-F65FFD51", "student_id": "STU23878", "amount": 218000.0, "channel": "Bank", "timestamp": "2026-05-05T10:16:13.060738"}}
{"prev_hash": "1327eaf45a8e1b85bd925121020b0ca3d0f961851e8a264303acefef276c7ce6", "data": {"tx_id": "TXN-6040D9E9", "student_id": "STU54570", "amount": 140000.0, "channel": "Bank", "timestamp": "2026-05-11T11:48:13.060738"}}
{"prev_hash": "2c0be7d00ee267e3eb71b2a9ef1c1569066b2feddfed3f97f382d121e09f700f", "data": {"tx_id": "TXN-40D715DB", "student_id": "STU76214", "amount": 166000.0, "channel": "Wallet", "timestamp": "2026-05-05T01:36:13.060738"}}
{"prev_hash": "6445bbd490e336add1ec2d9d86720f69bec707e576ec803d37296f11043a456f", "data": {"tx_id": "TXN-63566AB3", "student_id": "STU76789", "amount": 151000.0, "channel": "Wallet", "timestamp": "2026-05-05T10:51:13.060738"}}
{"prev_hash": "99f6bc36b4bcce31a15284f0d742ae4356da7575e5fd848ae6af66a4fa873c40", "data": {"tx_id": "TXN-AAF63F49", "student_id": "STU67265", "amount": 401000.0, "channel": "Wallet", "timestamp": "2026-05-06T21:24:13.060738"}}
{"prev_hash": "a068163d65d2188d31e009546afde4f1f2e0bb3bb3aa8d70e3a325293446245f", "data": {"tx_id": "TXN-82AC3DF0", "student_id": "STU49920", "amount": 315000.0, "channel": "Bank", "timestamp": "2026-05-07T18:37:13.060738"}}
{"prev_hash": "47b6283860593d57905c007c7214124f02e270d9e42678c4a9effe8cab1caf94", "data": {"tx_id": "TXN-2AE21296", "student_id": "STU36520", "amount": 130000.0, "channel": "Wallet", "timestamp": "2026-05-07T11:37:13.060738"}}
{"prev_hash": "766c15f26d9d8845de88cd2921534a7c66f721719f1a05627701489cbb9053c9", "data": {"tx_id": "TXN-A1B50A36", "student_id": "STU43647", "amount": 106000.0, "channel": "Wallet", "timestamp": "2026-05-10T05:48:13.060738"}}
{"prev_hash": "c3798e3e295c7cac888f18235eb79d14cdd5035bda26a1b008b77a067eb67f8b", "data": {"tx_id": "TXN-299F2F02", "student_id": "STU36370", "amount": 446000.0, "channel": "Bank", "timestamp": "2026-05-07T04:17:13.060738"}}
{"prev_hash": "161cfdd630b0dac69a182db0c2810c8a80337a1bc92ebceb8408cdde21e8c75f", "data": {"tx_id": "TXN-2697F165", "student_id": "STU80934", "amount": 134000.0, "channel": "Bank", "timestamp": "2026-05-05T23:05:13.060738"}}
{"prev_hash": "723c3243622861b6e18bfc2b1ee56018f335951bf1aff0591e840eef39d6eded", "data": {"tx_id": "TXN-ABE9F8F7", "student_id": "STU53263", "amount": 213000.0, "channel": "Bank", "timestamp": "2026-05-08T09:03:13.060738"}}
{"prev_hash": "189d1135ce9776fefea12d10963fd444a9820a28c2e3a3768e10f24f479f4206", "data": {"tx_id": "TXN-934DAB61", "student_id": "STU50299", "amount": 50000.0, "channel": "Bank", "timestamp": "2026-05-10T07:33:13.060738"}}
{"prev_hash": "c5ac443be64b3e5d9fd9e4f7e6ab2d72b1c647cb3dfc84f9e11eac73898ff312", "data": {"tx_id": "TXN-B6AAC5B2", "student_id": "STU66080", "amount": 271000.0, "channel": "Bank", "timestamp": "2026-05-05T12:20:13.060738"}}
{"prev_hash": "105798ee0edcc68812a90face7f508583ef5d5d1a06ccd9d7da3469e29d6a2d3", "data": {"tx_id": "TXN-B277796B", "student_id": "STU31637", "amount": 170000.0, "channel": "Bank", "timestamp": "2026-05-08T09:04:13.060738"}}
{"prev_hash": "19a4ccdcfd2e7a4cbae8f7ad3e765bac6aaa05ca81590fb2c4ae894236c506e6", "data": {"tx_id": "TXN-9D72BFFB", "student_id": "STU41258", "amount": 245000.0, "channel": "Wallet", "timestamp": "2026-05-08T19:00:13.060738"}}
{"prev_hash": "395bde15c739602fcdf91573346a4db43d664ce5009a6f2d27877fc8eebb32d7", "data": {"tx_id": "TXN-0FC02DD9", "student_id": "STU45357", "amount": 77000.0, "channel": "Bank", "timestamp": "2026-05-10T01:39:13.060738"}}
{"prev_hash": "d5d44ca16a6c3dc2304071a67cecfe8909b7136aa2d3365a85d8c098b98e49ff", "data": {"tx_id": "TXN-F190A29C", "student_id": "STU71372", "amount": 318000.0, "channel": "Wallet", "timestamp": "2026-05-09T09:00:13.060738"}}
{"prev_hash": "9c674e8fca45dc41c811ef3f42bfdc65e19b8c973c56621a8be3fa7125aecda1", "data": {"tx_id": "TXN-63781DD2", "student_id": "STU66327", "amount": 486000.0, "channel": "Wallet", "timestamp": "2026-05-08T00:17:13.060738"}}
{"prev_hash": "dbb8989d0242eb0ebb9c90a481bcf740c4746b68a81a1d03bd4307610f681874", "data": {"tx_id": "TXN-4E8A1730", "student_id": "STU44893", "amount": 348000.0, "channel": "Wallet", "timestamp": "2026-05-10T02:22:13.060738"}}
{"prev_hash": "745c43de76c99407f2cc82065394c99e348298a4357a80a5dc38f81fa9527fbf", "data": {"tx_id": "TXN-6A722AE7", "student_id": "STU51744", "amount": 369000.0, "channel": "Wallet", "timestamp": "2026-05-10T10:49:13.060738"}}
{"prev_hash": "86d51ea009067c00006d24bb8d1a05ef165fec4d5e147179055af17f6f06a585", "data": {"tx_id": "TXN-9D1EA784", "student_id": "STU56674", "amount": 92000.0, "channel": "Wallet", "timestamp": "2026-05-05T02:34:13.060738"}}
{"prev_hash": "bfda50e100b590e39839fd69471cdc19969108a5e95439b74ab5602a2b3496d7", "data": {"tx_id": "TXN-D7B03BC4", "student_id": "STU73300", "amount": 121000.0, "channel": "Wallet", "timestamp": "2026-05-06T14:19:13.060738"}}
{"prev_hash": "b2367989bea1f1b450aab58520878adfc67e2f5f37dfc94209797e56309d1183", "data": {"tx_id": "TXN-1C36B0A9", "student_id": "STU96153", "amount": 279000.0, "channel": "Bank", "timestamp": "2026-05-07T05:58:13.060738"}}
{"prev_hash": "d81ebce0d4d6e8fc2889f187adf61c35e74137659b0375094f1a1f2ccc45251f", "data": {"tx_id": "TXN-D9185287", "student_id": "STU39667", "amount": 166000.0, "channel": "Wallet", "timestamp": "2026-05-06T05:34:13.060738"}}
{"prev_hash": "33250e443fdac57ed5f5f64765ff954a6bac7fbadae337d1593147d61a9e2862", "data": {"tx_id": "TXN-DD1108FD", "student_id": "STU94067", "amount": 128000.0, "channel": "Bank", "timestamp": "2026-05-07T23:15:13.060738"}}
{"prev_hash": "8c61b57120ad895d6aa77b3cefa02020d96db1fd708637d407756205083b01c3", "data": {"tx_id": "TXN-E59BB23C", "student_id": "STU53944", "amount": 396000.0, "channel": "Bank", "timestamp": "2026-05-10T05:28:13.060738"}}
{"prev_hash": "73e49c33f3c3bed8f0f53c1ddb9c16a61f4df9fb5845af3ca97c0f04354eb737", "data": {"tx_id": "TXN-C2AB12F3", "student_id": "STU85603", "amount": 262000.0, "channel": "Bank", "timestamp": "2026-05-09T11:00:13.060738"}}
{"prev_hash": "b1666dcc3d36925ba4bceda1c9556e71237e41f6767a1570c77c8bbbe502240c", "data": {"tx_id": "TXN-50CEE966", "student_id": "STU72386", "amount": 334000.0, "channel": "Wallet", "timestamp": "2026-05-11T09:44:13.060738"}}
{"prev_hash": "41b1b26aa70bf0533ab5dccff09e335d85bb8d12c9256499d1bb608e80c3a0cc", "data": {"tx_id": "TXN-1878104B", "student_id": "STU13680", "amount": 453000.0, "channel": "Bank", "timestamp": "2026-05-10T08:34:13.060738"}}
{"prev_hash": "8a5185a3e833c6434dfbecf6c431672257e097463d9b4873683cfd42515399a3", "data": {"tx_id": "TXN-52BFB0D4", "student_id": "STU23680", "amount": 91000.0, "channel": "Bank", "timestamp": "2026-05-08T02:05:13.060738"}}
{"prev_hash": "e0eb62f014e66a822c448acb855cac9fa34000b34ee7e6233cf496d42ba651ca", "data": {"tx_id": "TXN-9B36EE15", "student_id": "STU37570", "amount": 218000.0, "channel": "Wallet", "timestamp": "2026-05-05T01:25:13.060738"}}
{"prev_hash": "7d854e20b69859e1d662984128bdd1089d8147d22f4e0f762ebfa198231ae438", "data": {"tx_id": "TXN-9C903A75", "student_id": "STU79984", "amount": 370000.0, "channel": "Bank", "timestamp": "2026-05-08T22:16:13.060738"}}
{"prev_hash": "96b40c6333564be5adbeb2d1231f57a0f8951a6b99bbed54ca1e7bbc2e81c887", "data": {"tx_id": "TXN-5E0E332E", "student_id": "STU30495", "amount": 115000.0, "channel": "Wallet", "timestamp": "2026-05-10T15:59:13.060738"}}
{"prev_hash": "cfdc6c740a3a33acaae14d3532179c09ede78973e9f9648fe4d60dda79b35802", "data": {"tx_id": "TXN-FFCE6D77", "student_id": "STU92690", "amount": 385000.0, "channel": "Bank", "timestamp": "2026-05-10T01:45:13.060738"}}
{"prev_hash": "9ec8fd7fb6c54a6a442bf5efc7058c12ed6ac7fa16dd625b834ab93629bb737a", "data": {"tx_id": "TXN-F9D2B6F4", "student_id": "STU48436", "amount": 79000.0, "channel": "Wallet", "timestamp": "2026-05-05T13:50:13.060738"}}
{"prev_hash": "e8a3b3ac8eff63fb664fe50066d36bc278e2d9d6cd5bd118e85acb65a0a156df", "data": {"tx_id": "TXN-059B33A2", "student_id": "STU76513", "amount": 327000.0, "channel": "Wallet", "timestamp": "2026-05-07T04:58:13.060738"}}
{"prev_hash": "a50fa910fd2b5b2affedcdef518d190a01a3ddc4ba4acb7d5b12d6de1f6d529a", "data": {"tx_id": "TXN-395FC1AC", "student_id": "STU94224", "amount": 242000.0, "channel": "Bank", "timestamp": "2026-05-10T14:45:13.060738"}}
{"prev_hash": "bf75eb4a1122f07f9b337d302525c33591a2cb8029c37f3a71ac1a4bf358eac5", "data": {"tx_id": "TXN-AAA3D946", "student_id": "STU80304", "amount": 242000.0, "channel": "Wallet", "timestamp": "2026-05-10T17:34:13.060738"}}
{"prev_hash": "9a029f62c83f6b0f05f94fdbff8603b0a50f726ebf11bd289a7ad1bbabbc0e9f", "data": {"tx_id": "TXN-3D8119E0", "student_id": "STU20625", "amount": 249000.0, "channel": "Bank", "timestamp": "2026-05-11T05:26:13.060738"}}
{"prev_hash": "d21a97d45a78e49c4fb142acb985308e31a39ac0099645ec419a99350b7c92b8", "data": {"tx_id": "TXN-D0FFAAAD", "student_id": "STU26812", "amount": 367000.0, "channel": "Bank", "timestamp": "2026-05-09T03:30:13.060738"}}
{"prev_hash": "62e80bed796ffabe239e0b03545b37fb5c8d0467298f538e54738ba7b3dc99cd", "data": {"tx_id": "TXN-0589E37B", "student_id": "STU12553", "amount": 348000.0, "channel": "Bank", "timestamp": "2026-05-07T21:13:13.060738"}}
{"prev_hash": "a81dabb85838afb9b0deabcc65eec00ad4aa1c36827463f26091eb9d0a0f90e3", "data": {"tx_id": "TXN-0CA9E509", "student_id": "STU60768", "amount": 281000.0, "channel": "Bank", "timestamp": "2026-05-07T21:05:13.060738"}}
{"prev_hash": "8fe7aeb5630d7288563fd3f36cc267cdcd2e380e7a3bd41d9c00289aeb29067a", "data": {"tx_id": "TXN-43307D3D", "student_id": "STU61103", "amount": 305000.0, "channel": "Wallet", "timestamp": "2026-05-07T04:35:13.060738"}}
{"prev_hash": "17b4a61e5f6745624d2f595184b8dbe831faf58958855e55f00d3e2de566af4d", "data": {"tx_id": "TXN-32217A3C", "student_id": "STU26164", "amount": 90000.0, "channel": "Wallet", "timestamp": "2026-05-09T16:08:13.060738"}}
{"prev_hash": "0ea25b536372ba0b547897a7b6b67f661a761281f7bc3ba40fe995415e32bc3d", "data": {"tx_id": "TXN-9FA95BB3", "student_id": "STU65583", "amount": 52000.0, "channel": "Wallet", "timestamp": "2026-05-05T15:06:13.060738"}}
{"prev_hash": "b0fe71d9932949378d5e754b22c07f23a752409b5be78f02d2ab566987dc1ffd", "data": {"tx_id": "TXN-F5A2C693", "student_id": "STU15032", "amount": 322000.0, "channel": "Bank", "timestamp": "2026-05-10T15:47:13.060738"}}
{"prev_hash": "0b1126cc6e9e28a64e90a64bc7c7418636e6d928b4e950b4f23368dde036fdd0", "data": {"tx_id": "TXN-E4D33E3F", "student_id": "STU81342", "amount": 314000.0, "channel": "Wallet", "timestamp": "2026-05-06T02:12:13.060738"}}
{"prev_hash": "b662074afa973f03b3709c787c2ab5084cb6cb79fa87aaa80da7152c8e1fd720", "data": {"tx_id": "TXN-8415BA63", "student_id": "STU85576", "amount": 116000.0, "channel": "Bank", "timestamp": "2026-05-09T11:00:13.060738"}}
{"prev_hash": "4cd65d91f4366056de769cd577ba17681d2f741b51e3f22966389643ed9bd1d4", "data": {"tx_id": "TXN-0132C9EA", "student_id": "STU24302", "amount": 166000.0, "channel": "Bank", "timestamp": "2026-05-09T19:15:13.060738"}}
{"prev_hash": "c215262e655bbb229a6857e4ed5cb83ae9b71c578411c44b5e27b43cbc704ae2", "data": {"tx_id": "TXN-97F72633", "student_id": "STU60298", "amount": 75000.0, "channel": "Wallet", "timestamp": "2026-05-08T15:36:13.060738"}}
{"prev_hash": "e426f2f0023a1c276f91a423ffd32a6ee5980b634cb973fd23d4fd7cb98fb045", "data": {"tx_id": "TXN-889DADB2", "student_id": "STU86456", "amount": 293000.0, "channel": "Bank", "timestamp": "2026-05-07T18:38:13.060738"}}
{"prev_hash": "7414f73b701f4e65e5b972c6371afe5feef2443cb06a66545ead2a7511d5ef21", "data": {"tx_id": "TXN-1D389702", "student_id": "STU36560", "amount": 196000.0, "channel": "Wallet", "timestamp": "2026-05-09T08:15:13.060738"}}
{"prev_hash": "bfd884aaf8785c1992b24d1a0c52a6a2ad8714ce0b0daabd613d2f4719904e1c", "data": {"tx_id": "TXN-C9388137", "student_id": "STU80629", "amount": 129000.0, "channel": "Wallet", "timestamp": "2026-05-06T22:50:13.060738"}}
{"prev_hash": "57aebf7fffbce41a4d36cd44a17e9d85b70169c55930412161a05eddccc0a52f", "data": {"tx_id": "TXN-FAA88635", "student_id": "STU90849", "amount": 301000.0, "channel": "Wallet", "timestamp": "2026-05-05T18:35:13.060738"}}
{"prev_hash": "3490c7a29033bfda9cb893d720518cfdeb99c9a378eb017092770d8eda171b8a", "data": {"tx_id": "TXN-9281B190", "student_id": "STU87350", "amount": 248000.0, "channel": "Bank", "timestamp": "2026-05-10T02:03:13.060738"}}
{"prev_hash": "2c5e98a9840be1ce4e5cc05ae8f2ab79f8016a984ad8445b68a8cba117a5489a", "data": {"tx_id": "TXN-C3E6C314", "student_id": "STU47955", "amount": 118000.0, "channel": "Wallet", "timestamp": "2026-05-08T00:38:13.060738"}}
{"prev_hash": "04af8d4d569a1a0ab7c0598f4b1d1a9846b091ae9a134c7c1525810bd4fcc0d3", "data": {"tx_id": "TXN-A98D9E33", "student_id": "STU38016", "amount": 180000.0, "channel": "Bank", "timestamp": "2026-05-09T18:50:13.060738"}}
{"prev_hash": "ad87102b61491bc9e163a2554cd68bd5e865f4763b4831a372742b82bf8f0496", "data": {"tx_id": "TXN-1E1BCF5D", "student_id": "STU48169", "amount": 180000.0, "channel": "Bank", "timestamp": "2026-05-10T02:18:13.060738"}}
{"prev_hash": "9cee32a2ca10ff36c7255bdcd55a25dc8a89676fcadd5486bc029d8b56af2c2c", "data": {"tx_id": "TXN-C91E9B22", "student_id": "STU68586", "amount": 113000.0, "channel": "Wallet", "timestamp": "2026-05-06T07:45:13.060738"}}
{"prev_hash": "83e1dbbf7c86f91e63fd6510329e6ff22098d05e305ea5f4132298a805ddeb0c", "data": {"tx_id": "TXN-DB4E7F9A", "student_id": "STU94374", "amount": 301000.0, "channel": "Bank", "timestamp": "2026-05-08T16:53:13.060738"}}
{"prev_hash": "b6b6bda089a7b0ea4d502beca10109b29e09bb3ba002c62fa7d1c0c001841d37", "data": {"tx_id": "TXN-6200609A", "student_id": "STU32179", "amount": 61000.0, "channel": "Wallet", "timestamp": "2026-05-10T18:10:13.060738"}}
{"prev_hash": "c1cdad2868e6d4e68d900f2b92667edf6924cc18e66a2b78d17aa1257b5afb05", "data": {"tx_id": "TXN-DBAF01EE", "student_id": "STU40454", "amount": 82000.0, "channel": "Wallet", "timestamp": "2026-05-09T21:39:13.060738"}}
{"prev_hash": "5b5f14da7dc6b6ee6eecc051a61473bbe7f8a424fee88b3bea472d9284cf741e", "data": {"tx_id": "TXN-AEFE96FD", "student_id": "STU19261", "amount": 476000.0, "channel": "Wallet", "timestamp": "2026-05-10T16:07:13.060738"}}
{"prev_hash": "6efc10676679242adc8b96e975a832dd3249e0ceb864570e71ead246176e6abd", "data": {"tx_id": "TXN-C4960C50", "student_id": "STU83381", "amount": 447000.0, "channel": "Bank", "timestamp": "2026-05-06T11:39:13.060738"}}
{"prev_hash": "606d8718c522b4bd1531a9da6a10402cab9fb1a2738f37c99a3a545919964f27", "data": {"tx_id": "TXN-D58A99DC", "student_id": "STU54265", "amount": 106000.0, "channel": "Bank", "timestamp": "2026-05-08T05:36:13.060738"}}
{"prev_hash": "9ee097c3dcb87a1b8d917599270c90d0dccc8568ca068630b646714e33fb26ef", "data": {"tx_id": "TXN-BB21A367", "student_id": "STU69585", "amount": 125000.0, "channel": "Wallet", "timestamp": "2026-05-06T16:22:13.060738"}}
{"prev_hash": "c976a434c180621b728e5cc22579941b66e4b4faed43b523eaf468954c7bbf62", "data": {"tx_id": "TXN-674CEFA9", "student_id": "STU69588", "amount": 63000.0, "channel": "Wallet", "timestamp": "2026-05-05T09:40:13.060738"}}
{"prev_hash": "263ec2b626e1dd6d3d50c50082d897617d63922133971e75db8cbd05968b67d8", "data": {"tx_id": "TXN-4EDA548C", "student_id": "STU29836", "amount": 412000.0, "channel": "Bank", "timestamp": "2026-05-07T11:21:13.060738"}}
{"prev_hash": "576f00c9c69ed95294a76d12a0cc4cbf9bc7d7325beb89d645b6afe0a8fee2c1", "data": {"tx_id": "TXN-6518297E", "student_id": "STU21144", "amount": 418000.0, "channel": "Bank", "timestamp": "2026-05-10T08:34:13.060738"}}
{"prev_hash": "598b56c06cc58e98b2d8ad3189c3300316b21a21b9096badd72d0b46d8579d7e", "data": {"tx_id": "TXN-8A04C675", "student_id": "STU39457", "amount": 398000.0, "channel": "Bank", "timestamp": "2026-05-06T02:02:13.060738"}}
{"prev_hash": "ee344e20e210c37ee9ee5443366535f70f37a2421ab96552e53ebaf54b8ed754", "data": {"tx_id": "TXN-D8FAECF0", "student_id": "STU32321", "amount": 475000.0, "channel": "Bank", "timestamp": "2026-05-09T22:20:13.060738"}}
{"prev_hash": "55f585909a3ef2df226a14698614aec61fbd356072953ef2ec63239bb8e2ce97", "data": {"tx_id": "TXN-3FA31444", "student_id": "STU42508", "amount": 88000.0, "channel": "Wallet", "timestamp": "2026-05-11T03:35:13.060738"}}
{"prev_hash": "838451a64943c43a0b75e7dd112fabe00d8da68cac8a3bbefc29181a8941d5d4", "data": {"tx_id": "TXN-E7C6F24A", "student_id": "STU15721", "amount": 314000.0, "channel": "Bank", "timestamp": "2026-05-10T06:45:13.060738"}}
{"prev_hash": "68779b23b730ac7c67b29d29eb0cecbc3d67cc32210c1ef7318f14a8b7055d48", "data": {"tx_id": "TXN-6DEA2A2A", "student_id": "STU66081", "amount": 184000.0, "channel": "Bank", "timestamp": "2026-05-05T20:34:13.060738"}}
{"prev_hash": "c9bba6cea56a9f0e494375c477e5473f42fbc150680b84a28602dabd8e504fea", "data": {"tx_id": "TXN-E448F5D3", "student_id": "STU15205", "amount": 346000.0, "channel": "Wallet", "timestamp": "2026-05-10T20:02:13.060738"}}
{"prev_hash": "bb1e56cba9a7596ce3b3565afd5ee788b27984ee610f386861b5f1df22aeb489", "data": {"tx_id": "TXN-6AF3EBA5", "student_id": "STU85217", "amount": 75000.0, "channel": "Wallet", "timestamp": "2026-05-08T05:14:13.060738"}}
{"prev_hash": "241c7cd66e36ce7b076c1edeb8b6c98784607f799a2091b6896b83cc3fe048d7", "data": {"tx_id": "TXN-DC836F8A", "student_id": "STU25509", "amount": 221000.0, "channel": "Bank", "timestamp": "2026-05-06T12:28:13.060738"}}
{"prev_hash": "bb667d18a0230e3a5653dfc55f8ff3c096c2e30bd0e4460db460cb0b36d33529", "data": {"tx_id": "TXN-0826BA53", "student_id": "STU98208", "amount": 92000.0, "channel": "Bank", "timestamp": "2026-05-07T11:17:13.060738"}}
{"prev_hash": "07fb4d8c50c78479821ab7bb6a31a69ed7a1f00086017df84616921e01a5f79d", "data": {"tx_id": "TXN-60541597", "student_id": "STU35330", "amount": 103000.0, "channel": "Wallet", "timestamp": "2026-05-11T02:41:13.060738"}}
{"prev_hash": "49f60179ddbf2713531a51d192e2cb803019303fa35034fffd811105622574d8", "data": {"tx_id": "TXN-39D26FA4", "student_id": "STU20179", "amount": 467000.0, "channel": "Wallet", "timestamp": "2026-05-10T19:47:13.060738"}}
{"prev_hash": "f5db16ef1b24327b00a0da2cd84cd4a8c2896ad17aecb9aafbe4a1ac8a7da916", "data": {"tx_id": "TXN-C559671F", "student_id": "STU77361", "amount": 264000.0, "channel": "Wallet", "timestamp": "2026-05-05T06:25:13.060738"}}
{"prev_hash": "37e1a8c3d5ec74a4a17c1713489a9cd34c43238f9c9e779d4f34063c5d67bb47", "data": {"tx_id": "TXN-55034187", "student_id": "STU43807", "amount": 178000.0, "channel": "Bank", "timestamp": "2026-05-09T14:21:13.060738"}}
{"prev_hash": "7feb3ee99ce544fc9e0dd4efac6e125502dd0652ebf61df0b449b562c7ad454b", "data": {"tx_id": "TXN-B452DAD3", "student_id": "STU84665", "amount": 361000.0, "channel": "Wallet", "timestamp": "2026-05-10T05:49:13.060738"}}
{"prev_hash": "acf46127bcb7f93a7e59f97b84f93663c77bec3c204aca8075e4c84540664ac2", "data": {"tx_id": "TXN-19A79986", "student_id": "STU23133", "amount": 74000.0, "channel": "Wallet", "timestamp": "2026-05-05T15:43:13.060738"}}
{"prev_hash": "ce0e2dd13d01031242abafced86031b922b85ea10d0a5f5580e16df8439ec90d", "data": {"tx_id": "TXN-31317E93", "student_id": "STU31225", "amount": 363000.0, "channel": "Wallet", "timestamp": "2026-05-08T20:47:13.060738"}}
{"prev_hash": "ee2ee6494dd801ac3f1e4d2a2bc851db7eda067e9c969f41209b7bbcdf611d57", "data": {"tx_id": "TXN-7EBB2A1E", "student_id": "STU71736", "amount": 388000.0, "channel": "Bank", "timestamp": "2026-05-08T14:21:13.060738"}}
{"prev_hash": "2a1172aecfa0c74813a19e32b510ec34de2887ca45ff1a12ca535318699898d0", "data": {"tx_id": "TXN-016244CB", "student_id": "STU12671", "amount": 198000.0, "channel": "Wallet", "timestamp": "2026-05-06T18:48:13.060738"}}
{"prev_hash": "a46297be7fce82f00b33b80e18bd9e287319580aeb9fc41412f93b7b6419af11", "data": {"tx_id": "TXN-F34755A6", "student_id": "STU54989", "amount": 327000.0, "channel": "Wallet", "timestamp": "2026-05-09T04:49:13.060738"}}
{"prev_hash": "159b38f9d5ac8094523ab77ad33f6beb1b4cfd38d994b76f6a31e1c9fb307993", "data": {"tx_id": "TXN-2C3ABEE4", "student_id": "STU43847", "amount": 376000.0, "channel": "Wallet", "timestamp": "2026-05-09T08:41:13.060738"}}
{"prev_hash": "269332466ed39865512253aa1341798b8735e87fc76e67e7d382defcdfad0f70", "data": {"tx_id": "TXN-2000FB8B", "student_id": "STU46659", "amount": 278000.0, "channel": "Wallet", "timestamp": "2026-05-08T01:16:13.060738"}}
{"prev_hash": "3d7c4d5e76cb914199562f8c4f6e3bf5456bd52b304ab01b10f2f5cc89a3bd6e", "data": {"tx_id": "TXN-99CDF958", "student_id": "STU70102", "amount": 157000.0, "channel": "Wallet", "timestamp": "2026-05-05T21:26:13.060738"}}
{"prev_hash": "5f111d789d21696c10d1af95c28b9deb218037773a54a32e66e7a39d254b6c1c", "data": {"tx_id": "TXN-D64B6FEB", "student_id": "STU37424", "amount": 253000.0, "channel": "Bank", "timestamp": "2026-05-06T01:38:13.060738"}}
{"prev_hash": "af466fd27195d04547e909016a2874edd4fd3cfd823cac86f0e508c6ed5a4543", "data": {"tx_id": "TXN-76CDBEF1", "student_id": "STU86572", "amount": 387000.0, "channel": "Bank", "timestamp": "2026-05-07T10:41:13.060738"}}
{"prev_hash": "8017a620d6e526384cfe78a576f81f25fa9e623b17433ad6e9666b6b107f9af7", "data": {"tx_id": "TXN-88A0CC0B", "student_id": "STU95843", "amount": 433000.0, "channel": "Wallet", "timestamp": "2026-05-06T13:16:13.060738"}}
{"prev_hash": "fa31a126e64e2ff1dd0244c107c0d39dbbd4fe0bb09afd3a7193bc91cacfeb0a", "data": {"tx_id": "TXN-7934BB53", "student_id": "STU95764", "amount": 195000.0, "channel": "Wallet", "timestamp": "2026-05-05T20:49:13.060738"}}
{"prev_hash": "dd5af371cd7ce25ced41eee79cb262766ea03b7e2971a4fd99dce8829af2cca9", "data": {"tx_id": "TXN-3C3FCC44", "student_id": "STU61302", "amount": 297000.0, "channel": "Wallet", "timestamp": "2026-05-05T00:58:13.060738"}}
{"prev_hash": "452b9bc7811a37f4bf71e85af32f2bf6c5cfbfda661f8e5e38ad9743d7ffd4fb", "data": {"tx_id": "TXN-76931407", "student_id": "STU59113", "amount": 327000.0, "channel": "Wallet", "timestamp": "2026-05-08T13:35:13.060738"}}
{"prev_hash": "f12a99ada22233e277be440f55c16e5cc0c0a8aedbcddaa90b3f049291fdb4aa", "data": {"tx_id": "TXN-F0AED456", "student_id": "STU35607", "amount": 183000.0, "channel": "Wallet", "timestamp": "2026-05-05T11:22:13.060738"}}
{"prev_hash": "1a420a5ae1f1ad208fae3b01ea45402bdee684f3b3e51e281bab30a6a195fad7", "data": {"tx_id": "TXN-80D518E7", "student_id": "STU24316", "amount": 140000.0, "channel": "Bank", "timestamp": "2026-05-06T07:38:13.060738"}}
{"prev_hash": "3126089b11e2ddf9da78e056f8276736b2f1d331e1bbb41b17a79815f4206120", "data": {"tx_id": "TXN-E124B56E", "student_id": "STU93839", "amount": 295000.0, "channel": "Bank", "timestamp": "2026-05-05T05:04:13.060738"}}
{"prev_hash": "1a9f724b24d246e61f57e5f2e90962de3a48833c26f1162797d768a4081b2b25", "data": {"tx_id": "TXN-AF06D9AF", "student_id": "STU28120", "amount": 213000.0, "channel": "Wallet", "timestamp": "2026-05-06T17:33:13.060738"}}
{"prev_hash": "d809da3f889a37e8707f13d9d5167098271167e46f0350c4f20792e1fd3e1a43", "data": {"tx_id": "TXN-93AFC5CB", "student_id": "STU36268", "amount": 275000.0, "channel": "Bank", "timestamp": "2026-05-07T17:53:13.060738"}}
{"prev_hash": "f0b0c508585d848677db0061096466007a47c7b5e95949312cba831643597f8f", "data": {"tx_id": "TXN-9D339E89", "student_id": "STU82851", "amount": 106000.0, "channel": "Bank", "timestamp": "2026-05-06T17:25:13.060738"}}
{"prev_hash": "a0e089f861371fd46303d0d9e8bb8999ed43a58750e9732913ced86fa3e2c91a", "data": {"tx_id": "TXN-4BAA3013", "student_id": "STU17651", "amount": 156000.0, "channel": "Wallet", "timestamp": "2026-05-11T06:49:13.060738"}}
{"prev_hash": "ddad2993eab1a9b943ad4771b01317a935c640359402e6e38f974b5e07721903", "data": {"tx_id": "TXN-201B9304", "student_id": "STU13652", "amount": 64000.0, "channel": "Bank", "timestamp": "2026-05-06T04:05:13.060738"}}
{"prev_hash": "1d9c9028a92a90b1c9d0694eedf2b67c5ab0cca0dad9468ea3c35b8b5746dbe7", "data": {"tx_id": "TXN-D867DADC", "student_id": "STU36909", "amount": 287000.0, "channel": "Bank", "timestamp": "2026-05-07T19:55:13.060738"}}
{"prev_hash": "7b4b819316237a90cacf4afb8070868c3678d8bcb1113c07754fd7390c2899ee", "data": {"tx_id": "TXN-1AFDB06A", "student_id": "STU32264", "amount": 427000.0, "channel": "Wallet", "timestamp": "2026-05-10T06:43:13.060738"}}
{"prev_hash": "441ea5938d4e92ae4463c98a5123ec711e679ea736fdbac76fb9897688cea36d", "data": {"tx_id": "TXN-4DA7A454", "student_id": "STU44915", "amount": 319000.0, "channel": "Bank", "timestamp": "2026-05-05T21:26:13.060738"}}
{"prev_hash": "9a890b57e9a2f6d8e533ee003c7ebc1e2c79a33c27aa84b653af8fafc302b209", "data": {"tx_id": "TXN-5E13B1D5", "student_id": "STU87668", "amount": 311000.0, "channel": "Bank", "timestamp": "2026-05-06T04:35:13.060738"}}
{"prev_hash": "3fb5fb1114ce05955427c3782b90f23708e1723389efb0cab1488862064130ab", "data": {"tx_id": "TXN-D01F3678", "student_id": "STU52657", "amount": 240000.0, "channel": "Bank", "timestamp": "2026-05-05T08:40:13.060738"}}
{"prev_hash": "b1412b31af1968415a639d958cd4769a3e5006d6c6e7eabef4f6f7eec4c0da59", "data": {"tx_id": "TXN-97431E7D", "student_id": "STU11098", "amount": 212000.0, "channel": "Wallet", "timestamp": "2026-05-06T18:57:13.060738"}}
{"prev_hash": "1eb630737b8931432c9fc0cd967ab025e224d240a2c2fc44ec37dd6a7c64362a", "data": {"tx_id": "TXN-DAFB153E", "student_id": "STU60741", "amount": 487000.0, "channel": "Wallet", "timestamp": "2026-05-06T04:33:13.060738"}}
{"prev_hash": "5ff7cc49a295f0b712d7a666690c2175e4f6f0ae0e4c7a4e71a2560f8127ab1d", "data": {"tx_id": "TXN-5413974F", "student_id": "STU80103", "amount": 153000.0, "channel": "Bank", "timestamp": "2026-05-11T14:36:13.060738"}}
{"prev_hash": "cddb0c99900928598037c21b2b955005e201250d796d571c3ec64648f766e06d", "data": {"tx_id": "TXN-58550AAE", "student_id": "STU55594", "amount": 433000.0, "channel": "Bank", "timestamp": "2026-05-04T23:22:13.060738"}}
{"prev_hash": "0c97243ccc8b69badd53381b414d4401ffadedb449868115898300966773db43", "data": {"tx_id": "TXN-5D41E09B", "student_id": "STU92042", "amount": 90000.0, "channel": "Bank", "timestamp": "2026-05-09T03:27:13.060738"}}
{"prev_hash": "5977110e971db78266c8e623c57e3b9ba7239e7f8bd497b05252d22a5a31078f", "data": {"tx_id": "TXN-463EEB39", "student_id": "STU51891", "amount": 125000.0, "channel": "Wallet", "timestamp": "2026-05-11T11:43:13.060738"}}
{"prev_hash": "8be8c8e76e846b2023654e8e033c70f592712b234224d6c1adf4b11ab11da19f", "data": {"tx_id": "TXN-4987F6A9", "student_id": "STU32941", "amount": 485000.0, "channel": "Bank", "timestamp": "2026-05-09T15:23:13.060738"}}
{"prev_hash": "ab10d548b96877b701d2753bbd7446a776ffeec94cc067a1b0776c2a16b7e4a9", "data": {"tx_id": "TXN-071ACBE7", "student_id": "STU33607", "amount": 86000.0, "channel": "Bank", "timestamp": "2026-05-07T15:29:13.060738"}}
{"prev_hash": "03c0805a33c0e8378b6780078b3671eea853d9db7da8d94397fe18cf98442e59", "data": {"tx_id": "TXN-0F52557E", "student_id": "STU88191", "amount": 82000.0, "channel": "Wallet", "timestamp": "2026-05-05T23:35:13.060738"}}
{"prev_hash": "45b51a5152dc90687686ec622ed0f05db1e8408705557b8291f3930559fa97e9", "data": {"tx_id": "TXN-5EEA6643", "student_id": "STU81188", "amount": 403000.0, "channel": "Wallet", "timestamp": "2026-05-10T07:29:13.060738"}}
{"prev_hash": "a519f8d7cb87f702f93ac184b8f0f6efd07a20ce3ecab0203367ccfb318c463e", "data": {"tx_id": "TXN-5FFA3840", "student_id": "STU70669", "amount": 372000.0, "channel": "Wallet", "timestamp": "2026-05-07T11:32:13.060738"}}
{"prev_hash": "e75203187986bd2cb0795faedc7fde334f19077631c94568960bd2f90de7b23d", "data": {"tx_id": "TXN-4B066284", "student_id": "STU37375", "amount": 225000.0, "channel": "Wallet", "timestamp": "2026-05-06T09:25:13.060738"}}
{"prev_hash": "9c30d388cce2def15b172184e03ef3629bc23687b59c6e46d80dd804db0c2abf", "data": {"tx_id": "TXN-7402B0BB", "student_id": "STU96671", "amount": 372000.0, "channel": "Wallet", "timestamp": "2026-05-07T18:26:13.060738"}}
{"prev_hash": "8b3d8905c090293723856de9f03baf0adf45de8abdfe26d433e91dc8f5c3fb30", "data": {"tx_id": "TXN-BABE7273", "student_id": "STU70308", "amount": 434000.0, "channel": "Bank", "timestamp": "2026-05-06T06:41:13.060738"}}
{"prev_hash": "0981c00bcdaeab962c682f389e708e19dcb91b023a37d84c7a6ac66d639f0bc8", "data": {"tx_id": "TXN-C8973ECE", "student_id": "STU17822", "amount": 490000.0, "channel": "Bank", "timestamp": "2026-05-09T04:53:13.060738"}}
{"prev_hash": "855024e1d509c4a080b621ce835b4a363d222e4fd2e7c7b3043a9db370696bf2", "data": {"tx_id": "TXN-7DA946CE", "student_id": "STU29563", "amount": 313000.0, "channel": "Bank", "timestamp": "2026-05-05T23:09:13.060738"}}
{"prev_hash": "20ed94b00ab3f44dfed6f7479c6be4c64935f94630492b2386284416468ca553", "data": {"tx_id": "TXN-6769A14D", "student_id": "STU29269", "amount": 356000.0, "channel": "Wallet", "timestamp": "2026-05-08T08:55:13.060738"}}
{"prev_hash": "694f23bdaa20d4d06b4cc4469951636d17be70fb63562c52b8e222ee38200d79", "data": {"tx_id": "TXN-9779771C", "student_id": "STU54302", "amount": 387000.0, "channel": "Bank", "timestamp": "2026-05-11T01:45:13.060738"}}
{"prev_hash": "f9c09bf77d861bdbe88df0d89850518d599f852c64250390bcf66fdbaa4e788e", "data": {"tx_id": "TXN-86421572", "student_id": "STU71856", "amount": 306000.0, "channel": "Wallet", "timestamp": "2026-05-05T05:59:13.060738"}}
{"prev_hash": "47a911a1ab692ac38b2d2c4dbbd10bbf177555faec8fa88a5d574c9b58397e70", "data": {"tx_id": "TXN-D87B03EE", "student_id": "STU65908", "amount": 363000.0, "channel": "Wallet", "timestamp": "2026-05-07T02:54:13.060738"}}
{"prev_hash": "ccd540f561f0124eeb073cf58ff242ebe7c13110cb1fceadb0a3c47be24ab190", "data": {"tx_id": "TXN-41EBB594", "student_id": "STU61178", "amount": 138000.0, "channel": "Bank", "timestamp": "2026-05-10T07:19:13.060738"}}
{"prev_hash": "f90bc50ec609ecab065430a5391b3ee3e02dedd47b7c9a22ad92cb41ffa33a33", "data": {"tx_id": "TXN-7EA8D641", "student_id": "STU86222", "amount": 124000.0, "channel": "Bank", "timestamp": "2026-05-05T01:56:13.060738"}}
{"prev_hash": "633cff09884491845ec826392bc342d2f82a3ddf4f874d2f0ba99d7acd324419", "data": {"tx_id": "TXN-3938216A", "student_id": "STU86034", "amount": 338000.0, "channel": "Bank", "timestamp": "2026-05-11T19:23:13.060738"}}
{"prev_hash": "43701f2e38c31e16f7d9b394400315dfb5e8c0a9c71f1a49f05a907b914fb658", "data": {"tx_id": "TXN-9CC566BE", "student_id": "STU23372", "amount": 188000.0, "channel": "Wallet", "timestamp": "2026-05-11T13:48:13.060738"}}
{"prev_hash": "d55efb6127c6ce4440606eb1ca1892932e1e1498baa88ff40abb39b3f85c52f9", "data": {"tx_id": "TXN-69DBD053", "student_id": "STU81916", "amount": 371000.0, "channel": "Wallet", "timestamp": "2026-05-09T11:04:13.060738"}}
{"prev_hash": "ff978c4afcecd897a81e34c203e78a13a451c913ad1d3aeab53bb4c65b1bb8cf", "data": {"tx_id": "TXN-0B703FB3", "student_id": "STU87691", "amount": 449000.0, "channel": "Wallet", "timestamp": "2026-05-11T15:30:13.060738"}}
{"prev_hash": "497acd8df2841206b63a4e32d5de6029d09f7c6a7a21e9963f863d7164cac972", "data": {"tx_id": "TXN-3E48EFE3", "student_id": "STU35069", "amount": 383000.0, "channel": "Bank", "timestamp": "2026-05-06T19:08:13.060738"}}
{"prev_hash": "f83c15c20219d3580cf0370802e33a1f2cc2bce0a981bf2f5e59bb31b576a662", "data": {"tx_id": "TXN-CE518ED0", "student_id": "STU61818", "amount": 57000.0, "channel": "Bank", "timestamp": "2026-05-05T13:50:13.060738"}}
{"prev_hash": "80335ed7c433474205e740637edac263eec09dfbd756d75542537ef65ed60ba4", "data": {"tx_id": "TXN-8D8F5292", "student_id": "STU19244", "amount": 381000.0, "channel": "Bank", "timestamp": "2026-05-07T19:16:13.060738"}}
{"prev_hash": "8c5a62a8796774298c77f1f73ead9d2582023e25c54d195bed3759b41e0e44c3", "data": {"tx_id": "TXN-FB09EF55", "student_id": "STU11287", "amount": 193000.0, "channel": "Wallet", "timestamp": "2026-05-05T03:02:13.060738"}}
{"prev_hash": "7c0dac05810c4fcbb325843d772057d028737c8e04d2e7045c7ab527c859f4e9", "data": {"tx_id": "TXN-405C5728", "student_id": "STU24385", "amount": 157000.0, "channel": "Wallet", "timestamp": "2026-05-09T14:50:13.060738"}}
{"prev_hash": "439557a620081a3acbc6cc08f6aa4f45ad7712e96d875a6316e5b00bf93e4dc2", "data": {"tx_id": "TXN-4189AAA9", "student_id": "STU34702", "amount": 375000.0, "channel": "Bank", "timestamp": "2026-05-09T17:51:13.060738"}}
{"prev_hash": "f8fe1d9eb2422bce43ccd5cb086c2d84f9a13e9e2f537228c9273f7131764c31", "data": {"tx_id": "TXN-1CF37147", "student_id": "STU21532", "amount": 276000.0, "channel": "Bank", "timestamp": "2026-05-09T15:37:13.060738"}}
{"prev_hash": "b77e24e9488e9278c0d5469f5372f463968a9cb7c079a0920abb48f0e182cc91", "data": {"tx_id": "TXN-906AA28C", "student_id": "STU26516", "amount": 252000.0, "channel": "Wallet", "timestamp": "2026-05-09T23:06:13.060738"}}
{"prev_hash": "33010f26e667320c64903b0c7c6a83b32702fcfd8c42c4af6045f3b57f2d4832", "data": {"tx_id": "TXN-B6591008", "student_id": "STU17229", "amount": 398000.0, "channel": "Bank", "timestamp": "2026-05-09T09:12:13.060738"}}
{"prev_hash": "3acede3bc392552c2bd110dd549858a90a68da72365de46af0dfab6018bdcedb", "data": {"tx_id": "TXN-2BCFC7F4", "student_id": "STU76219", "amount": 459000.0, "channel": "Bank", "timestamp": "2026-05-05T11:31:13.060738"}}
{"prev_hash": "982a3e935294e9bb59ab8fa3435489477e3272dafa6eaf4be6c01ddabea2e57f", "data": {"tx_id": "TXN-C192061D", "student_id": "STU91701", "amount": 361000.0, "channel": "Bank", "timestamp": "2026-05-05T13:46:13.060738"}}
{"prev_hash": "a3ade13b2d0a92ec2ede9d230d908c23f60d7935dd24a20a6b6b11432678920a", "data": {"tx_id": "TXN-7055E5C9", "student_id": "STU63049", "amount": 306000.0, "channel": "Bank", "timestamp": "2026-05-06T22:41:13.060738"}}
{"prev_hash": "39460310e828acaab08e527cde58c042f710165cd186060a027f7ca933a36d4c", "data": {"tx_id": "TXN-6B9A38B4", "student_id": "STU39364", "amount": 185000.0, "channel": "Wallet", "timestamp": "2026-05-11T18:30:13.060738"}}
{"prev_hash": "1621073ac8d42b7c669087144c72bf83602488dcd2f27fadcf612228cb0d5a8c", "data": {"tx_id": "TXN-BD34EA22", "student_id": "STU74100", "amount": 122000.0, "channel": "Wallet", "timestamp": "2026-05-05T14:12:13.060738"}}
{"prev_hash": "69bee65f288b64bc648957e1109f41891c876f1a59d6c827d922942b2d92b52f", "data": {"tx_id": "TXN-696C28EA", "student_id": "STU77902", "amount": 152000.0, "channel": "Bank", "timestamp": "2026-05-07T12:56:13.060738"}}
{"prev_hash": "c60d44ecab59ee6a96989c0e4bb6a03db785e5021b03b743386a60ec422c9435", "data": {"tx_id": "TXN-42F7E130", "student_id": "STU75912", "amount": 261000.0, "channel": "Wallet", "timestamp": "2026-05-09T00:22:13.060738"}}
{"prev_hash": "4befe0df63a33f3f160548d1e6dee6b5c84363b75c24d60f4a1a11d4da73108a", "data": {"tx_id": "TXN-C199E492", "student_id": "STU43024", "amount": 283000.0, "channel": "Wallet", "timestamp": "2026-05-05T11:48:13.060738"}}
{"prev_hash": "278894e60e621c2e190e77fea96e23f8a10116a23b16e9c67ec7cc88cbc39cac", "data": {"tx_id": "TXN-F39CEF47", "student_id": "STU66708", "amount": 356000.0, "channel": "Wallet", "timestamp": "2026-05-11T06:34:13.060738"}}
{"prev_hash": "1b4e8d5976efdecff3fd10a36cc4e9562d6b78d47368aede1cb8c42a2810e256", "data": {"tx_id": "TXN-5575E29C", "student_id": "STU68862", "amount": 233000.0, "channel": "Bank", "timestamp": "2026-05-10T21:49:13.060738"}}
{"prev_hash": "f465939b5f7b41ee86bebb6084940b61c565d261333610bccd0ed8ad0a1b0295", "data": {"tx_id": "TXN-BCFE42A0", "student_id": "STU16712", "amount": 363000.0, "channel": "Wallet", "timestamp": "2026-05-05T18:00:13.060738"}}
{"prev_hash": "093e254e4ee146c01ca23303b6de5f97dda17c30c4a8130985a6cc30b7ad6713", "data": {"tx_id": "TXN-5CA07A2C", "student_id": "STU71151", "amount": 150000.0, "channel": "Bank", "timestamp": "2026-05-09T12:23:13.060738"}}
{"prev_hash": "2e55b6e70ed82a166f885bebd7505d5073cb1cd5e8a47f9963ddd2ff6f353044", "data": {"tx_id": "TXN-6DA18A31", "student_id": "STU42827", "amount": 276000.0, "channel": "Bank", "timestamp": "2026-05-10T23:59:13.060738"}}
{"prev_hash": "43840eb06deee9ffb8b11fb6f3c45b425d3ca0529066391f2799c3602b9b959f", "data": {"tx_id": "TXN-E3609BB1", "student_id": "STU64456", "amount": 470000.0, "channel": "Bank", "timestamp": "2026-05-08T00:19:13.060738"}}
{"prev_hash": "4390fcd593ea70bbed8cbc90f3a13d44c179546eb5477e40871695d44c6b36ce", "data": {"tx_id": "TXN-F08365C2", "student_id": "STU75233", "amount": 202000.0, "channel": "Bank", "timestamp": "2026-05-06T21:14:13.060738"}}
{"prev_hash": "e28c2dea3d05a97369f82f195c01836670daa7b4e1c52dcffb33c47bf1e71649", "data": {"tx_id": "TXN-F8CECEBB", "student_id": "STU59736", "amount": 62000.0, "channel": "Wallet", "timestamp": "2026-05-09T06:34:13.060738"}}
{"prev_hash": "3a497dd1695f46037ccc119aca0f47b938eba4d7e752f7fed072463062fc4edb", "data": {"tx_id": "TXN-5D0D4C91", "student_id": "STU30397", "amount": 470000.0, "channel": "Bank", "timestamp": "2026-05-10T18:20:13.060738"}}
{"prev_hash": "b5e7fe6c19a56bb136b39ca4c48424367a92245d4966ee1b7b8b557d0bd5947a", "data": {"tx_id": "TXN-5F230783", "student_id": "STU28640", "amount": 268000.0, "channel": "Bank", "timestamp": "2026-05-08T16:34:13.060738"}}
{"prev_hash": "7aa974f84ddfc8e8b617724c4ae921a33b39cb58d910f16558b02882189973fa", "data": {"tx_id": "TXN-D899F1D1", "student_id": "STU50262", "amount": 490000.0, "channel": "Wallet", "timestamp": "2026-05-08T02:53:13.060738"}}
{"prev_hash": "26064d91c08093cac3cbe48107926f0c0f16236c0a618984cbd6e6541a8cb88a", "data": {"tx_id": "TXN-0C6E3C3A", "student_id": "STU48963", "amount": 226000.0, "channel": "Bank", "timestamp": "2026-05-10T19:51:13.060738"}}
{"prev_hash": "9e28948ea1370f861e854116edc5117769ead0f298ba8b22379fafee6ee09e99", "data": {"tx_id": "TXN-AD1AE1B9", "student_id": "STU57101", "amount": 230000.0, "channel": "Wallet", "timestamp": "2026-05-09T05:48:13.060738"}}
{"prev_hash": "43fb1bc44a2d510166874f20e5e5b64528cff1130c8b94bfefa4b667e45cb8e7", "data": {"tx_id": "TXN-5B466014", "student_id": "STU62613", "amount": 465000.0, "channel": "Wallet", "timestamp": "2026-05-09T06:50:13.060738"}}
{"prev_hash": "d5a5dfc8c2f64a1d9a42bb3c63a48e38b483e913a3359a68e62d584ed81ddb88", "data": {"tx_id": "TXN-C49B3E80", "student_id": "STU60473", "amount": 246000.0, "channel": "Wallet", "timestamp": "2026-05-04T23:18:13.060738"}}
{"prev_hash": "7bed1a18293a2c4b484cfb00b4d2ec14178a3aaa94b0bf7007c32e6d82bf8724", "data": {"tx_id": "TXN-26578C9E", "student_id": "STU23267", "amount": 194000.0, "channel": "Wallet", "timestamp": "2026-05-07T22:42:13.060738"}}
{"prev_hash": "45fe6e34985bb8bbb27452ea553e5585b4b67df081842c6aaa46436c52b84aac", "data": {"tx_id": "TXN-E266F6CF", "student_id": "STU52919", "amount": 454000.0, "channel": "Wallet", "timestamp": "2026-05-09T19:43:13.060738"}}
{"prev_hash": "05a5e2b5bf841c93c21c3a232d277af8453f0ec49274f785c0126fd1a63ed497", "data": {"tx_id": "TXN-BBA22CAE", "student_id": "STU77470", "amount": 440000.0, "channel": "Bank", "timestamp": "2026-05-10T19:59:13.060738"}}
{"prev_hash": "70dcbae209d9514034bcefe9913d1935e22011411df141f865c82a87a09ec036", "data": {"tx_id": "TXN-F201241E", "student_id": "STU16839", "amount": 333000.0, "channel": "Wallet", "timestamp": "2026-05-10T15:47:13.060738"}}
{"prev_hash": "447176dbb7bb889545f321dffd9317e6377c889fa7423c28b76db232f2904bb4", "data": {"tx_id": "TXN-F3D8E860", "student_id": "STU34893", "amount": 84000.0, "channel": "Bank", "timestamp": "2026-05-11T05:12:13.060738"}}
{"prev_hash": "4c3d2bc3c10eb1d0793a995ed0cd089612119ffa3b2281bb6141e4fc479a8b05", "data": {"tx_id": "TXN-9CAF08B1", "student_id": "STU92890", "amount": 250000.0, "channel": "Bank", "timestamp": "2026-05-05T02:26:13.060738"}}
{"prev_hash": "be1d5f3d285c3c6edd618609febc98c418f6d240755ae4c63f8eeab8c3551973", "data": {"tx_id": "TXN-7BE83732", "student_id": "STU27411", "amount": 140000.0, "channel": "Wallet", "timestamp": "2026-05-07T01:37:13.060738"}}
{"prev_hash": "56e117e23cde1f0ac7165152f332b7838a7cd95f671ab75c07cae241177033ab", "data": {"tx_id": "TXN-8EDDCEAF", "student_id": "STU28385", "amount": 134000.0, "channel": "Wallet", "timestamp": "2026-05-09T20:15:13.060738"}}
{"prev_hash": "3f5f508391fb2bd3233a9f465ea8b082556995205f97b94191a32405bd9c1c79", "data": {"tx_id": "TXN-FF4459BE", "student_id": "STU23607", "amount": 88000.0, "channel": "Bank", "timestamp": "2026-05-05T20:00:13.060738"}}
{"prev_hash": "012cebe9afe7f161b0b7ad9654a9ffe888e644a623866c2b520b8c3d24f44b08", "data": {"tx_id": "TXN-CE252532", "student_id": "STU32708", "amount": 293000.0, "channel": "Wallet", "timestamp": "2026-05-10T20:23:13.060738"}}
{"prev_hash": "9db7569c1664fda1b6579803468188e73886dca2fd0ee2ab37a1583660fa1f1e", "data": {"tx_id": "TXN-7DBB6D0D", "student_id": "STU68966", "amount": 400000.0, "channel": "Wallet", "timestamp": "2026-05-07T02:52:13.060738"}}
{"prev_hash": "35c446c9264d0bd216dd5ae3af0cbeff15b09aabf9974079f8badf05b0e1a407", "data": {"tx_id": "TXN-018C91C5", "student_id": "STU17224", "amount": 354000.0, "channel": "Wallet", "timestamp": "2026-05-05T16:09:13.060738"}}
{"prev_hash": "22a2576068464814a5c35411a67d5718c1fee5dce59318368c9b0873c4c0c3fb", "data": {"tx_id": "TXN-3320900C", "student_id": "STU13931", "amount": 100000.0, "channel": "Bank", "timestamp": "2026-05-05T20:18:13.060738"}}
{"prev_hash": "fd5e0edfca9836db9e3733552622f9ce1cc7a1b6aff35781ff2615db430ff250", "data": {"tx_id": "TXN-D8D382FB", "student_id": "STU50993", "amount": 176000.0, "channel": "Wallet", "timestamp": "2026-05-06T01:57:13.060738"}}
{"prev_hash": "399e87ecd5cbc1d1a9a26b10f36f781a0e6d63805bcf3e2b951cbac138806231", "data": {"tx_id": "TXN-A24048ED", "student_id": "STU58389", "amount": 64000.0, "channel": "Wallet", "timestamp": "2026-05-11T07:11:13.060738"}}
{"prev_hash": "70d7fdbc36f250c1af77b265180c274adf1cc43b22994292818ab318cc83e741", "data": {"tx_id": "TXN-30E6E4DE", "student_id": "STU65762", "amount": 412000.0, "channel": "Wallet", "timestamp": "2026-05-07T14:44:13.060738"}}
{"prev_hash": "62bc2b6412ebcc620f41b05845b1a8a221492a1d60e9341e798975fedc276e17", "data": {"tx_id": "TXN-E6EF034F", "student_id": "STU35898", "amount": 207000.0, "channel": "Bank", "timestamp": "2026-05-05T22:45:13.060738"}}
{"prev_hash": "1515298431cf9fb80c404fac104b0e957208fa923c166e49a9ae9268ada63395", "data": {"tx_id": "TXN-89D78516", "student_id": "STU21689", "amount": 74000.0, "channel": "Bank", "timestamp": "2026-05-09T05:58:13.060738"}}
{"prev_hash": "51d44319cf4b3e7544676eda0203936dd926b2a9b0f910748e34408f2f16da4f", "data": {"tx_id": "TXN-D7F9476D", "student_id": "STU97582", "amount": 61000.0, "channel": "Wallet", "timestamp": "2026-05-06T07:40:13.060738"}}
{"prev_hash": "93e4bf2c24a0865dbfef92fd24d0800b4cea58f915b3a3fa6b5e4ad3e3d54605", "data": {"tx_id": "TXN-46C3B93C", "student_id": "STU50818", "amount": 112000.0, "channel": "Wallet", "timestamp": "2026-05-06T23:28:13.060738"}}
{"prev_hash": "a336cc48011ce8a87fd0274ce05b9d51d661a10d6f3ec7adb85fe3f9f0661ef7", "data": {"tx_id": "TXN-1E0E5F0E", "student_id": "STU11409", "amount": 174000.0, "channel": "Bank", "timestamp": "2026-05-09T13:57:13.060738"}}
{"prev_hash": "25689525a02ae51ce9f61da802a91598f2764618c5eb5a2bd230f5460f4d4233", "data": {"tx_id": "TXN-02448F98", "student_id": "STU26336", "amount": 471000.0, "channel": "Bank", "timestamp": "2026-05-06T10:18:13.060738"}}
{"prev_hash": "21581877edabe7cb77b24bd54dcc039d8dcaa3f560a6969c627062be6d954add", "data": {"tx_id": "TXN-74195300", "student_id": "STU51548", "amount": 315000.0, "channel": "Bank", "timestamp": "2026-05-11T08:36:13.060738"}}
{"prev_hash": "d3a76441aa91fb5049527c83d3e66ba988e5262b70b759b48d7dc72e0bb66770", "data": {"tx_id": "TXN-8B477527", "student_id": "STU47118", "amount": 152000.0, "channel": "Wallet", "timestamp": "2026-05-06T21:36:13.060738"}}
{"prev_hash": "0ff770f514bc1637a3d5271f89924d7a60c2125389419c407b5112d3a5993f4b", "data": {"tx_id": "TXN-B2B37629", "student_id": "STU31375", "amount": 314000.0, "channel": "Bank", "timestamp": "2026-05-06T17:11:13.060738"}}
{"prev_hash": "4926d1c214427d0a099cb283e370865510ab960dd416ffdd6bad302aaf0e21c3", "data": {"tx_id": "TXN-A505B799", "student_id": "STU38189", "amount": 413000.0, "channel": "Bank", "timestamp": "2026-05-07T08:27:13.060738"}}
{"prev_hash": "59c5eac4798ffdd66a548f80391a3f629dc75b37acf506c98fc207d07f1cb7f4", "data": {"tx_id": "TXN-99B10E16", "student_id": "STU91383", "amount": 194000.0, "channel": "Wallet", "timestamp": "2026-05-09T16:25:13.060738"}}
{"prev_hash": "0e5458ff6fbe333f147ba1ba4b1cb61af4f662e8c40a165a063e42aab5efdf78", "data": {"tx_id": "TXN-DC342D58", "student_id": "STU36035", "amount": 380000.0, "channel": "Wallet", "timestamp": "2026-05-07T08:28:13.060738"}}
{"prev_hash": "9d11954b82251e12a4ba4ead17367083c5c4675d66aa8fdfd40773950f9126d4", "data": {"tx_id": "TXN-6433B00F", "student_id": "STU61233", "amount": 98000.0, "channel": "Wallet", "timestamp": "2026-05-05T03:55:13.060738"}}
{"prev_hash": "2dcbd61db624612fb937713f5a87170b2bdd072fc33abf1646771b364a7caa8b", "data": {"tx_id": "TXN-57E0708C", "student_id": "STU87311", "amount": 307000.0, "channel": "Bank", "timestamp": "2026-05-10T13:32:13.060738"}}
{"prev_hash": "ca1e0c4fee851f519da998f7caf6008918fd9e1fc002a9fcf52664f1d8693c9e", "data": {"tx_id": "TXN-1D42D1AD", "student_id": "STU26231", "amount": 290000.0, "channel": "Wallet", "timestamp": "2026-05-11T17:47:13.060738"}}
{"prev_hash": "4ba5b4b66c316bfd7721b3fa9212658f0917ec6a78b57bc1809b405a2b71a617", "data": {"tx_id": "TXN-66AC3DB7", "student_id": "STU97864", "amount": 134000.0, "channel": "Bank", "timestamp": "2026-05-10T16:16:13.060738"}}
{"prev_hash": "9ccb6c413154015f4a3c9b0cc11600dbe2fb0759b7b26681f45004faf370fca5", "data": {"tx_id": "TXN-5F4C820E", "student_id": "STU84653", "amount": 438000.0, "channel": "Bank", "timestamp": "2026-05-07T17:41:13.060738"}}
{"prev_hash": "0104cb697bd9f4388320384e0256a10600cfb40c2630ee5c37b98675c14c514c", "data": {"tx_id": "TXN-D39E49F2", "student_id": "STU61658", "amount": 355000.0, "channel": "Bank", "timestamp": "2026-05-08T09:12:13.060738"}}
{"prev_hash": "043ecbf8d170bc91207c1b51da728b4f4ec7b65c0bb06958ace3c006ab355caf", "data": {"tx_id": "TXN-2DAAE4B3", "student_id": "STU70229", "amount": 100000.0, "channel": "Wallet", "timestamp": "2026-05-09T22:40:13.060738"}}
{"prev_hash": "9d9cb2e78f1a6b51d575db7fb0c4c2cfa09286aa2bcdeba51cd61601ef89f942", "data": {"tx_id": "TXN-B8F13630", "student_id": "STU99773", "amount": 80000.0, "channel": "Wallet", "timestamp": "2026-05-09T04:11:13.060738"}}
{"prev_hash": "8485fb020fb79b1da6f18e4f587b157d96c941d0707bdd82a65b4ed5c88f27f9", "data": {"tx_id": "TXN-C2106625", "student_id": "STU17892", "amount": 194000.0, "channel": "Bank", "timestamp": "2026-05-07T08:02:13.060738"}}
{"prev_hash": "c81dbd98ee1fbb92456ef0a198ba5aced44c7ba62d1bc4db1e13dcfca6246046", "data": {"tx_id": "TXN-8DA04867", "student_id": "STU82277", "amount": 261000.0, "channel": "Wallet", "timestamp": "2026-05-08T21:48:13.060738"}}
{"prev_hash": "da2c5f8a07f53c56a852afdab7896436cae0b48c402703baab01da13dcf3f1c1", "data": {"tx_id": "TXN-BBC9A0C6", "student_id": "STU19267", "amount": 311000.0, "channel": "Bank", "timestamp": "2026-05-11T10:18:13.060738"}}
{"prev_hash": "d780e9c964d40c62efb5412f63366c3c7517b0053d0d2686980c75bfd62a46cc", "data": {"tx_id": "TXN-5DFB2FB5", "student_id": "STU70772", "amount": 408000.0, "channel": "Bank", "timestamp": "2026-05-06T13:46:13.060738"}}
{"prev_hash": "97b21bba95c81362c672eeacd4f16d0d17d7efcf290a8da50ed1de81dd64838a", "data": {"tx_id": "TXN-3F5CD1C3", "student_id": "STU64393", "amount": 410000.0, "channel": "Bank", "timestamp": "2026-05-05T02:04:13.060738"}}
{"prev_hash": "4e4aec837a1097fb29433d8f35db4c7a24105294e77258dde43a6ea263c5c9bb", "data": {"tx_id": "TXN-171A1580", "student_id": "STU88756", "amount": 481000.0, "channel": "Bank", "timestamp": "2026-05-11T05:56:13.060738"}}
{"prev_hash": "5e86f135e8727e840800100e43da67f2f83c493619d6a59b7e24dca6b01f6c7f", "data": {"tx_id": "TXN-5389C6E3", "student_id": "STU15956", "amount": 177000.0, "channel": "Bank", "timestamp": "2026-05-06T01:23:13.060738"}}
{"prev_hash": "7756853c4c61c077f472aea8cdf1e0ba9748a78675669b3fae8fc7a6a1b2e39e", "data": {"tx_id": "TXN-BFFC8A50", "student_id": "STU41470", "amount": 429000.0, "channel": "Wallet", "timestamp": "2026-05-10T05:45:13.060738"}}
{"prev_hash": "f35d289eb5c25650a0c198c3237a6cc71395ce7474ac128f2fcda57a582ed5d9", "data": {"tx_id": "TXN-91CB3E74", "student_id": "STU30381", "amount": 316000.0, "channel": "Bank", "timestamp": "2026-05-07T03:11:13.060738"}}
{"prev_hash": "672514446c78d0b4af2027a8c0c2ba14ab4ec6fc76d3fd4ecb4d4a62e6045849", "data": {"tx_id": "TXN-E3499B3C", "student_id": "STU91404", "amount": 274000.0, "channel": "Wallet", "timestamp": "2026-05-07T06:24:13.060738"}}
{"prev_hash": "c4e9b07b9bdacb4587000ba4de5f35855886b191183e1476ba3aedfb61602f9c", "data": {"tx_id": "TXN-8340C7DB", "student_id": "STU44698", "amount": 66000.0, "channel": "Bank", "timestamp": "2026-05-07T02:33:13.060738"}}
{"prev_hash": "f76ad5c22c5c6d85a4e132be0d07738b0eef16f5652f1539e058003854d80b8c", "data": {"tx_id": "TXN-CFE4F212", "student_id": "STU27622", "amount": 339000.0, "channel": "Wallet", "timestamp": "2026-05-05T03:14:13.060738"}}
{"prev_hash": "4c38e77391cf662130495a9cc8edf55aaba201537231371ad64411f9f37e6d36", "data": {"tx_id": "TXN-9113D78A", "student_id": "STU91343", "amount": 240000.0, "channel": "Bank", "timestamp": "2026-05-11T15:54:13.060738"}}
{"prev_hash": "036eb36258c7c3d281ea0a7d09889f82f670df5c30d9962a5f8817dbce6446a6", "data": {"tx_id": "TXN-24F0D82D", "student_id": "STU11706", "amount": 377000.0, "channel": "Wallet", "timestamp": "2026-05-08T06:45:13.060738"}}
{"prev_hash": "a206531601a1d1255d6586ce98dc4781d5d2bc238ecc24b3cbc7d8ff09f7be8b", "data": {"tx_id": "TXN-4440CF63", "student_id": "STU56318", "amount": 315000.0, "channel": "Wallet", "timestamp": "2026-05-10T14:36:13.060738"}}
{"prev_hash": "15a7994885b7ea134e26e0bee8523a5359f94d24c376ea3a31f361741d097774", "data": {"tx_id": "TXN-535DD809", "student_id": "STU51243", "amount": 500000.0, "channel": "Wallet", "timestamp": "2026-05-10T21:31:13.060738"}}
{"prev_hash": "f6c9ac00268c85f3ff54856fef1c4c9adbfd9325c891dc2f7aa1e16acdef28a9", "data": {"tx_id": "TXN-32377215", "student_id": "STU90903", "amount": 163000.0, "channel": "Wallet", "timestamp": "2026-05-07T13:39:13.060738"}}
{"prev_hash": "b3e1845aec16d74f511b70580bf051c317da84328c6284f140659a1a807cf19d", "data": {"tx_id": "TXN-088023C6", "student_id": "STU74688", "amount": 193000.0, "channel": "Wallet", "timestamp": "2026-05-09T21:51:13.060738"}}
{"prev_hash": "25e2505f4df1dd6c09ad5064940e7599e92c5071253d577cd3f5586e254a4026", "data": {"tx_id": "TXN-38868AE1", "student_id": "STU17517", "amount": 345000.0, "channel": "Bank", "timestamp": "2026-05-09T15:32:13.060738"}}
{"prev_hash": "b89868b042fa421bb7bc1dac4b51fd9ff44bf25242eed7c840ffdb581716dbec", "data": {"tx_id": "TXN-A62D09C5", "student_id": "STU12602", "amount": 65000.0, "channel": "Bank", "timestamp": "2026-05-06T15:03:13.060738"}}
{"prev_hash": "f705a2867b926968222edca2d62384f590b8139c868c2af8fda17c7ff5f4f06d", "data": {"tx_id": "TXN-4D6849D8", "student_id": "STU71587", "amount": 393000.0, "channel": "Wallet", "timestamp": "2026-05-07T21:38:13.060738"}}
{"prev_hash": "2cb79f8a38286d183a4ef4d23822443fc115c0e19e73b77a09e46cec73382444", "data": {"tx_id": "TXN-39EDF5E8", "student_id": "STU11524", "amount": 399000.0, "channel": "Bank", "timestamp": "2026-05-08T14:34:13.060738"}}
{"prev_hash": "43876128ac11f7f48e1cee89d2ab1c7149b8ff0d92d6dd4ef0bb65e0543a6b0b", "data": {"tx_id": "TXN-27EF5E76", "student_id": "STU60900", "amount": 385000.0, "channel": "Bank", "timestamp": "2026-05-06T21:23:13.060738"}}
{"prev_hash": "adbd2060e19aec7e47d885cf2c3fa6ab66376fe31054690a82c7f8c6628c7b48", "data": {"tx_id": "TXN-70CBF35D", "student_id": "STU51700", "amount": 338000.0, "channel": "Wallet", "timestamp": "2026-05-05T10:38:13.060738"}}
{"prev_hash": "da072ca4bb7fb5d0d524161dddb2c818c062df66a674996662e41a622d52eb36", "data": {"tx_id": "TXN-054BFE1B", "student_id": "STU74364", "amount": 496000.0, "channel": "Bank", "timestamp": "2026-05-09T20:12:13.060738"}}
{"prev_hash": "1f2c036f1a0fb5462e8913bd8853b3badc8a9b53fc78982d36b5fa3c8029949b", "data": {"tx_id": "TXN-C7622EFD", "student_id": "STU98414", "amount": 492000.0, "channel": "Wallet", "timestamp": "2026-05-08T13:58:13.060738"}}
{"prev_hash": "752ddaf66307c0f3171524521e1212811bcd37c5deb50d2217eaee571284d6cd", "data": {"tx_id": "TXN-E70D6D68", "student_id": "STU35469", "amount": 119000.0, "channel": "Bank", "timestamp": "2026-05-05T20:36:13.060738"}}
{"prev_hash": "7a85c8d2b6fa7c6edaf8d749a5b2edcb46e8128f673b17b8817f9d0f68e3208f", "data": {"tx_id": "TXN-E2A6073E", "student_id": "STU99584", "amount": 488000.0, "channel": "Wallet", "timestamp": "2026-05-08T13:25:13.060738"}}
{"prev_hash": "d0d3db802e4ed60f88c5e548d668dd1947b1830303eefbcd355673077bdb3320", "data": {"tx_id": "TXN-E079BDCD", "student_id": "STU99321", "amount": 493000.0, "channel": "Bank", "timestamp": "2026-05-10T18:47:13.060738"}}
{"prev_hash": "60dcffaff0ef8bf6e73e557d6a8679913b5f014789404d6c30e1d0021a2c3beb", "data": {"tx_id": "TXN-756DC28E", "student_id": "STU98728", "amount": 150000.0, "channel": "Bank", "timestamp": "2026-05-08T21:33:13.060738"}}
{"prev_hash": "2f8353eb0d7a7e323c73ba014f76b050f1d56cbfdece79e3f5c62fdba52dd6ae", "data": {"tx_id": "TXN-16B7A3F5", "student_id": "STU93158", "amount": 390000.0, "channel": "Wallet", "timestamp": "2026-05-08T15:45:13.060738"}}
{"prev_hash": "f40d97ae3798a00bce49e62d3ebb153936c6f3ad78110b9dc77b9753fe905136", "data": {"tx_id": "TXN-55218B94", "student_id": "STU26635", "amount": 436000.0, "channel": "Bank", "timestamp": "2026-05-05T05:57:13.060738"}}
{"prev_hash": "f9f1aaa4df32bd4c131009ca8ffe1b2e7296648d8d0293f15cf343dd3e5328c3", "data": {"tx_id": "TXN-A85DE2F8", "student_id": "STU64725", "amount": 361000.0, "channel": "Bank", "timestamp": "2026-05-09T17:20:13.060738"}}
{"prev_hash": "bd06a81a0e4cbbf31e8116aaa49679abcb0edbbbcca1edfa19f98af5c58636ab", "data": {"tx_id": "TXN-77AAAC93", "student_id": "STU84926", "amount": 336000.0, "channel": "Bank", "timestamp": "2026-05-06T08:33:13.060738"}}
{"prev_hash": "d9e343b5c47b923c3de0e2c98933f1a92ba46cd91025a1e0ae42197a7b180bfb", "data": {"tx_id": "TXN-F8776985", "student_id": "STU40845", "amount": 453000.0, "channel": "Bank", "timestamp": "2026-05-11T13:54:13.060738"}}
{"prev_hash": "d293df928c5a5b023057bbb3669e69ae0256e38904d47d73278ef3061bbf113f", "data": {"tx_id": "TXN-1486D597", "student_id": "STU17413", "amount": 470000.0, "channel": "Bank", "timestamp": "2026-05-07T02:08:13.060738"}}
{"prev_hash": "81cae42af0c7b82113f99f109a9f620a85da217b29f01d3f1a0a4c2b893a5893", "data": {"tx_id": "TXN-E8FEB4C9", "student_id": "STU23864", "amount": 387000.0, "channel": "Wallet", "timestamp": "2026-05-07T07:24:13.060738"}}
{"prev_hash": "2e2c886121445fb81d85074cfa649c35039ade108c3786c905d459ab21ad4681", "data": {"tx_id": "TXN-11948646", "student_id": "STU17161", "amount": 175000.0, "channel": "Bank", "timestamp": "2026-05-09T14:09:13.060738"}}
{"prev_hash": "c2832e67b0b5f0ef87fd77b3e178d94429987b7e5940709229086d388f40e211", "data": {"tx_id": "TXN-9EBFC70A", "student_id": "STU28531", "amount": 267000.0, "channel": "Bank", "timestamp": "2026-05-08T01:24:13.060738"}}
{"prev_hash": "9533dc2d940e3f902f4a50528a3bbe4d3f853025695c954872476a9866dca30a", "data": {"tx_id": "TXN-B4DE8CA9", "student_id": "STU23998", "amount": 329000.0, "channel": "Bank", "timestamp": "2026-05-09T14:00:13.060738"}}
{"prev_hash": "efbe716fea3f7a1445b95f95a28a147cf4dabec132d71239d82c02ecfa8f972c", "data": {"tx_id": "TXN-CCA3919D", "student_id": "STU98894", "amount": 296000.0, "channel": "Wallet", "timestamp": "2026-05-09T11:20:13.060738"}}
{"prev_hash": "7319d4e6fdd1328831bfae2366db1fb373325e02a0102cdd06a64e30ff2c29ac", "data": {"tx_id": "TXN-4A419E91", "student_id": "STU51094", "amount": 173000.0, "channel": "Wallet", "timestamp": "2026-05-11T03:01:13.060738"}}
{"prev_hash": "24663649a4354bcf65771331984e4d2e13ec9d214eca0ff673e4760a8e0f4214", "data": {"tx_id": "TXN-F1E0D7AE", "student_id": "STU93199", "amount": 444000.0, "channel": "Bank", "timestamp": "2026-05-08T16:33:13.060738"}}
{"prev_hash": "7d48990d4ad3d1234838ef6b1937922eb6445e989faf5129d28bffce263baa71", "data": {"tx_id": "TXN-BEC0ACE8", "student_id": "STU89205", "amount": 125000.0, "channel": "Wallet", "timestamp": "2026-05-10T02:51:13.060738"}}
{"prev_hash": "a8527b27e44461520395a2bc912aad4f1708ccdcc2137c6e38d9f575e7e23ce4", "data": {"tx_id": "TXN-2FDB48C9", "student_id": "STU50075", "amount": 196000.0, "channel": "Wallet", "timestamp": "2026-05-10T14:33:13.060738"}}
{"prev_hash": "c9e4f171ce75aa62d19746b6a66ce40ef1af1287b0db1a6e4d525aee32b23b7e", "data": {"tx_id": "TXN-B9C7E3F3", "student_id": "STU95537", "amount": 394000.0, "channel": "Bank", "timestamp": "2026-05-06T09:19:13.060738"}}
{"prev_hash": "d08c993442c0e904bb792f48a79c923fc9a1760cff163980eeb134dcfeee7912", "data": {"tx_id": "TXN-B5B764BF", "student_id": "STU70571", "amount": 292000.0, "channel": "Wallet", "timestamp": "2026-05-05T23:52:13.060738"}}
{"prev_hash": "061f0b27dbaf270a16b82e382352ab9e08501e26b530157c0770c35169913529", "data": {"tx_id": "TXN-BE033E20", "student_id": "STU91771", "amount": 262000.0, "channel": "Wallet", "timestamp": "2026-05-06T20:00:13.060738"}}
{"prev_hash": "7b52e66c20ee9abcf65df309361ffd6c87d7c461ab5a6c10d2f6938bd72f3f58", "data": {"tx_id": "TXN-1818FBD9", "student_id": "STU88572", "amount": 445000.0, "channel": "Bank", "timestamp": "2026-05-07T08:18:13.060738"}}
{"prev_hash": "70e72cd8050ac978750f570ce539f4cbcbf7f3925246e2a1a05f0f150ed60ced", "data": {"tx_id": "TXN-C10A5797", "student_id": "STU28532", "amount": 125000.0, "channel": "Bank", "timestamp": "2026-05-10T19:52:13.060738"}}
{"prev_hash": "d88259781bccad895087eab71faa9bd250e1370686bb023d1f0bb5fd9ad66a31", "data": {"tx_id": "TXN-C70F71A5", "student_id": "STU26510", "amount": 310000.0, "channel": "Bank", "timestamp": "2026-05-06T22:34:13.060738"}}
{"prev_hash": "fb06ee2c63218e9f020fe72bad5a6ec06b632659d2afbbdf088425013fc65445", "data": {"tx_id": "TXN-B9D74B15", "student_id": "STU70072", "amount": 281000.0, "channel": "Bank", "timestamp": "2026-05-07T10:33:13.060738"}}
{"prev_hash": "e713b6efee71f907ba0c73c9d59f78b70bebc3caf240cfed8b3fccfd84188aef", "data": {"tx_id": "TXN-6672A778", "student_id": "STU48178", "amount": 199000.0, "channel": "Wallet", "timestamp": "2026-05-09T04:12:13.060738"}}
{"prev_hash": "3cb07acc6d7245dbe86bea5c69363170e329bce49a4e5142169f39148e337e96", "data": {"tx_id": "TXN-4C92A150", "student_id": "STU39036", "amount": 353000.0, "channel": "Wallet", "timestamp": "2026-05-11T17:06:13.060738"}}
{"prev_hash": "e3f827e7b381458a4012f4517ca30c15b8c1bdf84cdd14c4bf48d3b4bad2bc96", "data": {"tx_id": "TXN-C5A3E497", "student_id": "STU15655", "amount": 123000.0, "channel": "Wallet", "timestamp": "2026-05-06T18:33:13.060738"}}
{"prev_hash": "6bce96b7c87308ba35eefd5b6702ba0ba96518613cfdcc2bd953580fa8e961b7", "data": {"tx_id": "TXN-ED1377C5", "student_id": "STU51473", "amount": 243000.0, "channel": "Bank", "timestamp": "2026-05-05T15:19:13.060738"}}
{"prev_hash": "0a463dd2c1e6e97c44a5fb2b0114e68c67b1d183610eea5f3806f789a7845dcd", "data": {"tx_id": "TXN-60323E6B", "student_id": "STU30419", "amount": 217000.0, "channel": "Bank", "timestamp": "2026-05-11T17:21:13.060738"}}
{"prev_hash": "683177df30ca030e95015516bae7db4d7998d0b1bd84c03054993e939e581b75", "data": {"tx_id": "TXN-C09BE196", "student_id": "STU60521", "amount": 156000.0, "channel": "Wallet", "timestamp": "2026-05-08T23:16:13.060738"}}
{"prev_hash": "3948a8819bb09e67f82320f484a84efd440d52309a2ed79004ff245afb9223cb", "data": {"tx_id": "TXN-D993CDE8", "student_id": "STU13570", "amount": 244000.0, "channel": "Wallet", "timestamp": "2026-05-10T17:54:13.060738"}}
{"prev_hash": "e767c00c1a070d1d92dcc2f8c0f4b1c2f3c6e80c724d75b0ebce20c565a5ad45", "data": {"tx_id": "TXN-D3B05D8B", "student_id": "STU14382", "amount": 211000.0, "channel": "Bank", "timestamp": "2026-05-11T04:07:13.060738"}}
{"prev_hash": "fc6a7119dc434c4dbec29e0a88b2ff6cb624d1727398315d11537a992ea92a8f", "data": {"tx_id": "TXN-8650F5C6", "student_id": "STU43254", "amount": 216000.0, "channel": "Wallet", "timestamp": "2026-05-07T21:32:13.060738"}}
{"prev_hash": "db291794657594a63dba56da9918c896874eda6d0a8242949fed54edc43ad512", "data": {"tx_id": "TXN-9195204C", "student_id": "STU20405", "amount": 133000.0, "channel": "Wallet", "timestamp": "2026-05-06T06:45:13.060738"}}
{"prev_hash": "1952ab2298276146342b82e5f172b9a78a286d9606ac2ec5a54a9b276fb3c8dc", "data": {"tx_id": "TXN-D798D1AB", "student_id": "STU59501", "amount": 420000.0, "channel": "Bank", "timestamp": "2026-05-08T20:49:13.060738"}}
{"prev_hash": "06c66c8450eccf611110b84ce4b2fc2bfa5ce47422f49d8edc1078353f979bff", "data": {"tx_id": "TXN-CC845645", "student_id": "STU83639", "amount": 204000.0, "channel": "Bank", "timestamp": "2026-05-09T07:54:13.060738"}}
{"prev_hash": "682941c547f670ca4e10eb0e3c9209e60b9747725f6c244164a4beb5ab208a8f", "data": {"tx_id": "TXN-C3875E7D", "student_id": "STU37495", "amount": 112000.0, "channel": "Bank", "timestamp": "2026-05-11T19:26:13.060738"}}
{"prev_hash": "b2ea8edf73f5fda1cb5324332d9e17e47c8088337823fa659f4f1c5aa61389c2", "data": {"tx_id": "TXN-E62CB848", "student_id": "STU38644", "amount": 66000.0, "channel": "Bank", "timestamp": "2026-05-10T06:55:13.060738"}}
{"prev_hash": "a50def3c2422a07049444f9d87167776e1d66844720fd82543d6bd9e69fe2f5d", "data": {"tx_id": "TXN-22A4FDBF", "student_id": "STU45416", "amount": 430000.0, "channel": "Wallet", "timestamp": "2026-05-07T14:28:13.060738"}}
{"prev_hash": "a62cff5ff1a895d5453bfef3dc6eecd5752ff20012cdb955c8ab5fddaed6eb65", "data": {"tx_id": "TXN-2C10D626", "student_id": "STU63576", "amount": 315000.0, "channel": "Bank", "timestamp": "2026-05-07T02:29:13.060738"}}
{"prev_hash": "0bea60f215f78ca96a269369100d3326918665c62d0004fb76d03e3a6d343774", "data": {"tx_id": "TXN-6D0D98BA", "student_id": "STU21907", "amount": 238000.0, "channel": "Bank", "timestamp": "2026-05-07T14:13:13.060738"}}
{"prev_hash": "4a6fafb64c482a19c7d74e37500acdd0b29bea6a36bc1b0158059ed5c4f1e2c8", "data": {"tx_id": "TXN-4445DEC5", "student_id": "STU20198", "amount": 453000.0, "channel": "Bank", "timestamp": "2026-05-08T05:42:13.060738"}}
{"prev_hash": "1fbe7faea7cb3f036858ac9d046cb91c6a6d635be6587fdc2cf4789522861dc9", "data": {"tx_id": "TXN-FAB69B95", "student_id": "STU63795", "amount": 306000.0, "channel": "Wallet", "timestamp": "2026-05-10T01:55:13.060738"}}
{"prev_hash": "e64bd488be801d292b07effcf0d4642053c65c4d98267afffa8fde22df094cab", "data": {"tx_id": "TXN-21CD0B3C", "student_id": "STU16196", "amount": 200000.0, "channel": "Wallet", "timestamp": "2026-05-09T08:47:13.060738"}}
{"prev_hash": "2703f685ee5c65738d294d7a3461b35012b68c20e65f91b1e77eb60f9f3597ed", "data": {"tx_id": "TXN-34149097", "student_id": "STU15117", "amount": 257000.0, "channel": "Bank", "timestamp": "2026-05-07T06:19:13.060738"}}
{"prev_hash": "256e59b24c6d48d4e4fc51dee5e291958cf594981993e6ff404cf12f5dce5f9e", "data": {"tx_id": "TXN-7EEE4B3F", "student_id": "STU52423", "amount": 357000.0, "channel": "Bank", "timestamp": "2026-05-09T07:15:13.060738"}}
{"prev_hash": "0c00b0444ddd39215b17583ee0bc02fd3117a0e287fc90649c22993641c46479", "data": {"tx_id": "TXN-4226DF55", "student_id": "STU54689", "amount": 248000.0, "channel": "Bank", "timestamp": "2026-05-07T08:25:13.060738"}}
{"prev_hash": "56bc7339e5a4523299e615292da709941ca7265c96cebf93840c85fc896372fa", "data": {"tx_id": "TXN-858A264C", "student_id": "STU56562", "amount": 171000.0, "channel": "Wallet", "timestamp": "2026-05-06T03:09:13.060738"}}
{"prev_hash": "87d6bb7a60c91ea42dc06460f7c7e00df9ba8e1335fb8e6775f4ecd66d6ed18e", "data": {"tx_id": "TXN-AD0C876F", "student_id": "STU82518", "amount": 472000.0, "channel": "Wallet", "timestamp": "2026-05-07T23:02:13.060738"}}
{"prev_hash": "ab0d1ec00d869308cb73e5ca4dde7c6940d81fafd9df690912fd70919ef5a74f", "data": {"tx_id": "TXN-6B2B7DAD", "student_id": "STU83308", "amount": 203000.0, "channel": "Wallet", "timestamp": "2026-05-07T17:08:13.060738"}}
{"prev_hash": "bd87966332d1c435312f8430e3a34ecc84e8db59e617ac98c486f9715435000b", "data": {"tx_id": "TXN-97664F78", "student_id": "STU30402", "amount": 304000.0, "channel": "Wallet", "timestamp": "2026-05-10T02:03:13.060738"}}
{"prev_hash": "9185e4af1b195958ea2d1cffad3a54b97f6e0bb5c65f589adb5b9aeb11304535", "data": {"tx_id": "TXN-D0EC0E56", "student_id": "STU73766", "amount": 295000.0, "channel": "Bank", "timestamp": "2026-05-10T19:33:13.060738"}}
{"prev_hash": "cebeca498ee984403da4d288e53472d8bc80b426e6195f50495439edcc03ed74", "data": {"tx_id": "TXN-38EADCA1", "student_id": "STU55809", "amount": 307000.0, "channel": "Wallet", "timestamp": "2026-05-08T19:40:13.060738"}}
{"prev_hash": "2f5e676712bc071292c450c6f8288b62264335236cd2184fbdf900e7abb37898", "data": {"tx_id": "TXN-DB308751", "student_id": "STU28624", "amount": 68000.0, "channel": "Wallet", "timestamp": "2026-05-07T09:32:13.060738"}}
{"prev_hash": "2d37dff003a65476710a0b8fbc9ada9b84d6d8a7d41b9fdce9f66b03b6f8f44b", "data": {"tx_id": "TXN-18A80E88", "student_id": "STU83007", "amount": 156000.0, "channel": "Wallet", "timestamp": "2026-05-10T05:42:13.060738"}}
{"prev_hash": "2b14274e91af8ed60038f3b3ea97213e2198ccc11ebbce234d1787a39be0863d", "data": {"tx_id": "TXN-E84AD3BA", "student_id": "STU23932", "amount": 197000.0, "channel": "Wallet", "timestamp": "2026-05-07T13:56:13.060738"}}
{"prev_hash": "4017c33a640058224f70fe56070f036bc9ef389862d69a61b0c10f289905e4d6", "data": {"tx_id": "TXN-06D7C5B2", "student_id": "STU98686", "amount": 446000.0, "channel": "Wallet", "timestamp": "2026-05-08T04:53:13.060738"}}
{"prev_hash": "49d0c77e2a6fd20e4c58f256682e0b0b2e06befe53bfcdf6751c5f90f134798f", "data": {"tx_id": "TXN-6205BFC9", "student_id": "STU15765", "amount": 63000.0, "channel": "Bank", "timestamp": "2026-05-09T11:09:13.060738"}}
{"prev_hash": "7d5facd450991403be304f94c809c59a695a3430827f6256669e05b90efda374", "data": {"tx_id": "TXN-C002D996", "student_id": "STU91814", "amount": 383000.0, "channel": "Wallet", "timestamp": "2026-05-05T16:06:13.060738"}}
{"prev_hash": "87541d472bd26c9462b8a5678e1434012bec80c032a22f1bb24e6d5f769a7566", "data": {"tx_id": "TXN-600E9D3A", "student_id": "STU58088", "amount": 237000.0, "channel": "Bank", "timestamp": "2026-05-09T03:23:13.060738"}}
{"prev_hash": "8c5921a240bb7551aaa6301dcd3f90de9dd6b991e0988a4c6418e106758e2412", "data": {"tx_id": "TXN-D0F81919", "student_id": "STU45107", "amount": 393000.0, "channel": "Wallet", "timestamp": "2026-05-05T16:14:13.060738"}}
{"prev_hash": "5109116836b8fb874852daf5ca5746ef878875762fe8ab329b9e36b3bb26f14c", "data": {"tx_id": "TXN-77C28E9E", "student_id": "STU36991", "amount": 409000.0, "channel": "Bank", "timestamp": "2026-05-05T22:27:13.060738"}}
{"prev_hash": "9d1f116273889909e347a93879a99f18c2f6a9ab1fc71e4caeed3605b7d7bd7c", "data": {"tx_id": "TXN-1136618A", "student_id": "STU84959", "amount": 87000.0, "channel": "Bank", "timestamp": "2026-05-08T11:18:13.060738"}}
{"prev_hash": "7d0ccca74223f7c8afdb313b14c5d744c264740bf1593a8f3078b276094e52db", "data": {"tx_id": "TXN-A39BEF5C", "student_id": "STU92033", "amount": 464000.0, "channel": "Wallet", "timestamp": "2026-05-06T19:21:13.060738"}}
{"prev_hash": "a1f0c61ea6d3cbaca67dafe90d951a15b5efaeee5370bfdcb3c8e280a39d0108", "data": {"tx_id": "TXN-F11ACC11", "student_id": "STU83133", "amount": 158000.0, "channel": "Wallet", "timestamp": "2026-05-05T15:29:13.060738"}}
{"prev_hash": "7d161a213e8758fa0bf570a08ae1db28512060da8b7e9b78b1f155126478372a", "data": {"tx_id": "TXN-79423B00", "student_id": "STU80399", "amount": 256000.0, "channel": "Bank", "timestamp": "2026-05-08T05:54:13.060738"}}
{"prev_hash": "867e1c5844d5f6f8f8899a8a0aa82881f55cca7bb0875c6a4bbf2c9728489d70", "data": {"tx_id": "TXN-41AC26E7", "student_id": "STU94486", "amount": 96000.0, "channel": "Bank", "timestamp": "2026-05-11T11:09:13.060738"}}
{"prev_hash": "2d0838c98a77e2d19014a884e38b8ff9ca32fc5afdbfae89e824dd68e58196ac", "data": {"tx_id": "TXN-62543A1C", "student_id": "STU29266", "amount": 186000.0, "channel": "Wallet", "timestamp": "2026-05-06T00:57:13.060738"}}
{"prev_hash": "0d1a8cba5d4a325679b850a27fac2bd40962a43f1f5a7883c15c1b9260328aca", "data": {"tx_id": "TXN-3E25D265", "student_id": "STU12098", "amount": 143000.0, "channel": "Wallet", "timestamp": "2026-05-10T18:32:13.060738"}}
{"prev_hash": "dbb1df0939e869bc3051e14ee36052505d2dff43be1479cc7bf3c9afc767c088", "data": {"tx_id": "TXN-FA6E46C0", "student_id": "STU81248", "amount": 205000.0, "channel": "Wallet", "timestamp": "2026-05-07T19:52:13.060738"}}
{"prev_hash": "431c507a47834f88eedabfad8408c721826330e1336bc5a8bd411fa50fc95383", "data": {"tx_id": "TXN-2149B916", "student_id": "STU49296", "amount": 459000.0, "channel": "Bank", "timestamp": "2026-05-11T01:12:13.060738"}}
{"prev_hash": "18acb0f61099f9d47c2f4006a942392d8f6eb402729593518cd9a564a0fe04a9", "data": {"tx_id": "TXN-2382B810", "student_id": "STU61293", "amount": 326000.0, "channel": "Bank", "timestamp": "2026-05-09T09:25:13.060738"}}
{"prev_hash": "0c1b45048885988078cdb342909b3753cfe743c5bea253cd3a75296c0e4138f8", "data": {"tx_id": "TXN-B85D05E2", "student_id": "STU43095", "amount": 459000.0, "channel": "Bank", "timestamp": "2026-05-08T05:48:13.060738"}}
{"prev_hash": "c680843239b018d632ee683584962eb20c54a0d973a37bf728c595cc7bea350b", "data": {"tx_id": "TXN-2F357BB9", "student_id": "STU57998", "amount": 480000.0, "channel": "Wallet", "timestamp": "2026-05-10T09:39:13.060738"}}
{"prev_hash": "d30e1089d73d220d1a0994abd0140b63872356dc9ea7b68ab32e848f2686f786", "data": {"tx_id": "TXN-E027F9E6", "student_id": "STU22594", "amount": 87000.0, "channel": "Bank", "timestamp": "2026-05-11T13:19:13.060738"}}
{"prev_hash": "6fee3e0609f0e77dd1b2cd9f52bf7de37de2cfa956723455392cef4dd09bdf3a", "data": {"tx_id": "TXN-BB4E42BA", "student_id": "STU31772", "amount": 431000.0, "channel": "Bank", "timestamp": "2026-05-04T23:00:13.060738"}}
{"prev_hash": "b987cc916f54e16649c9121bf2821b352e1f694320c6364c38a40eeeb92c914e", "data": {"tx_id": "TXN-3BE768B6", "student_id": "STU44339", "amount": 84000.0, "channel": "Bank", "timestamp": "2026-05-04T21:18:13.060738"}}
{"prev_hash": "3079dd7ce7630d19943bd30cf31f7a0fc9f70957213884383a6f856da29321da", "data": {"tx_id": "TXN-2753E38E", "student_id": "STU98641", "amount": 84000.0, "channel": "Bank", "timestamp": "2026-05-06T11:11:13.060738"}}
{"prev_hash": "01507823638fde2ec897034d3370f407618c54ddba5a126e305dff0dfa8dc03c", "data": {"tx_id": "TXN-6AADC35F", "student_id": "STU23780", "amount": 130000.0, "channel": "Bank", "timestamp": "2026-05-09T01:30:13.060738"}}
{"prev_hash": "8d10a4014776b36e0ea911a3da7f85be895552410ab3ceccb76c75a6a32797ea", "data": {"tx_id": "TXN-1DDF85AD", "student_id": "STU39133", "amount": 89000.0, "channel": "Bank", "timestamp": "2026-05-07T23:46:13.060738"}}
{"prev_hash": "486bed5259a997c6f70718e87c8128d59a82169cca9895d5fae41f36b101e157", "data": {"tx_id": "TXN-0155159D", "student_id": "STU20266", "amount": 425000.0, "channel": "Wallet", "timestamp": "2026-05-09T11:16:13.060738"}}
{"prev_hash": "098cd1696b70e56b4151e2bb63c17d8567e10377ca6d191f6e08da2625aa890e", "data": {"tx_id": "TXN-E52D432D", "student_id": "STU86084", "amount": 78000.0, "channel": "Bank", "timestamp": "2026-05-06T16:03:13.060738"}}
{"prev_hash": "7e4ab9e3b780fe94478c38b2d558723d1175f0bb882808710f0e0a8303cf460a", "data": {"tx_id": "TXN-641FEF41", "student_id": "STU64106", "amount": 500000.0, "channel": "Bank", "timestamp": "2026-05-07T22:37:13.060738"}}
{"prev_hash": "a23b8feaaa413a98358a82dd6ad265f2402f2fd42e66d63e9ab2247cbce75487", "data": {"tx_id": "TXN-137D8720", "student_id": "STU57779", "amount": 489000.0, "channel": "Bank", "timestamp": "2026-05-10T12:03:13.060738"}}
{"prev_hash": "bf1b1e0e9c56bae9b301a11f34617dd0feb175b99ab605eb53dd1dcfde88079c", "data": {"tx_id": "TXN-1815466F", "student_id": "STU38978", "amount": 168000.0, "channel": "Wallet", "timestamp": "2026-05-08T09:30:13.060738"}}
{"prev_hash": "d34fda7917478ddce5f5d6dec2466e82dbf72b7b64d48f749c75021561496469", "data": {"tx_id": "TXN-3CE2419B", "student_id": "STU10009", "amount": 380000.0, "channel": "Bank", "timestamp": "2026-05-06T12:51:13.060738"}}
{"prev_hash": "40f4fde48f407ec69a5a64f3d971cf34a5aa131e2ca21aaa26e84b86b0d5016c", "data": {"tx_id": "TXN-AAE6E009", "student_id": "STU34668", "amount": 192000.0, "channel": "Bank", "timestamp": "2026-05-05T08:33:13.060738"}}
{"prev_hash": "825f3eff4b257c7c71968871b157d9f227696daecc7238cfb71d51d650109523", "data": {"tx_id": "TXN-A05F41CD", "student_id": "STU87509", "amount": 202000.0, "channel": "Bank", "timestamp": "2026-05-10T05:32:13.060738"}}
{"prev_hash": "d79beee6c9daa98d0295e76f9caa025a25f8415f29a7996a769b25172b7e5bde", "data": {"tx_id": "TXN-905116A1", "student_id": "STU83224", "amount": 411000.0, "channel": "Wallet", "timestamp": "2026-05-06T13:34:13.060738"}}
{"prev_hash": "8c882ff08edfbafc6ccad11a765267a30a443e9022ab6d1cf242a2376cd60347", "data": {"tx_id": "TXN-D3025679", "student_id": "STU69774", "amount": 306000.0, "channel": "Bank", "timestamp": "2026-05-11T10:16:13.060738"}}
{"prev_hash": "0876e6a385413234d4e860a9259ac92daee7a0311d78bde50d2407bc292f571b", "data": {"tx_id": "TXN-838254BD", "student_id": "STU73499", "amount": 293000.0, "channel": "Bank", "timestamp": "2026-05-08T23:05:13.060738"}}
{"prev_hash": "cb6eb64ace48d1e84f1283fb081664904ba29ade77f1e8eaedde9c25ffcc73de", "data": {"tx_id": "TXN-D112E53C", "student_id": "STU21156", "amount": 107000.0, "channel": "Wallet", "timestamp": "2026-05-11T03:42:13.060738"}}
{"prev_hash": "2fc7f4ea1e4f67f97b8fb4d4e185cf9846d2c3e33cb62fc22eb362daab12b2c8", "data": {"tx_id": "TXN-1961DB36", "student_id": "STU79939", "amount": 443000.0, "channel": "Bank", "timestamp": "2026-05-10T11:57:13.060738"}}
{"prev_hash": "78c13aff7634f1f25a4d0fead2ee068ec5c231387c1ebf566d76102c5908ced4", "data": {"tx_id": "TXN-06076386", "student_id": "STU12613", "amount": 486000.0, "channel": "Wallet", "timestamp": "2026-05-10T13:54:13.060738"}}
{"prev_hash": "ef8d058b37e8f19bdbaae14323dc7142fc91095d47ffb218ceeaefa9484be06f", "data": {"tx_id": "TXN-16082DCE", "student_id": "STU16814", "amount": 436000.0, "channel": "Wallet", "timestamp": "2026-05-07T11:38:13.060738"}}
{"prev_hash": "8837b1ecd2792494207df59fea37a20ed5f3e6ad2c7a9185ff96e58a02585005", "data": {"tx_id": "TXN-DACC3A13", "student_id": "STU98695", "amount": 377000.0, "channel": "Wallet", "timestamp": "2026-05-10T19:02:13.060738"}}
{"prev_hash": "b6643a5dc46526db294d8f3916ea892930615d415c994bc6e7bd7e19a42b2f68", "data": {"tx_id": "TXN-61E7D94D", "student_id": "STU58978", "amount": 63000.0, "channel": "Bank", "timestamp": "2026-05-10T18:07:13.060738"}}
{"prev_hash": "3f17af03f1ae7aa55a1de264570558c651d8310037e610e3443d091991f7d386", "data": {"tx_id": "TXN-87C3A6DA", "student_id": "STU46177", "amount": 70000.0, "channel": "Wallet", "timestamp": "2026-05-10T04:31:13.060738"}}
{"prev_hash": "a5a03817796dca27d8da71b72c511c19e2136e6f315cd7993c60ae24e2377a32", "data": {"tx_id": "TXN-B0E9CAD9", "student_id": "STU59771", "amount": 58000.0, "channel": "Wallet", "timestamp": "2026-05-06T07:10:13.060738"}}
{"prev_hash": "069fa07a380dc6655d89a89da93549876b72895b8a9dc0f11ed990fc74fd4b76", "data": {"tx_id": "TXN-A417B7CF", "student_id": "STU15909", "amount": 319000.0, "channel": "Wallet", "timestamp": "2026-05-10T14:42:13.060738"}}
{"prev_hash": "06e53aab8a5e7b380ff0cbec8891a95ef0704dfb1d05232809f5fbac2fe1a607", "data": {"tx_id": "TXN-9C18CEF0", "student_id": "STU29552", "amount": 210000.0, "channel": "Wallet", "timestamp": "2026-05-07T08:48:13.060738"}}
{"prev_hash": "edcb414def4517565c77415a76e7dc2a20c883fb33cdc8a07aa03d03d765d3d3", "data": {"tx_id": "TXN-32531778", "student_id": "STU69770", "amount": 91000.0, "channel": "Wallet", "timestamp": "2026-05-07T23:35:13.060738"}}
{"prev_hash": "d6beb4ff2a4b219694f489b36ae72a780fad4947ff071fdc12c7013ecfc704fc", "data": {"tx_id": "TXN-455BA936", "student_id": "STU37767", "amount": 434000.0, "channel": "Wallet", "timestamp": "2026-05-11T03:47:13.060738"}}
{"prev_hash": "f79dc9420861c763540597efd0b51e45fc1fb6bb7b25481aaea775c90eff3abd", "data": {"tx_id": "TXN-6E96CB7D", "student_id": "STU57905", "amount": 469000.0, "channel": "Wallet", "timestamp": "2026-05-07T04:14:13.060738"}}
{"prev_hash": "5522f2fc1c78d5122e3123ef2964334a093a774075ecba332c6eff77b198922d", "data": {"tx_id": "TXN-08592A0B", "student_id": "STU95418", "amount": 376000.0, "channel": "Bank", "timestamp": "2026-05-06T13:48:13.060738"}}
{"prev_hash": "5edbd8c6c79bdcf56c97c248ad55c2cf84628decb848d8797d62f9f54b0941bc", "data": {"tx_id": "TXN-6D9C612D", "student_id": "STU15926", "amount": 246000.0, "channel": "Bank", "timestamp": "2026-05-09T13:16:13.060738"}}
{"prev_hash": "60e4a907ccaa2184a9a50bfb10d1d40a2e39228ccf1063365d54d3b89857790c", "data": {"tx_id": "TXN-33D165F8", "student_id": "STU28951", "amount": 119000.0, "channel": "Wallet", "timestamp": "2026-05-10T00:58:13.060738"}}
{"prev_hash": "853c88fe2574c5246458c5a23591fcc3cc637439383011745962587f4475a52b", "data": {"tx_id": "TXN-F08CD3ED", "student_id": "STU21005", "amount": 271000.0, "channel": "Wallet", "timestamp": "2026-05-09T05:57:13.060738"}}
{"prev_hash": "ddc8bffb4341be812798a3703a611667ccd5a37734d0fbd86b2de24e7538e2c9", "data": {"tx_id": "TXN-21A99C01", "student_id": "STU67257", "amount": 337000.0, "channel": "Bank", "timestamp": "2026-05-06T08:26:13.060738"}}
{"prev_hash": "c34741890950dd0722058317427047a4760d0c247776fd91cb2852ab543823ea", "data": {"tx_id": "TXN-051D0F1F", "student_id": "STU83845", "amount": 85000.0, "channel": "Bank", "timestamp": "2026-05-07T13:36:13.060738"}}
{"prev_hash": "3948c12241481079c3578588aa20f10d56d8f9e3421c7c11ff8eea93700535f3", "data": {"tx_id": "TXN-0493F248", "student_id": "STU68736", "amount": 338000.0, "channel": "Bank", "timestamp": "2026-05-10T20:37:13.060738"}}
{"prev_hash": "1b144161357cffffd5c66b2559d55d49f3d1835794ab5926b3910178b01e20be", "data": {"tx_id": "TXN-D84F6746", "student_id": "STU16629", "amount": 128000.0, "channel": "Wallet", "timestamp": "2026-05-09T06:15:13.060738"}}
{"prev_hash": "b0b94337144e2fbcec1f5c4a8508dd774894de782f57cd31d3f59c144b540962", "data": {"tx_id": "TXN-2DBF84D7", "student_id": "STU66128", "amount": 199000.0, "channel": "Wallet", "timestamp": "2026-05-06T22:54:13.060738"}}
{"prev_hash": "09c5a0747c2a126e8133c4f67e6f06ffceb25df7fa03688bf53deaef5f0a3d40", "data": {"tx_id": "TXN-6B8DF3AE", "student_id": "STU82975", "amount": 441000.0, "channel": "Wallet", "timestamp": "2026-05-08T10:26:13.060738"}}
{"prev_hash": "e30a6a4b98def0c54fcefacca7edfba98d82c11a15057a8cba114a77629fc70c", "data": {"tx_id": "TXN-75D6D1E6", "student_id": "STU51010", "amount": 240000.0, "channel": "Bank", "timestamp": "2026-05-09T11:03:13.060738"}}
{"prev_hash": "0da74adc88846e9c7943224c69ca2313736c1be36bca570fded5ffff2cbe83f1", "data": {"tx_id": "TXN-45209835", "student_id": "STU11326", "amount": 68000.0, "channel": "Wallet", "timestamp": "2026-05-10T04:33:13.060738"}}
{"prev_hash": "62c45cb048a0908f31817d04c75feb21a68fca011c40a4bb5f4e167958055538", "data": {"tx_id": "TXN-82ABFBA6", "student_id": "STU75207", "amount": 306000.0, "channel": "Bank", "timestamp": "2026-05-07T17:10:13.060738"}}
{"prev_hash": "64166fac29c6aec4af2958805380ea6c985df66ad12b7fd0f81f188b8c38ae71", "data": {"tx_id": "TXN-F2A587AC", "student_id": "STU63535", "amount": 473000.0, "channel": "Bank", "timestamp": "2026-05-09T07:05:13.060738"}}
{"prev_hash": "627b7d38852a4b4bff0bb305b1b339012cc406687963f792b30121ac51363a23", "data": {"tx_id": "TXN-55C459CA", "student_id": "STU84740", "amount": 119000.0, "channel": "Wallet", "timestamp": "2026-05-08T01:10:13.060738"}}
{"prev_hash": "527d00ba570693789a94c713e8e1d8ecf1c5c04ca90490bdfdeb83ca0ab45830", "data": {"tx_id": "TXN-1CEC77C4", "student_id": "STU21636", "amount": 137000.0, "channel": "Wallet", "timestamp": "2026-05-09T03:46:13.060738"}}
{"prev_hash": "11d6c9b9d52b2b0995639e219fd7f64cc8270de74f3c3e0598892bf66ef329fc", "data": {"tx_id": "TXN-B0A2B4E3", "student_id": "STU58019", "amount": 254000.0, "channel": "Bank", "timestamp": "2026-05-10T07:40:13.060738"}}
{"prev_hash": "c7924d5278f052ca2e349b93768587984778226ebdaf3723ad554f1c62625939", "data": {"tx_id": "TXN-6419D826", "student_id": "STU17860", "amount": 55000.0, "channel": "Bank", "timestamp": "2026-05-07T05:14:13.060738"}}
{"prev_hash": "da823b454ebc939384f05d9e3472685883baa3ef782cf1f00ae045a18c611139", "data": {"tx_id": "TXN-410D0C1D", "student_id": "STU80537", "amount": 491000.0, "channel": "Wallet", "timestamp": "2026-05-09T21:10:13.060738"}}
{"prev_hash": "c80d97868ddcba1b3dfa7cd95e2aeab45c40d7eb9eefb550343351b696df16d4", "data": {"tx_id": "TXN-67B6B164", "student_id": "STU18847", "amount": 409000.0, "channel": "Bank", "timestamp": "2026-05-06T21:36:13.060738"}}
{"prev_hash": "8bf863b9102daeaf08d2a02ecd6be049fbae7dc8437f098c58c9cbc6cd91a94e", "data": {"tx_id": "TXN-708C91A4", "student_id": "STU26726", "amount": 180000.0, "channel": "Wallet", "timestamp": "2026-05-08T10:54:13.060738"}}
{"prev_hash": "0672ebf8a0f0239fdebf78c9874b0b41c9997c8e202e9b8bb4e0b70d9f2481d5", "data": {"tx_id": "TXN-4240E0FF", "student_id": "STU72043", "amount": 381000.0, "channel": "Wallet", "timestamp": "2026-05-05T07:26:13.060738"}}
{"prev_hash": "4cfe348ec76af4ec2890a685ab203058eae8142d254753019ef4917e49094954", "data": {"tx_id": "TXN-0FDA3844", "student_id": "STU53942", "amount": 257000.0, "channel": "Wallet", "timestamp": "2026-05-08T18:54:13.060738"}}
{"prev_hash": "2ab772bd50945d2a16d90022c3c890ef9088540c08447f7f4e5db354d75b7396", "data": {"tx_id": "TXN-F5BA27C5", "student_id": "STU92127", "amount": 296000.0, "channel": "Bank", "timestamp": "2026-05-04T21:54:13.060738"}}
{"prev_hash": "c2b646bf93323044235486459d161fcbbd61cf6711465de394e836dc66e75bbd", "data": {"tx_id": "TXN-D351F559", "student_id": "STU88545", "amount": 140000.0, "channel": "Wallet", "timestamp": "2026-05-09T06:43:13.060738"}}
{"prev_hash": "f2597fc6f93dff383c69e2e167667d1dc7aa91d944a3e6fd560ea43b74b4dc9a", "data": {"tx_id": "TXN-30D791C5", "student_id": "STU14007", "amount": 416000.0, "channel": "Bank", "timestamp": "2026-05-08T01:49:13.060738"}}
{"prev_hash": "251483dea96350a74496278cf7f246755daf6b5562351f19a19e33a310fa368e", "data": {"tx_id": "TXN-D5A34152", "student_id": "STU49682", "amount": 147000.0, "channel": "Bank", "timestamp": "2026-05-05T04:42:13.060738"}}
{"prev_hash": "e8182b359cc5aa945d6d7efa0e11310b81b962a2e8c0198961dff4858f21b26a", "data": {"tx_id": "TXN-2B2FCFC5", "student_id": "STU34517", "amount": 425000.0, "channel": "Wallet", "timestamp": "2026-05-10T20:10:13.060738"}}
{"prev_hash": "7271c2aa05a2b48a53522a5995128eb0e118c012e8fea67c2e53d71c4c1bd05f", "data": {"tx_id": "TXN-211F4A5F", "student_id": "STU20202", "amount": 61000.0, "channel": "Wallet", "timestamp": "2026-05-10T07:19:13.060738"}}
{"prev_hash": "2d986940cab5ec4355e1314bbd07426ccb62330c35990dbba8ef559b0c6a137d", "data": {"tx_id": "TXN-7CA5B3D0", "student_id": "STU26112", "amount": 465000.0, "channel": "Bank", "timestamp": "2026-05-06T12:01:13.060738"}}
{"prev_hash": "89d8064493f93f157c298d5d894a1a04c2b23d61d1af089a5e0c22059b4b8b96", "data": {"tx_id": "TXN-C1A4D6B1", "student_id": "STU13078", "amount": 272000.0, "channel": "Bank", "timestamp": "2026-05-05T23:48:13.060738"}}
{"prev_hash": "4dd697a30c5795892a83dc764aa75fce7b855ab51f932f6561a0282c462dc2f3", "data": {"tx_id": "TXN-C7C4B375", "student_id": "STU26712", "amount": 313000.0, "channel": "Wallet", "timestamp": "2026-05-10T11:48:13.060738"}}
{"prev_hash": "5626f8dabc2523249b79b1b87e9275aae55dd42187bec04c04fda60b26e5b81b", "data": {"tx_id": "TXN-0A44FDF7", "student_id": "STU53160", "amount": 213000.0, "channel": "Wallet", "timestamp": "2026-05-08T20:21:13.060738"}}
{"prev_hash": "72a455bf6d6138c6f3c70cb9b8f439a931aea0fff1e0d99239172644386a3633", "data": {"tx_id": "TXN-B3C0F4DF", "student_id": "STU56837", "amount": 211000.0, "channel": "Wallet", "timestamp": "2026-05-08T18:55:13.060738"}}
{"prev_hash": "005b0c3fb2a60e5a116ed4c3b227009419926cc2995b3d7a9b1fbed2ff4eaee1", "data": {"tx_id": "TXN-C9D34704", "student_id": "STU51836", "amount": 301000.0, "channel": "Bank", "timestamp": "2026-05-09T03:57:13.060738"}}
{"prev_hash": "565c63f422851127b5962f48dd587a4277a3cdadceab86f7cc8f72a6ae1c08ed", "data": {"tx_id": "TXN-37BABA29", "student_id": "STU50232", "amount": 323000.0, "channel": "Wallet", "timestamp": "2026-05-06T01:50:13.060738"}}
{"prev_hash": "59595c97a78bfb3acf81f1b297f3f9bac6a298ff5b0fab915ff412d489eeceb9", "data": {"tx_id": "TXN-F454CEA9", "student_id": "STU29154", "amount": 442000.0, "channel": "Wallet", "timestamp": "2026-05-10T10:56:13.060738"}}
{"prev_hash": "2b13a0a82ddac6162787e30354944d53b198cabdde1e2f151fb1d7cca26b4a80", "data": {"tx_id": "TXN-2828B338", "student_id": "STU32393", "amount": 188000.0, "channel": "Wallet", "timestamp": "2026-05-11T17:57:13.060738"}}
{"prev_hash": "883d92da8b2f2226a07fb924edd10c842c5c0abe05288ad26b72c30d42141fa5", "data": {"tx_id": "TXN-FF4304B3", "student_id": "STU39834", "amount": 475000.0, "channel": "Wallet", "timestamp": "2026-05-07T11:16:13.060738"}}
{"prev_hash": "25dd48db148ff38a020538d44cb679dea859a80c4b608e18d9c165f2252f64d0", "data": {"tx_id": "TXN-0922940B", "student_id": "STU86361", "amount": 367000.0, "channel": "Wallet", "timestamp": "2026-05-11T19:42:13.060738"}}
{"prev_hash": "3f1d9315b71cb41dd5b752ddd23109bce5063a08f9ec74cc44b7e2b866d3cfc7", "data": {"tx_id": "TXN-E470E92E", "student_id": "STU31519", "amount": 361000.0, "channel": "Bank", "timestamp": "2026-05-10T16:36:13.060738"}}
{"prev_hash": "be5fcace95b280f1dac791523e80c0c7e2925d6f7371d94ab91eb828a630cef1", "data": {"tx_id": "TXN-047983CA", "student_id": "STU59923", "amount": 422000.0, "channel": "Wallet", "timestamp": "2026-05-09T02:09:13.060738"}}
{"prev_hash": "f20ebb605b8e14d88e2bdc9a1855c2aceb8436a955f8b5370c4a120fedc163c2", "data": {"tx_id": "TXN-F072EB5D", "student_id": "STU31562", "amount": 354000.0, "channel": "Bank", "timestamp": "2026-05-07T22:27:13.060738"}}
{"prev_hash": "8a39d33c73e01e28fadf826fc193556a34320706d062fa43708aeec924615353", "data": {"tx_id": "TXN-60C0D178", "student_id": "STU51621", "amount": 326000.0, "channel": "Wallet", "timestamp": "2026-05-05T10:34:13.060738"}}
{"prev_hash": "38186317241f8b6cfd9fd389d85f0d9adf1935584400fcc444a6f34cd622dc1a", "data": {"tx_id": "TXN-CC64CF9C", "student_id": "STU17046", "amount": 478000.0, "channel": "Wallet", "timestamp": "2026-05-10T23:44:13.060738"}}
{"prev_hash": "dc3930aaf6748e00ebf8c7452db3b3c3d0b1949725bb39a78c618d1a4eee7721", "data": {"tx_id": "TXN-EB6FD08E", "student_id": "STU98430", "amount": 231000.0, "channel": "Bank", "timestamp": "2026-05-09T17:50:13.060738"}}
{"prev_hash": "e95f5e117aeb0a3663fa914b7a2ac4aa70bbe8a42df024ce003b9628297663cb", "data": {"tx_id": "TXN-B739C89F", "student_id": "STU36456", "amount": 173000.0, "channel": "Wallet", "timestamp": "2026-05-07T21:21:13.060738"}}
{"prev_hash": "aba3e26e7f75735301590aea103631254e2cbab72e11c62570e2b75cff4f125e", "data": {"tx_id": "TXN-B81A51AB", "student_id": "STU98238", "amount": 283000.0, "channel": "Wallet", "timestamp": "2026-05-08T10:47:13.060738"}}
{"prev_hash": "78118f6bb35b8ed32052e5c7763a75acbaa0a98012093cdcf32978340571a038", "data": {"tx_id": "TXN-2917AE22", "student_id": "STU71527", "amount": 260000.0, "channel": "Bank", "timestamp": "2026-05-07T08:37:13.060738"}}
{"prev_hash": "32a3bd1284c715fc1fa60b405288023ea5435400af042147bd94f03fd9225972", "data": {"tx_id": "TXN-D95FF0BE", "student_id": "STU95560", "amount": 353000.0, "channel": "Wallet", "timestamp": "2026-05-11T11:33:13.060738"}}
{"prev_hash": "505fae7218b6216af6ace525b67ebcef0da06923ad4bf077fd5e7f009547fa78", "data": {"tx_id": "TXN-B7EDB073", "student_id": "STU33379", "amount": 193000.0, "channel": "Bank", "timestamp": "2026-05-07T14:33:13.060738"}}
{"prev_hash": "49b849edec8d8189cc49bb9f39f133bf755287364036ffd4683ec32b7af9b0c8", "data": {"tx_id": "TXN-88DE8D6A", "student_id": "STU14438", "amount": 430000.0, "channel": "Bank", "timestamp": "2026-05-06T18:31:13.060738"}}
{"prev_hash": "9a11ffb3b247d40c8f85561c284256bd265e01d5f8ac4542fad69c9d616119dd", "data": {"tx_id": "TXN-BDA60416", "student_id": "STU79705", "amount": 76000.0, "channel": "Wallet", "timestamp": "2026-05-07T00:24:13.060738"}}
{"prev_hash": "340ced2dbd5f61150effcf4e3b2c8f6bfce38fc2d1be3009673e17b8eeb97ee8", "data": {"tx_id": "TXN-BC9CE7AF", "student_id": "STU49079", "amount": 389000.0, "channel": "Bank", "timestamp": "2026-05-05T12:37:13.060738"}}
{"prev_hash": "cfdc5c11d1df039944b5e36a1970ea6ce8aa1d6147af30c9850f66ce38112c99", "data": {"tx_id": "TXN-875FA1E4", "student_id": "STU45463", "amount": 474000.0, "channel": "Bank", "timestamp": "2026-05-11T02:05:13.060738"}}
{"prev_hash": "8c562a97fae0204a26a951420e08e2d0c497e665fc8ebed851639b1178ea9922", "data": {"tx_id": "TXN-077F0B0D", "student_id": "STU67048", "amount": 324000.0, "channel": "Bank", "timestamp": "2026-05-07T05:52:13.060738"}}
{"prev_hash": "c47bf5e7be47df8c62195dc19cc0570a794c4657f829cf95969a41b47705e875", "data": {"tx_id": "TXN-CA4F8BF2", "student_id": "STU62456", "amount": 123000.0, "channel": "Bank", "timestamp": "2026-05-07T22:33:13.060738"}}
{"prev_hash": "bc19274312921d9296e00a882d51402f3301d52a15e1a0b3d86b1ef63f462f1e", "data": {"tx_id": "TXN-3923E986", "student_id": "STU27034", "amount": 183000.0, "channel": "Bank", "timestamp": "2026-05-08T00:08:13.060738"}}
{"prev_hash": "4a161e1847b4a165e6010b48308493f06e7cd5433045bf91faf49a0dd7aad171", "data": {"tx_id": "TXN-18F76C34", "student_id": "STU15611", "amount": 189000.0, "channel": "Wallet", "timestamp": "2026-05-06T06:40:13.060738"}}
{"prev_hash": "fd4ee17036fa6a167d60e770f97514ee979807c7376a9f20c6a358a379f4c309", "data": {"tx_id": "TXN-673C3C30", "student_id": "STU22574", "amount": 264000.0, "channel": "Wallet", "timestamp": "2026-05-09T05:15:13.060738"}}
{"prev_hash": "6c26e66e7c588386bcc63493795e28792c297d2dff62b13c83ffe2cc6a362f9a", "data": {"tx_id": "TXN-0B70136B", "student_id": "STU89549", "amount": 283000.0, "channel": "Wallet", "timestamp": "2026-05-06T16:46:13.060738"}}
{"prev_hash": "fec37b606f98290f3130cece744c4ac6c9405e3b15dc909fd44a58cb4e5edba2", "data": {"tx_id": "TXN-5122029A", "student_id": "STU99201", "amount": 249000.0, "channel": "Bank", "timestamp": "2026-05-09T09:23:13.060738"}}
{"prev_hash": "fe7ea32a18d2ff4db3f66df891ad1866168a956c8eaaea39ef898d77568eb41d", "data": {"tx_id": "TXN-2024EBB4", "student_id": "STU70040", "amount": 132000.0, "channel": "Bank", "timestamp": "2026-05-05T05:17:13.060738"}}
{"prev_hash": "aca71d5ac0caf18399778af1c42c1dd5f1755a2dceccb6bc00787749f4322aaa", "data": {"tx_id": "TXN-216A9401", "student_id": "STU54998", "amount": 335000.0, "channel": "Bank", "timestamp": "2026-05-06T15:58:13.060738"}}
{"prev_hash": "3e0ac1dc7ff8b75e6a232c668adbecf97edc1f6a6e60c3035f51fff1ddc14325", "data": {"tx_id": "TXN-393D7F9A", "student_id": "STU62957", "amount": 265000.0, "channel": "Bank", "timestamp": "2026-05-05T07:23:13.060738"}}
{"prev_hash": "2881eaa81c22dbcf584b5348cbb4dc0a1aefa4ae2cf88328078e8b8419802c61", "data": {"tx_id": "TXN-2EDD9A53", "student_id": "STU46958", "amount": 339000.0, "channel": "Wallet", "timestamp": "2026-05-08T00:05:13.060738"}}
{"prev_hash": "d0f527cb1b16ed1e92bc6188930716624d955233a14fe12e48aae659705eb90e", "data": {"tx_id": "TXN-5899395A", "student_id": "STU97617", "amount": 242000.0, "channel": "Wallet", "timestamp": "2026-05-10T01:03:13.060738"}}
{"prev_hash": "305b9482ae39a191109140e213d5e31e3814d8115e0124a09b8d4b1c08e9d78e", "data": {"tx_id": "TXN-FE449DFE", "student_id": "STU15440", "amount": 434000.0, "channel": "Bank", "timestamp": "2026-05-05T06:02:13.060738"}}
{"prev_hash": "dd576d1d8c1da58e950ba073c780ecae8a73ebfd3494e931d2dc7a03702cdde3", "data": {"tx_id": "TXN-3C2F54E3", "student_id": "STU33847", "amount": 122000.0, "channel": "Bank", "timestamp": "2026-05-05T09:28:13.060738"}}
{"prev_hash": "e8b2161efb0c0bb17e95b3f8b83ceb45ecc0d8a1f6fafd0ae42a305585c63734", "data": {"tx_id": "TXN-115632AA", "student_id": "STU33011", "amount": 225000.0, "channel": "Wallet", "timestamp": "2026-05-10T13:44:13.060738"}}
{"prev_hash": "fbad78db3713fce2b9ebdf95c75f7a2cf7ec765c9cc865336483ef1b89b5959c", "data": {"tx_id": "TXN-FA59409A", "student_id": "STU76178", "amount": 284000.0, "channel": "Bank", "timestamp": "2026-05-10T00:21:13.060738"}}
{"prev_hash": "d3cf886b06422c79f8f4961e790cad44854cfd2bca29a6685a5273205a3bfebc", "data": {"tx_id": "TXN-39461429", "student_id": "STU54778", "amount": 295000.0, "channel": "Bank", "timestamp": "2026-05-07T02:16:13.060738"}}
{"prev_hash": "836baa0b9d4c5a7ba12aa2ed796532f467e5466d8c5a5a998291bbfdc1875c0f", "data": {"tx_id": "TXN-80030AA8", "student_id": "STU45705", "amount": 331000.0, "channel": "Bank", "timestamp": "2026-05-10T01:14:13.060738"}}
{"prev_hash": "3d60dd8a20dfab5b2e27121237f5bfcbd15465c07dd7a4caa4991c881fd257c4", "data": {"tx_id": "TXN-FBD079C9", "student_id": "STU71043", "amount": 75000.0, "channel": "Bank", "timestamp": "2026-05-08T18:42:13.060738"}}
{"prev_hash": "5bfc8ec93c78f0a6fbb9e9829ad7209c859e0bdb3ef98bdbc0996615b00aa083", "data": {"tx_id": "TXN-50461D8E", "student_id": "STU29770", "amount": 102000.0, "channel": "Bank", "timestamp": "2026-05-08T12:14:13.060738"}}
{"prev_hash": "41c7b1188c62bffa82a88396d53c5d583ba7b1016b66b689ff86c5e43f394834", "data": {"tx_id": "TXN-4933B158", "student_id": "STU27711", "amount": 192000.0, "channel": "Bank", "timestamp": "2026-05-10T06:45:13.060738"}}
{"prev_hash": "4247a6c40f132ec9072e9eb7b982e9eab6770fecb45eca3dc9522caf075eb717", "data": {"tx_id": "TXN-5B8D9738", "student_id": "STU33564", "amount": 271000.0, "channel": "Bank", "timestamp": "2026-05-07T17:28:13.060738"}}
{"prev_hash": "6807dff7142c408d02f06569d3e31839b6507dd830506573c440c119ee3acb37", "data": {"tx_id": "TXN-84D04CB7", "student_id": "STU47226", "amount": 194000.0, "channel": "Bank", "timestamp": "2026-05-11T05:17:13.060738"}}
{"prev_hash": "1ec34b9ff7f5f7ddc487ba2ef94aa97da5c09adcc0817cf10d993e1e70156360", "data": {"tx_id": "TXN-C2ABFF02", "student_id": "STU66158", "amount": 179000.0, "channel": "Bank", "timestamp": "2026-05-09T07:50:13.060738"}}
{"prev_hash": "68e7a306b3d0b0ec2c99e45c3700b0b7f56e26851b61ffabccd067ce9b192f94", "data": {"tx_id": "TXN-C345CE36", "student_id": "STU32384", "amount": 78000.0, "channel": "Bank", "timestamp": "2026-05-10T10:25:13.060738"}}
{"prev_hash": "ee33f8ed6c78e30d6adea93b05afe01cd484274366881c8bb8eedd7b5c6c0724", "data": {"tx_id": "TXN-8468D483", "student_id": "STU93021", "amount": 195000.0, "channel": "Bank", "timestamp": "2026-05-05T04:59:13.060738"}}
{"prev_hash": "958ac25d75f79356e02750181b18a8d56e52ec7e55967781d252c6a4dbdc611b", "data": {"tx_id": "TXN-8DC80EB6", "student_id": "STU68120", "amount": 488000.0, "channel": "Bank", "timestamp": "2026-05-10T08:31:13.060738"}}
{"prev_hash": "1beb4944302cbda5103aeb50a86c211a89a7a1eb15af71d453f26ce362904cd6", "data": {"tx_id": "TXN-E87476AE", "student_id": "STU80450", "amount": 303000.0, "channel": "Wallet", "timestamp": "2026-05-05T07:15:13.060738"}}
{"prev_hash": "aa9ba4b79c795edfd766f5168f9142341d11c2c3d6c2db1ba55a7bc8146b3136", "data": {"tx_id": "TXN-57FEF754", "student_id": "STU96245", "amount": 328000.0, "channel": "Wallet", "timestamp": "2026-05-05T22:11:13.060738"}}
{"prev_hash": "8173f4a6ac8e8a821ca96275ddc15598b3d3e4e562098c73786efa0b67192dae", "data": {"tx_id": "TXN-36479FEE", "student_id": "STU59124", "amount": 227000.0, "channel": "Bank", "timestamp": "2026-05-06T02:07:13.060738"}}
{"prev_hash": "5d6de2e69910f3c98b599a4788825cacd86996afaa83bbdb80db0e15def933d0", "data": {"tx_id": "TXN-ACD5FB61", "student_id": "STU52746", "amount": 423000.0, "channel": "Wallet", "timestamp": "2026-05-09T02:33:13.060738"}}
{"prev_hash": "b63fc375ff3b913be361c21cc0dafa62b14817a451c747cf07f63bcd8d8ba821", "data": {"tx_id": "TXN-83262591", "student_id": "STU67793", "amount": 266000.0, "channel": "Wallet", "timestamp": "2026-05-11T17:21:13.060738"}}
{"prev_hash": "47c5e15f2bb6b6461b469ef796a1c70d0ada578f870329c2da45efe5468d985e", "data": {"tx_id": "TXN-7A36EBD3", "student_id": "STU65199", "amount": 255000.0, "channel": "Wallet", "timestamp": "2026-05-11T12:55:13.060738"}}
{"prev_hash": "d56f0cf908f01e39defe0e17fc72ff59379be7094a6a6cbcd2243ede2947bff7", "data": {"tx_id": "TXN-F28ABAFF", "student_id": "STU33385", "amount": 313000.0, "channel": "Bank", "timestamp": "2026-05-08T21:10:13.060738"}}
{"prev_hash": "8702762bd5739e4325ce8155b2d15f2f502b8073c8f27b83b5d1a3526e546a77", "data": {"tx_id": "TXN-214A281C", "student_id": "STU41330", "amount": 333000.0, "channel": "Wallet", "timestamp": "2026-05-10T23:10:13.060738"}}
{"prev_hash": "6ac3806dffd0f5a3b548fa082a032540aa3154b96835e16af495fb21d435c681", "data": {"tx_id": "TXN-437C430C", "student_id": "STU98833", "amount": 484000.0, "channel": "Bank", "timestamp": "2026-05-11T14:46:13.060738"}}
{"prev_hash": "75cd80bde0ef77a0f089c225c02874d6cee7573e87b78fa84ff8353ead420820", "data": {"tx_id": "TXN-E6C715F8", "student_id": "STU88377", "amount": 92000.0, "channel": "Wallet", "timestamp": "2026-05-05T06:30:13.060738"}}
{"prev_hash": "15e5cdadf597876254f8edfce162882349667c77df5250800a48702fddff04bd", "data": {"tx_id": "TXN-F77FE9F3", "student_id": "STU11029", "amount": 460000.0, "channel": "Wallet", "timestamp": "2026-05-05T00:41:13.060738"}}
{"prev_hash": "67da438bd8f479c1d9dfe720cf47f0cb561d0faaa90938ab57c32526fcc171f3", "data": {"tx_id": "TXN-776ADB54", "student_id": "STU62602", "amount": 455000.0, "channel": "Wallet", "timestamp": "2026-05-09T16:43:13.060738"}}
{"prev_hash": "5290d31e3d5bf5c3fed7166b3950913b7fbbb618e98f0f8e1de5fcaa77c43970", "data": {"tx_id": "TXN-36A88F56", "student_id": "STU61118", "amount": 328000.0, "channel": "Wallet", "timestamp": "2026-05-05T19:52:13.060738"}}
{"prev_hash": "3956fad99b6f28e9fdf35fcab63c73dba3e84f1672a93479a535427f43b8e95c", "data": {"tx_id": "TXN-F324D267", "student_id": "STU88775", "amount": 409000.0, "channel": "Wallet", "timestamp": "2026-05-09T10:57:13.060738"}}
{"prev_hash": "bb664c3945e6079a331ec83e7860b117eecfb4320d4dda026ff8447cb4c4bc7e", "data": {"tx_id": "TXN-FEE2B6E7", "student_id": "STU62066", "amount": 115000.0, "channel": "Bank", "timestamp": "2026-05-07T12:58:13.060738"}}
{"prev_hash": "a5ee8358a7fad081ebce07fe51fd826ed8909127119fd3b74502f51368a56c6a", "data": {"tx_id": "TXN-0ED12054", "student_id": "STU15818", "amount": 152000.0, "channel": "Bank", "timestamp": "2026-05-06T16:32:13.060738"}}
{"prev_hash": "5a3f628306d6de50d2eb1aad8218719df86d4c7b944b680552a22fe3935f4d27", "data": {"tx_id": "TXN-892BB55E", "student_id": "STU73618", "amount": 481000.0, "channel": "Bank", "timestamp": "2026-05-05T11:38:13.060738"}}
{"prev_hash": "071069f884db249ca1b7f6ef576f894437d3cf39046b8efbf08fd1ecf2f147a4", "data": {"tx_id": "TXN-277D0992", "student_id": "STU31866", "amount": 233000.0, "channel": "Bank", "timestamp": "2026-05-07T19:44:13.060738"}}
{"prev_hash": "019377f92b404a0b625f814e7776075b79c4ba49c7e7b90fea1ca5754cc73373", "data": {"tx_id": "TXN-6B9FA009", "student_id": "STU97856", "amount": 136000.0, "channel": "Bank", "timestamp": "2026-05-06T10:56:13.060738"}}
{"prev_hash": "3bac6f4c634d31ae03809a42f34468b44de8d104a941b3838a37be59dfded9dd", "data": {"tx_id": "TXN-F5C869AC", "student_id": "STU75517", "amount": 487000.0, "channel": "Bank", "timestamp": "2026-05-09T23:36:13.060738"}}
{"prev_hash": "5d151aa04f94a4f29a00a245d4fe6c9c3e1554cd44ea6521a1d3c4cc02180e56", "data": {"tx_id": "TXN-526000D9", "student_id": "STU97683", "amount": 276000.0, "channel": "Bank", "timestamp": "2026-05-08T03:22:13.060738"}}
{"prev_hash": "0d6026b7a802a737d0f7d8967b06b7975eaef17b4cff6e34e1f7b7876eb2c143", "data": {"tx_id": "TXN-31E05EC9", "student_id": "STU46668", "amount": 217000.0, "channel": "Wallet", "timestamp": "2026-05-10T10:38:13.060738"}}
{"prev_hash": "fbb171b10e682f551c52750a9b8e7d3141e80696739a6cb45b332db067a0ad4f", "data": {"tx_id": "TXN-1EC432E2", "student_id": "STU59063", "amount": 439000.0, "channel": "Bank", "timestamp": "2026-05-08T20:54:13.060738"}}
{"prev_hash": "6b1e3eba8affd612d6c0ed5b9e0aa6c415d8753983879bb3ffcd938380d6168a", "data": {"tx_id": "TXN-8CEBBA53", "student_id": "STU14886", "amount": 335000.0, "channel": "Bank", "timestamp": "2026-05-07T14:11:13.060738"}}
{"prev_hash": "2b255e8892e9822d93830766479392e4aaf950c7dce25fe6ca87273051ddb820", "data": {"tx_id": "TXN-B2622E61", "student_id": "STU93907", "amount": 254000.0, "channel": "Wallet", "timestamp": "2026-05-10T11:04:13.060738"}}
{"prev_hash": "7f8c00e8016f06dce644d12e80a4840235cb63fa7211c11fc90c17ba9c400b57", "data": {"tx_id": "TXN-0F9DD170", "student_id": "STU56420", "amount": 444000.0, "channel": "Wallet", "timestamp": "2026-05-04T21:51:13.060738"}}
{"prev_hash": "c283a5fbe0b82df0d06c33b59e8c511ddcc3ed545e7664c24b4d3f6ac97b1e38", "data": {"tx_id": "TXN-99A78416", "student_id": "STU56673", "amount": 276000.0, "channel": "Bank", "timestamp": "2026-05-08T14:00:13.060738"}}
{"prev_hash": "dd3ee69b6294e04d2b1550d7bc580522e099f4243e65284a1d463e3c2b9169e2", "data": {"tx_id": "TXN-43C433F7", "student_id": "STU92130", "amount": 79000.0, "channel": "Bank", "timestamp": "2026-05-09T10:05:13.060738"}}
{"prev_hash": "625e4fe3f40090de72b6524eadccc149d720834e367f187470a8f3c778bacc05", "data": {"tx_id": "TXN-48AEAD8D", "student_id": "STU31576", "amount": 270000.0, "channel": "Wallet", "timestamp": "2026-05-06T13:48:13.060738"}}
{"prev_hash": "3219a1413b8e361ca784ca1217d0d3a6370b84985dde416f5c5d3c8fad3f5e28", "data": {"tx_id": "TXN-302CF0F4", "student_id": "STU97998", "amount": 142000.0, "channel": "Bank", "timestamp": "2026-05-11T02:11:13.060738"}}
{"prev_hash": "c55d68fc3a32612a180e277946169ffcc2ba57932bb9ab4931fd37332ef380d2", "data": {"tx_id": "TXN-76ED4952", "student_id": "STU67785", "amount": 304000.0, "channel": "Bank", "timestamp": "2026-05-09T20:07:13.060738"}}
{"prev_hash": "a83431d8fcf0a92b7ea2c92d3c19d0f9c7612a25eb843c2184724f30d7b089b9", "data": {"tx_id": "TXN-09A554D3", "student_id": "STU49365", "amount": 446000.0, "channel": "Bank", "timestamp": "2026-05-06T15:23:13.060738"}}
{"prev_hash": "fb6b55a4e69daa12d736a320c1ed46bbeed939180237051988f10da8a2f97a8d", "data": {"tx_id": "TXN-A2F1E0A2", "student_id": "STU26158", "amount": 108000.0, "channel": "Wallet", "timestamp": "2026-05-11T07:42:13.060738"}}
{"prev_hash": "cfdc73789317be0a5b5f3ffca0cfef5a95aaa14c0e3d57946102aaf01b7b3286", "data": {"tx_id": "TXN-2DB94CD1", "student_id": "STU59273", "amount": 185000.0, "channel": "Bank", "timestamp": "2026-05-06T02:59:13.060738"}}
{"prev_hash": "c53cbf6a510b820fdc59d3dd5fadccb08ec402555ae0565c585793236228ef8c", "data": {"tx_id": "TXN-9AF47831", "student_id": "STU80387", "amount": 414000.0, "channel": "Bank", "timestamp": "2026-05-05T18:49:13.060738"}}
{"prev_hash": "7e100cab7960cf72bcb92418892a12ece24e51ab27220be04f5dd69fcfff8b2e", "data": {"tx_id": "TXN-5F442957", "student_id": "STU38937", "amount": 471000.0, "channel": "Wallet", "timestamp": "2026-05-07T09:10:13.060738"}}
{"prev_hash": "adaa3719c978ed3818af57595a40bf6958e72603564f1e9d28dff138b95fa130", "data": {"tx_id": "TXN-717B7747", "student_id": "STU50518", "amount": 382000.0, "channel": "Wallet", "timestamp": "2026-05-08T01:48:13.060738"}}
{"prev_hash": "35db1faaac93a31409e6cff7dbc4b948204813adf1d26b2e7bd74c7dbeddaa15", "data": {"tx_id": "TXN-5BEBB4BA", "student_id": "STU92490", "amount": 491000.0, "channel": "Bank", "timestamp": "2026-05-09T06:41:13.060738"}}
{"prev_hash": "76b469c9914c66c121eb880d6d64dafc3437737b95b48f0c1cd0dd66344950e3", "data": {"tx_id": "TXN-8919B35F", "student_id": "STU77162", "amount": 68000.0, "channel": "Wallet", "timestamp": "2026-05-08T02:19:13.060738"}}
{"prev_hash": "c9690cc53dc75d562f078f84e4642dd9708618b903984e7a0350ef95840c4aab", "data": {"tx_id": "TXN-9FB6ED11", "student_id": "STU79037", "amount": 321000.0, "channel": "Bank", "timestamp": "2026-05-07T15:00:13.060738"}}
{"prev_hash": "9cb526cddbc862f8d9d34882f35c33d092d9679fbe3af8f65101f27d6650641d", "data": {"tx_id": "TXN-9FDAAB45", "student_id": "STU21341", "amount": 239000.0, "channel": "Bank", "timestamp": "2026-05-08T21:17:13.060738"}}
{"prev_hash": "4e06c318d33bef4479b95ccfc9121db5aa293332a69baa80a4a27a71b22b12f1", "data": {"tx_id": "TXN-CFDCB6CC", "student_id": "STU73156", "amount": 260000.0, "channel": "Wallet", "timestamp": "2026-05-08T16:39:13.060738"}}
{"prev_hash": "476811b3f01a29260244a656eb274fd5e23a29401f72a2c9eb1c6f3183d1f9c1", "data": {"tx_id": "TXN-D1601FF1", "student_id": "STU69659", "amount": 88000.0, "channel": "Wallet", "timestamp": "2026-05-11T19:35:13.060738"}}
{"prev_hash": "116b354489356e33afdb6869169a9faed737c4fd57c7e1f5f0abd5137842c704", "data": {"tx_id": "TXN-78E817B6", "student_id": "STU87228", "amount": 82000.0, "channel": "Bank", "timestamp": "2026-05-10T03:30:13.060738"}}
{"prev_hash": "ebaecab220ad6f1183f3a10bf02f7d754adff0a0fb1649a8e944423465599167", "data": {"tx_id": "TXN-ADE42F91", "student_id": "STU15799", "amount": 459000.0, "channel": "Bank", "timestamp": "2026-05-06T19:40:13.060738"}}
{"prev_hash": "b8b441744b567842b062b74bfe1eb7300e2c31d1835455705c5ee108443909ed", "data": {"tx_id": "TXN-6AB14817", "student_id": "STU40445", "amount": 306000.0, "channel": "Bank", "timestamp": "2026-05-10T13:21:13.060738"}}
{"prev_hash": "764bffd47b5339b27f09d52cec58548866b3f454b98aee186ac5902cdd3beb95", "data": {"tx_id": "TXN-81B38EB6", "student_id": "STU10101", "amount": 473000.0, "channel": "Wallet", "timestamp": "2026-05-09T06:37:13.060738"}}
{"prev_hash": "320f215fce0c096134ed0de26f1eed5da45626fdf9064af2bfb563adb6c22f6d", "data": {"tx_id": "TXN-02E6375B", "student_id": "STU95612", "amount": 435000.0, "channel": "Bank", "timestamp": "2026-05-05T20:06:13.060738"}}
{"prev_hash": "d7da71d03865e43ffb4501959acef8e84f1302ae6af655fd1c2485991c33ff6a", "data": {"tx_id": "TXN-91A08CC3", "student_id": "STU95349", "amount": 183000.0, "channel": "Bank", "timestamp": "2026-05-10T05:32:13.060738"}}
{"prev_hash": "c8f59ce8ae2eec08b3c4b1cf5b16801587da1802dc7ad0668e2246ccb7041f2f", "data": {"tx_id": "TXN-1C0708DD", "student_id": "STU45080", "amount": 270000.0, "channel": "Wallet", "timestamp": "2026-05-05T03:13:13.060738"}}
{"prev_hash": "e3ee3db5bc76ed4ad242a891838911d29ef0902e9fee2cf063fcbb255cbe0f39", "data": {"tx_id": "TXN-740E01FC", "student_id": "STU38219", "amount": 59000.0, "channel": "Bank", "timestamp": "2026-05-05T02:42:13.060738"}}
{"prev_hash": "3503755c434806342fdc7478e585a9efc0a735167c94a003cfcf46456b8a57ec", "data": {"tx_id": "TXN-D0149088", "student_id": "STU17878", "amount": 131000.0, "channel": "Bank", "timestamp": "2026-05-08T02:28:13.060738"}}
{"prev_hash": "ca54adce2fd0d4a394b2787ffd25eacd36aa32890b5d5176bddf1c1613aa8bb6", "data": {"tx_id": "TXN-D6882C59", "student_id": "STU18537", "amount": 461000.0, "channel": "Wallet", "timestamp": "2026-05-06T14:03:13.060738"}}
{"prev_hash": "8a2d7bc95f75df6a7ace90b1462880badbf490f238bd8a230d92dc9f0247739e", "data": {"tx_id": "TXN-9FEB1470", "student_id": "STU66626", "amount": 410000.0, "channel": "Wallet", "timestamp": "2026-05-08T20:08:13.060738"}}
{"prev_hash": "a811f109cec4b0612e528eac3f1055f9691c42dcea667017cb560924a9cad5bb", "data": {"tx_id": "TXN-0B6FFC32", "student_id": "STU88604", "amount": 52000.0, "channel": "Wallet", "timestamp": "2026-05-11T19:28:13.060738"}}
{"prev_hash": "144968aac66540cd5a9f042b2cd778dca45677e409f552918671980cbd20dc8a", "data": {"tx_id": "TXN-349E6D01", "student_id": "STU22255", "amount": 189000.0, "channel": "Wallet", "timestamp": "2026-05-09T20:14:13.060738"}}
{"prev_hash": "8f4e635c4a713a7e59feac0c2099cd093dfac25c32e4c0dd18bcaa6250b49fe4", "data": {"tx_id": "TXN-118E4EF4", "student_id": "STU35020", "amount": 256000.0, "channel": "Bank", "timestamp": "2026-05-09T10:17:13.060738"}}
{"prev_hash": "15be5de5dfa0cba0f3b391e45f2884c577c4c29d95e831d754b1df86f2fd1a26", "data": {"tx_id": "TXN-DB308215", "student_id": "STU95747", "amount": 460000.0, "channel": "Bank", "timestamp": "2026-05-08T10:09:13.060738"}}
{"prev_hash": "bbc696b903e2fb78a136980ef5b377cb4f960d2b2d077cea8bcefabbd8d8660f", "data": {"tx_id": "TXN-B9B1FA41", "student_id": "STU47537", "amount": 171000.0, "channel": "Wallet", "timestamp": "2026-05-06T12:45:13.060738"}}
{"prev_hash": "4030eb73b65d63e4bd4f44f4e052a655a0f7f1200b75018f943777e47d7dcbc4", "data": {"tx_id": "TXN-0652CFB4", "student_id": "STU27054", "amount": 94000.0, "channel": "Wallet", "timestamp": "2026-05-07T20:50:13.060738"}}
{"prev_hash": "12edda8d2f340959e0b19995e36e2fd26b3aea71b4478a93f1d3f9b4afad68e3", "data": {"tx_id": "TXN-64401C27", "student_id": "STU61392", "amount": 306000.0, "channel": "Wallet", "timestamp": "2026-05-10T05:03:13.060738"}}
{"prev_hash": "31b58220b86b6e42504bb4912ecca228766864ba6a0d9f614834293880adf394", "data": {"tx_id": "TXN-EB3B2839", "student_id": "STU49647", "amount": 478000.0, "channel": "Bank", "timestamp": "2026-05-05T12:40:13.060738"}}
{"prev_hash": "eb695fd43fcfa7ffb5dfd7441f9635593073ac0c005328a91e1c822ef6dc8bfa", "data": {"tx_id": "TXN-747F9019", "student_id": "STU15903", "amount": 385000.0, "channel": "Bank", "timestamp": "2026-05-07T08:28:13.060738"}}
{"prev_hash": "84fbf5bbfe5440ca35c4db9a9716255b8d09489bd8923b04ef4f25caab8aad7b", "data": {"tx_id": "TXN-9CD8D799", "student_id": "STU61129", "amount": 308000.0, "channel": "Wallet", "timestamp": "2026-05-09T19:33:13.060738"}}
{"prev_hash": "798e953d7fb015062fed8e1ce3b2dfde05517601b57f67eb63b271576cde7e88", "data": {"tx_id": "TXN-C262E83E", "student_id": "STU59387", "amount": 402000.0, "channel": "Wallet", "timestamp": "2026-05-06T11:10:13.060738"}}
{"prev_hash": "29bf07462620152c2ed560b15168206a6f2166e39257b2b336508fe362149f2e", "data": {"tx_id": "TXN-08F80158", "student_id": "STU85621", "amount": 490000.0, "channel": "Bank", "timestamp": "2026-05-08T20:00:13.060738"}}
{"prev_hash": "f5527eb694dc56ffd7851e4e2f64f80ce0bf681efc19fda919a45aab70313667", "data": {"tx_id": "TXN-D8AEE252", "student_id": "STU81587", "amount": 74000.0, "channel": "Bank", "timestamp": "2026-05-06T04:36:13.060738"}}
{"prev_hash": "b16d6d89c005a411f6dec7840444c8936fd991293a43661722454ef792f6a677", "data": {"tx_id": "TXN-A6121B86", "student_id": "STU13440", "amount": 479000.0, "channel": "Bank", "timestamp": "2026-05-10T00:42:13.060738"}}
{"prev_hash": "84dcbbf8451b83f6cc983e7c40c698db32cca7e563f51aa664a70c07dffac772", "data": {"tx_id": "TXN-C058ED18", "student_id": "STU26858", "amount": 310000.0, "channel": "Bank", "timestamp": "2026-05-09T19:01:13.060738"}}
{"prev_hash": "99939f870259912b27ce6ce5f1d108f982b24507145eee6162a72b142938b6dd", "data": {"tx_id": "TXN-FE930C97", "student_id": "STU76933", "amount": 341000.0, "channel": "Bank", "timestamp": "2026-05-10T14:01:13.060738"}}
{"prev_hash": "8ad9831e17531c77a12e03e7988fecf8a73aa3426931ab739e6d3019fd120d10", "data": {"tx_id": "TXN-F347303B", "student_id": "STU56576", "amount": 488000.0, "channel": "Wallet", "timestamp": "2026-05-11T07:42:13.060738"}}
{"prev_hash": "ab9bf87b742e4f88dc395d23de987b1c56788f37bb6be54ff13bd82b41ef6d64", "data": {"tx_id": "TXN-33EAF97A", "student_id": "STU92676", "amount": 416000.0, "channel": "Bank", "timestamp": "2026-05-10T02:33:13.060738"}}
{"prev_hash": "046c7b2cfe7a5aa8ecf09f252ab1783f66bbc0b1a174843235c8ac4a667ade59", "data": {"tx_id": "TXN-EB974EED", "student_id": "STU14700", "amount": 383000.0, "channel": "Bank", "timestamp": "2026-05-05T07:44:13.060738"}}
{"prev_hash": "5bcf15557020e52f3423826db9049a61179241510fa83efdb9bd11b7c601f765", "data": {"tx_id": "TXN-DE895AEA", "student_id": "STU98766", "amount": 100000.0, "channel": "Bank", "timestamp": "2026-05-09T09:42:13.060738"}}
{"prev_hash": "e7adca6e75bdafe6cbaba7462efe956de45e92b81c19c38eff51be081139d07f", "data": {"tx_id": "TXN-BD372D02", "student_id": "STU24517", "amount": 265000.0, "channel": "Bank", "timestamp": "2026-05-07T18:41:13.060738"}}
{"prev_hash": "c9ebc3e9a806b34a2a4c58529395bc47a27b47fe4d1c124d25019692ce14b45d", "data": {"tx_id": "TXN-CB90320A", "student_id": "STU92306", "amount": 144000.0, "channel": "Bank", "timestamp": "2026-05-05T08:23:13.060738"}}
{"prev_hash": "4c4b036398afa7871411058f206a05e7a89504a8dc10911c090de8efcae8fd17", "data": {"tx_id": "TXN-F3FDBA1C", "student_id": "STU23948", "amount": 262000.0, "channel": "Bank", "timestamp": "2026-05-06T13:44:13.060738"}}
{"prev_hash": "17fb7aad9d453ddfcde20dd71d5f318b781c74431e21f24f263917c21f154f2f", "data": {"tx_id": "TXN-C56B78A9", "student_id": "STU23670", "amount": 271000.0, "channel": "Wallet", "timestamp": "2026-05-10T22:08:13.060738"}}
{"prev_hash": "6addcc8cdaffa7d6547fc8a4202dac080830aa79df1a947f09480029132e0b9d", "data": {"tx_id": "TXN-6F11601C", "student_id": "STU24938", "amount": 64000.0, "channel": "Bank", "timestamp": "2026-05-08T18:50:13.060738"}}
{"prev_hash": "dd2e4de0d1f6c1a4a55ca00778a1c148c2fca42fee15c7961f57e78f8403cafa", "data": {"tx_id": "TXN-B5F8BF2E", "student_id": "STU39965", "amount": 193000.0, "channel": "Wallet", "timestamp": "2026-05-11T17:23:13.060738"}}
{"prev_hash": "9d592b3e3ce8f6ac6f8885e2f97ea00032fef3729132e5c2c9bd2310b0dc7683", "data": {"tx_id": "TXN-57989196", "student_id": "STU76304", "amount": 445000.0, "channel": "Bank", "timestamp": "2026-05-11T13:06:13.060738"}}
{"prev_hash": "1a00d2914305e52906779bd2767aa374563cd5e04781368fdab6645466b59688", "data": {"tx_id": "TXN-B6EC9265", "student_id": "STU34352", "amount": 61000.0, "channel": "Bank", "timestamp": "2026-05-05T12:24:13.060738"}}
{"prev_hash": "9eb88a6836f3b891f48e32ddf164c28b6670a8532538df15ec6b6bc1892d55d0", "data": {"tx_id": "TXN-BFBCA609", "student_id": "STU34208", "amount": 276000.0, "channel": "Bank", "timestamp": "2026-05-09T01:46:13.060738"}}
{"prev_hash": "bcf959c03754b0661658780cc54523820c3a280e3bbcdc866a9ada27fc953045", "data": {"tx_id": "TXN-467593F4", "student_id": "STU50826", "amount": 392000.0, "channel": "Bank", "timestamp": "2026-05-05T15:10:13.060738"}}
{"prev_hash": "a323a1bcbf746eed1b05c305a036c18e78e3baa57eb09adcc1460813408853fe", "data": {"tx_id": "TXN-7016E4B9", "student_id": "STU18583", "amount": 392000.0, "channel": "Bank", "timestamp": "2026-05-08T02:16:13.060738"}}
{"prev_hash": "1d76f921a494e80455fcb14cd78d7d5d1ff9b4f900a1e0b3a2ddaf229058554b", "data": {"tx_id": "TXN-897E7CF4", "student_id": "STU58211", "amount": 495000.0, "channel": "Wallet", "timestamp": "2026-05-09T14:34:13.060738"}}
{"prev_hash": "bfea0b7cf69d4f266a0ebb3fcc08de5be4eacb690fc5a9756adec79c88bf3095", "data": {"tx_id": "TXN-0A8E5281", "student_id": "STU99840", "amount": 475000.0, "channel": "Wallet", "timestamp": "2026-05-10T09:28:13.060738"}}
{"prev_hash": "bf0f03232e9c7eb0cb59f5df132f2faea49c95232d1df7cbffed7ef6bb563598", "data": {"tx_id": "TXN-F639F7B1", "student_id": "STU99496", "amount": 431000.0, "channel": "Bank", "timestamp": "2026-05-07T15:34:13.060738"}}
{"prev_hash": "1279c07bb3c6f12306db83ff1ac64f5779585e5cae77e23091887456431a646d", "data": {"tx_id": "TXN-FBF231A0", "student_id": "STU59379", "amount": 137000.0, "channel": "Wallet", "timestamp": "2026-05-06T17:53:13.060738"}}
{"prev_hash": "dcd97eb39a88a0b9b3d5ed496d5d5290a7e4b9226057d1b0ccc73f1fbaf17450", "data": {"tx_id": "TXN-310A2433", "student_id": "STU13657", "amount": 276000.0, "channel": "Wallet", "timestamp": "2026-05-05T06:22:13.060738"}}
{"prev_hash": "fe0b511c5e61d57ec14ceb1c80be7190352c85e7cdf3a47e1a929365c02bca7c", "data": {"tx_id": "TXN-6E1E22EA", "student_id": "STU84526", "amount": 360000.0, "channel": "Bank", "timestamp": "2026-05-05T09:22:13.060738"}}
{"prev_hash": "1a02216ef42728410fdce163554da94d785430206e562a56ced58a368966c43f", "data": {"tx_id": "TXN-18A6CB62", "student_id": "STU74144", "amount": 473000.0, "channel": "Bank", "timestamp": "2026-05-10T00:24:13.060738"}}
{"prev_hash": "fa333d247180ba8ce88e7473c22a417b1ff78d4b86745251b4c19dded46c67c1", "data": {"tx_id": "TXN-DF4F1D98", "student_id": "STU73545", "amount": 394000.0, "channel": "Wallet", "timestamp": "2026-05-11T08:52:13.060738"}}
{"prev_hash": "2eadfb16ddc5469bf42bfda1d1b1e3419cffc6c172730fefd73fa19a2d6d09e5", "data": {"tx_id": "TXN-327AD0C1", "student_id": "STU31499", "amount": 400000.0, "channel": "Wallet", "timestamp": "2026-05-06T10:47:13.060738"}}
{"prev_hash": "9b37ba3eefb5766b1d29f9148281870e9df84ba838b9dbc36ee32b76c212c110", "data": {"tx_id": "TXN-660785B5", "student_id": "STU34495", "amount": 244000.0, "channel": "Bank", "timestamp": "2026-05-05T16:32:13.060738"}}
{"prev_hash": "ae7b04d84da21a0c836992b72ae3ef37c7bdff84daf052ccc9568ebf02a5a350", "data": {"tx_id": "TXN-37B191E6", "student_id": "STU95451", "amount": 53000.0, "channel": "Bank", "timestamp": "2026-05-06T05:55:13.060738"}}
{"prev_hash": "6966d21b911ebe4c6c73ff7fdb3f1d997c6ee66a9171916504ee979a7387f7db", "data": {"tx_id": "TXN-5AB2E66B", "student_id": "STU65323", "amount": 253000.0, "channel": "Bank", "timestamp": "2026-05-07T17:44:13.060738"}}
{"prev_hash": "aed6c15e2abbc812edf0fc7e4cab29c6653b678a0f23e03f1b219f72a32cccdc", "data": {"tx_id": "TXN-D533F962", "student_id": "STU26889", "amount": 446000.0, "channel": "Wallet", "timestamp": "2026-05-08T19:10:13.060738"}}
{"prev_hash": "0fca760933114800f78d45eac15e1cb84297260d19a2b7c1d799006c33f3ae3c", "data": {"tx_id": "TXN-45904700", "student_id": "STU19405", "amount": 302000.0, "channel": "Bank", "timestamp": "2026-05-09T17:55:13.060738"}}
{"prev_hash": "c4c7126a95a0ca30c02fdd9aa3b56a31edbb77e2141f6bf1202dc004898dc467", "data": {"tx_id": "TXN-9C79DD33", "student_id": "STU49875", "amount": 463000.0, "channel": "Wallet", "timestamp": "2026-05-09T01:30:13.060738"}}
{"prev_hash": "ff8464952a8fd75894c9772cc33565ea7c9978f05adc24e0c64c9c76542df22b", "data": {"tx_id": "TXN-B417A64D", "student_id": "STU72312", "amount": 487000.0, "channel": "Bank", "timestamp": "2026-05-10T12:28:13.060738"}}
{"prev_hash": "b5c7c64694c8667925cbf0194c46dc74e5aaf2831a5a8537b5eb969bcb6f812e", "data": {"tx_id": "TXN-CC4BF730", "student_id": "STU13153", "amount": 405000.0, "channel": "Bank", "timestamp": "2026-05-09T14:03:13.060738"}}
{"prev_hash": "16534e64642365c51374a6bff98afe05106842ad8a5dfa16675a1acfbda64bf2", "data": {"tx_id": "TXN-EF055D0C", "student_id": "STU83687", "amount": 345000.0, "channel": "Bank", "timestamp": "2026-05-08T07:59:13.060738"}}
{"prev_hash": "20f526e19db963301cc2dfe80ad1d53f0d0d175bb0efce702b3b32e02b1b8cca", "data": {"tx_id": "TXN-689D9718", "student_id": "STU97175", "amount": 401000.0, "channel": "Wallet", "timestamp": "2026-05-07T01:57:13.060738"}}
{"prev_hash": "6afae4ba8267c2f2315bc6dc7385e1549300710fdf9e867f013a4ed2e0ba9499", "data": {"tx_id": "TXN-27AD2541", "student_id": "STU29671", "amount": 58000.0, "channel": "Wallet", "timestamp": "2026-05-08T04:41:13.060738"}}
{"prev_hash": "03eb7ec8d74fb79e31b90dc8987852ce1ec38abce9fa57a9602df84c5cfcfdee", "data": {"tx_id": "TXN-E1F211C0", "student_id": "STU91791", "amount": 214000.0, "channel": "Wallet", "timestamp": "2026-05-09T21:09:13.060738"}}
{"prev_hash": "0fca9ddf3b041dc4c41ea1247274a15c9ad5f5c50af6829e30c33d72b09e6761", "data": {"tx_id": "TXN-90348378", "student_id": "STU57902", "amount": 459000.0, "channel": "Wallet", "timestamp": "2026-05-08T03:08:13.060738"}}
{"prev_hash": "8e38f6e9a501029a76e51d2a93aac71d0e09fe93e308864a1f5f40e5cb253231", "data": {"tx_id": "TXN-91C5D2AA", "student_id": "STU57792", "amount": 340000.0, "channel": "Bank", "timestamp": "2026-05-07T22:32:13.060738"}}
{"prev_hash": "027a2ec64677cfcd40f6038bad547fe1ddde7ce7f05a0cd76aa42af7aedd08a6", "data": {"tx_id": "TXN-F1ADA3DF", "student_id": "STU25999", "amount": 493000.0, "channel": "Bank", "timestamp": "2026-05-10T20:12:13.060738"}}
{"prev_hash": "a7efc24eb62653c81d0d1fd5b478c696e5a81388741bca8695c0bcb459b300ac", "data": {"tx_id": "TXN-D3DD5422", "student_id": "STU32152", "amount": 167000.0, "channel": "Wallet", "timestamp": "2026-05-07T01:34:13.060738"}}
{"prev_hash": "8bae61dda75f78060cc8a4bd36c18042094bac715a8bbeca9338ea7672bc96a1", "data": {"tx_id": "TXN-C9EA5A65", "student_id": "STU39562", "amount": 50000.0, "channel": "Bank", "timestamp": "2026-05-04T23:18:13.060738"}}
{"prev_hash": "a3dd7f324d7bba1e991e238e5e752a7d756cc68b58adcb5003ea565233656b68", "data": {"tx_id": "TXN-693CC400", "student_id": "STU58967", "amount": 305000.0, "channel": "Bank", "timestamp": "2026-05-05T14:06:13.060738"}}
{"prev_hash": "b0738fcd20389c21b4d660064bec5538d58ba2606f9dc6716ae175dd10fccd55", "data": {"tx_id": "TXN-FBA50AFC", "student_id": "STU49129", "amount": 492000.0, "channel": "Bank", "timestamp": "2026-05-11T14:55:13.060738"}}
{"prev_hash": "63bb2957f700442774326ef2bc2f706b2bcad01ea43a95a98e06e123a5047faf", "data": {"tx_id": "TXN-6B42A299", "student_id": "STU95364", "amount": 491000.0, "channel": "Wallet", "timestamp": "2026-05-06T11:17:13.060738"}}
{"prev_hash": "3513aced9bdd4b0baf8eb25135f6b891c402892ca3daaaf4f330b19fd9a592b9", "data": {"tx_id": "TXN-A6B8F87B", "student_id": "STU51587", "amount": 277000.0, "channel": "Bank", "timestamp": "2026-05-10T17:48:13.060738"}}
{"prev_hash": "0f274410d37a0526b8187fb05717c19115d2f49d8c2ae2e1c94deee1abd93a09", "data": {"tx_id": "TXN-A64B077A", "student_id": "STU17035", "amount": 372000.0, "channel": "Wallet", "timestamp": "2026-05-08T10:13:13.060738"}}
{"prev_hash": "c40e8d41fa6e9c950c81acc5dd554b3f1429560d46077415ba49ff72557c515c", "data": {"tx_id": "TXN-79892F1C", "student_id": "STU74501", "amount": 310000.0, "channel": "Bank", "timestamp": "2026-05-06T21:11:13.060738"}}
